Phase,GW_kg,FL_ft,CI,ISA_dev_C,Mach,FuelFlow_kgph
CRUISE,160000,25000,0,-20,0.612,4688.3
CRUISE,160000,25000,0,-15,0.612,4712.2
CRUISE,160000,25000,0,-10,0.612,4736.2
CRUISE,160000,25000,0,-5,0.612,4760.1
CRUISE,160000,25000,0,0,0.612,4784
CRUISE,160000,25000,0,5,0.612,4807.9
CRUISE,160000,25000,0,10,0.612,4831.8
CRUISE,160000,25000,0,15,0.612,4855.8
CRUISE,160000,25000,0,20,0.612,4879.7
CRUISE,160000,25000,10,-20,0.6244,4979.1
CRUISE,160000,25000,10,-15,0.6244,5004.5
CRUISE,160000,25000,10,-10,0.6244,5029.9
CRUISE,160000,25000,10,-5,0.6244,5055.3
CRUISE,160000,25000,10,0,0.6244,5080.7
CRUISE,160000,25000,10,5,0.6244,5106.1
CRUISE,160000,25000,10,10,0.6244,5131.5
CRUISE,160000,25000,10,15,0.6244,5156.9
CRUISE,160000,25000,10,20,0.6244,5182.3
CRUISE,160000,25000,20,-20,0.6368,5281.7
CRUISE,160000,25000,20,-15,0.6368,5308.6
CRUISE,160000,25000,20,-10,0.6368,5335.6
CRUISE,160000,25000,20,-5,0.6368,5362.5
CRUISE,160000,25000,20,0,0.6368,5389.5
CRUISE,160000,25000,20,5,0.6368,5416.4
CRUISE,160000,25000,20,10,0.6368,5443.4
CRUISE,160000,25000,20,15,0.6368,5470.3
CRUISE,160000,25000,20,20,0.6368,5497.3
CRUISE,160000,25000,30,-20,0.6492,5596.3
CRUISE,160000,25000,30,-15,0.6492,5624.8
CRUISE,160000,25000,30,-10,0.6492,5653.4
CRUISE,160000,25000,30,-5,0.6492,5681.9
CRUISE,160000,25000,30,0,0.6492,5710.5
CRUISE,160000,25000,30,5,0.6492,5739
CRUISE,160000,25000,30,10,0.6492,5767.6
CRUISE,160000,25000,30,15,0.6492,5796.1
CRUISE,160000,25000,30,20,0.6492,5824.7
CRUISE,160000,25000,40,-20,0.6616,5923.1
CRUISE,160000,25000,40,-15,0.6616,5953.3
CRUISE,160000,25000,40,-10,0.6616,5983.5
CRUISE,160000,25000,40,-5,0.6616,6013.8
CRUISE,160000,25000,40,0,0.6616,6044
CRUISE,160000,25000,40,5,0.6616,6074.2
CRUISE,160000,25000,40,10,0.6616,6104.4
CRUISE,160000,25000,40,15,0.6616,6134.6
CRUISE,160000,25000,40,20,0.6616,6164.9
CRUISE,160000,25000,50,-20,0.674,6262.4
CRUISE,160000,25000,50,-15,0.674,6294.4
CRUISE,160000,25000,50,-10,0.674,6326.3
CRUISE,160000,25000,50,-5,0.674,6358.3
CRUISE,160000,25000,50,0,0.674,6390.2
CRUISE,160000,25000,50,5,0.674,6422.2
CRUISE,160000,25000,50,10,0.674,6454.1
CRUISE,160000,25000,50,15,0.674,6486.1
CRUISE,160000,25000,50,20,0.674,6518
CRUISE,160000,25000,60,-20,0.6864,6614.5
CRUISE,160000,25000,60,-15,0.6864,6648.2
CRUISE,160000,25000,60,-10,0.6864,6682
CRUISE,160000,25000,60,-5,0.6864,6715.7
CRUISE,160000,25000,60,0,0.6864,6749.5
CRUISE,160000,25000,60,5,0.6864,6783.2
CRUISE,160000,25000,60,10,0.6864,6816.9
CRUISE,160000,25000,60,15,0.6864,6850.7
CRUISE,160000,25000,60,20,0.6864,6884.4
CRUISE,160000,25000,70,-20,0.6988,6979.5
CRUISE,160000,25000,70,-15,0.6988,7015.1
CRUISE,160000,25000,70,-10,0.6988,7050.7
CRUISE,160000,25000,70,-5,0.6988,7086.3
CRUISE,160000,25000,70,0,0.6988,7121.9
CRUISE,160000,25000,70,5,0.6988,7157.5
CRUISE,160000,25000,70,10,0.6988,7193.1
CRUISE,160000,25000,70,15,0.6988,7228.7
CRUISE,160000,25000,70,20,0.6988,7264.3
CRUISE,160000,25000,80,-20,0.7112,7357.6
CRUISE,160000,25000,80,-15,0.7112,7395.2
CRUISE,160000,25000,80,-10,0.7112,7432.7
CRUISE,160000,25000,80,-5,0.7112,7470.3
CRUISE,160000,25000,80,0,0.7112,7507.8
CRUISE,160000,25000,80,5,0.7112,7545.3
CRUISE,160000,25000,80,10,0.7112,7582.9
CRUISE,160000,25000,80,15,0.7112,7620.4
CRUISE,160000,25000,80,20,0.7112,7657.9
CRUISE,160000,25000,90,-20,0.7236,7749.2
CRUISE,160000,25000,90,-15,0.7236,7788.8
CRUISE,160000,25000,90,-10,0.7236,7828.3
CRUISE,160000,25000,90,-5,0.7236,7867.8
CRUISE,160000,25000,90,0,0.7236,7907.4
CRUISE,160000,25000,90,5,0.7236,7946.9
CRUISE,160000,25000,90,10,0.7236,7986.5
CRUISE,160000,25000,90,15,0.7236,8026
CRUISE,160000,25000,90,20,0.7236,8065.5
CRUISE,160000,25000,100,-20,0.736,8154.5
CRUISE,160000,25000,100,-15,0.736,8196.1
CRUISE,160000,25000,100,-10,0.736,8237.7
CRUISE,160000,25000,100,-5,0.736,8279.3
CRUISE,160000,25000,100,0,0.736,8320.9
CRUISE,160000,25000,100,5,0.736,8362.5
CRUISE,160000,25000,100,10,0.736,8404.1
CRUISE,160000,25000,100,15,0.736,8445.7
CRUISE,160000,25000,100,20,0.736,8487.3
CRUISE,160000,25000,110,-20,0.7484,8573.6
CRUISE,160000,25000,110,-15,0.7484,8617.4
CRUISE,160000,25000,110,-10,0.7484,8661.1
CRUISE,160000,25000,110,-5,0.7484,8704.9
CRUISE,160000,25000,110,0,0.7484,8748.6
CRUISE,160000,25000,110,5,0.7484,8792.3
CRUISE,160000,25000,110,10,0.7484,8836.1
CRUISE,160000,25000,110,15,0.7484,8879.8
CRUISE,160000,25000,110,20,0.7484,8923.6
CRUISE,160000,25000,120,-20,0.7608,9006.9
CRUISE,160000,25000,120,-15,0.7608,9052.8
CRUISE,160000,25000,120,-10,0.7608,9098.8
CRUISE,160000,25000,120,-5,0.7608,9144.7
CRUISE,160000,25000,120,0,0.7608,9190.7
CRUISE,160000,25000,120,5,0.7608,9236.6
CRUISE,160000,25000,120,10,0.7608,9282.6
CRUISE,160000,25000,120,15,0.7608,9328.6
CRUISE,160000,25000,120,20,0.7608,9374.5
CRUISE,160000,25000,130,-20,0.7732,9454.5
CRUISE,160000,25000,130,-15,0.7732,9502.7
CRUISE,160000,25000,130,-10,0.7732,9551
CRUISE,160000,25000,130,-5,0.7732,9599.2
CRUISE,160000,25000,130,0,0.7732,9647.4
CRUISE,160000,25000,130,5,0.7732,9695.7
CRUISE,160000,25000,130,10,0.7732,9743.9
CRUISE,160000,25000,130,15,0.7732,9792.2
CRUISE,160000,25000,130,20,0.7732,9840.4
CRUISE,160000,25000,140,-20,0.7856,9916.7
CRUISE,160000,25000,140,-15,0.7856,9967.3
CRUISE,160000,25000,140,-10,0.7856,10017.9
CRUISE,160000,25000,140,-5,0.7856,10068.5
CRUISE,160000,25000,140,0,0.7856,10119.1
CRUISE,160000,25000,140,5,0.7856,10169.7
CRUISE,160000,25000,140,10,0.7856,10220.3
CRUISE,160000,25000,140,15,0.7856,10270.9
CRUISE,160000,25000,140,20,0.7856,10321.5
CRUISE,160000,25000,150,-20,0.798,10393.7
CRUISE,160000,25000,150,-15,0.798,10446.8
CRUISE,160000,25000,150,-10,0.798,10499.8
CRUISE,160000,25000,150,-5,0.798,10552.8
CRUISE,160000,25000,150,0,0.798,10605.9
CRUISE,160000,25000,150,5,0.798,10658.9
CRUISE,160000,25000,150,10,0.798,10711.9
CRUISE,160000,25000,150,15,0.798,10764.9
CRUISE,160000,25000,150,20,0.798,10818
CRUISE,160000,25000,160,-20,0.8104,10885.8
CRUISE,160000,25000,160,-15,0.8104,10941.4
CRUISE,160000,25000,160,-10,0.8104,10996.9
CRUISE,160000,25000,160,-5,0.8104,11052.4
CRUISE,160000,25000,160,0,0.8104,11108
CRUISE,160000,25000,160,5,0.8104,11163.5
CRUISE,160000,25000,160,10,0.8104,11219.1
CRUISE,160000,25000,160,15,0.8104,11274.6
CRUISE,160000,25000,160,20,0.8104,11330.1
CRUISE,160000,25000,170,-20,0.8228,11393.2
CRUISE,160000,25000,170,-15,0.8228,11451.3
CRUISE,160000,25000,170,-10,0.8228,11509.5
CRUISE,160000,25000,170,-5,0.8228,11567.6
CRUISE,160000,25000,170,0,0.8228,11625.7
CRUISE,160000,25000,170,5,0.8228,11683.8
CRUISE,160000,25000,170,10,0.8228,11742
CRUISE,160000,25000,170,15,0.8228,11800.1
CRUISE,160000,25000,170,20,0.8228,11858.2
CRUISE,160000,25000,180,-20,0.8352,11916.1
CRUISE,160000,25000,180,-15,0.8352,11976.9
CRUISE,160000,25000,180,-10,0.8352,12037.7
CRUISE,160000,25000,180,-5,0.8352,12098.5
CRUISE,160000,25000,180,0,0.8352,12159.3
CRUISE,160000,25000,180,5,0.8352,12220.1
CRUISE,160000,25000,180,10,0.8352,12280.9
CRUISE,160000,25000,180,15,0.8352,12341.7
CRUISE,160000,25000,180,20,0.8352,12402.5
CRUISE,160000,25000,190,-20,0.8476,12454.8
CRUISE,160000,25000,190,-15,0.8476,12518.3
CRUISE,160000,25000,190,-10,0.8476,12581.9
CRUISE,160000,25000,190,-5,0.8476,12645.4
CRUISE,160000,25000,190,0,0.8476,12709
CRUISE,160000,25000,190,5,0.8476,12772.5
CRUISE,160000,25000,190,10,0.8476,12836
CRUISE,160000,25000,190,15,0.8476,12899.6
CRUISE,160000,25000,190,20,0.8476,12963.1
CRUISE,160000,25000,200,-20,0.86,13009.4
CRUISE,160000,25000,200,-15,0.86,13075.8
CRUISE,160000,25000,200,-10,0.86,13142.2
CRUISE,160000,25000,200,-5,0.86,13208.6
CRUISE,160000,25000,200,0,0.86,13274.9
CRUISE,160000,25000,200,5,0.86,13341.3
CRUISE,160000,25000,200,10,0.86,13407.7
CRUISE,160000,25000,200,15,0.86,13474.1
CRUISE,160000,25000,200,20,0.86,13540.4
CRUISE,160000,27000,0,-20,0.639,4676.6
CRUISE,160000,27000,0,-15,0.639,4700.4
CRUISE,160000,27000,0,-10,0.639,4724.3
CRUISE,160000,27000,0,-5,0.639,4748.1
CRUISE,160000,27000,0,0,0.639,4772
CRUISE,160000,27000,0,5,0.639,4795.9
CRUISE,160000,27000,0,10,0.639,4819.7
CRUISE,160000,27000,0,15,0.639,4843.6
CRUISE,160000,27000,0,20,0.639,4867.4
CRUISE,160000,27000,10,-20,0.6501,4923.4
CRUISE,160000,27000,10,-15,0.6501,4948.5
CRUISE,160000,27000,10,-10,0.6501,4973.6
CRUISE,160000,27000,10,-5,0.6501,4998.7
CRUISE,160000,27000,10,0,0.6501,5023.9
CRUISE,160000,27000,10,5,0.6501,5049
CRUISE,160000,27000,10,10,0.6501,5074.1
CRUISE,160000,27000,10,15,0.6501,5099.2
CRUISE,160000,27000,10,20,0.6501,5124.3
CRUISE,160000,27000,20,-20,0.6611,5178.8
CRUISE,160000,27000,20,-15,0.6611,5205.2
CRUISE,160000,27000,20,-10,0.6611,5231.6
CRUISE,160000,27000,20,-5,0.6611,5258
CRUISE,160000,27000,20,0,0.6611,5284.4
CRUISE,160000,27000,20,5,0.6611,5310.9
CRUISE,160000,27000,20,10,0.6611,5337.3
CRUISE,160000,27000,20,15,0.6611,5363.7
CRUISE,160000,27000,20,20,0.6611,5390.1
CRUISE,160000,27000,30,-20,0.6722,5442.8
CRUISE,160000,27000,30,-15,0.6722,5470.6
CRUISE,160000,27000,30,-10,0.6722,5498.3
CRUISE,160000,27000,30,-5,0.6722,5526.1
CRUISE,160000,27000,30,0,0.6722,5553.9
CRUISE,160000,27000,30,5,0.6722,5581.6
CRUISE,160000,27000,30,10,0.6722,5609.4
CRUISE,160000,27000,30,15,0.6722,5637.2
CRUISE,160000,27000,30,20,0.6722,5665
CRUISE,160000,27000,40,-20,0.6832,5715.7
CRUISE,160000,27000,40,-15,0.6832,5744.8
CRUISE,160000,27000,40,-10,0.6832,5774
CRUISE,160000,27000,40,-5,0.6832,5803.2
CRUISE,160000,27000,40,0,0.6832,5832.3
CRUISE,160000,27000,40,5,0.6832,5861.5
CRUISE,160000,27000,40,10,0.6832,5890.6
CRUISE,160000,27000,40,15,0.6832,5919.8
CRUISE,160000,27000,40,20,0.6832,5949
CRUISE,160000,27000,50,-20,0.6943,5997.5
CRUISE,160000,27000,50,-15,0.6943,6028.1
CRUISE,160000,27000,50,-10,0.6943,6058.7
CRUISE,160000,27000,50,-5,0.6943,6089.3
CRUISE,160000,27000,50,0,0.6943,6119.9
CRUISE,160000,27000,50,5,0.6943,6150.5
CRUISE,160000,27000,50,10,0.6943,6181.1
CRUISE,160000,27000,50,15,0.6943,6211.7
CRUISE,160000,27000,50,20,0.6943,6242.3
CRUISE,160000,27000,60,-20,0.7053,6288.5
CRUISE,160000,27000,60,-15,0.7053,6320.6
CRUISE,160000,27000,60,-10,0.7053,6352.6
CRUISE,160000,27000,60,-5,0.7053,6384.7
CRUISE,160000,27000,60,0,0.7053,6416.8
CRUISE,160000,27000,60,5,0.7053,6448.9
CRUISE,160000,27000,60,10,0.7053,6481
CRUISE,160000,27000,60,15,0.7053,6513.1
CRUISE,160000,27000,60,20,0.7053,6545.2
CRUISE,160000,27000,70,-20,0.7164,6588.7
CRUISE,160000,27000,70,-15,0.7164,6622.3
CRUISE,160000,27000,70,-10,0.7164,6655.9
CRUISE,160000,27000,70,-5,0.7164,6689.5
CRUISE,160000,27000,70,0,0.7164,6723.2
CRUISE,160000,27000,70,5,0.7164,6756.8
CRUISE,160000,27000,70,10,0.7164,6790.4
CRUISE,160000,27000,70,15,0.7164,6824
CRUISE,160000,27000,70,20,0.7164,6857.6
CRUISE,160000,27000,80,-20,0.7274,6898.3
CRUISE,160000,27000,80,-15,0.7274,6933.5
CRUISE,160000,27000,80,-10,0.7274,6968.7
CRUISE,160000,27000,80,-5,0.7274,7003.9
CRUISE,160000,27000,80,0,0.7274,7039.1
CRUISE,160000,27000,80,5,0.7274,7074.3
CRUISE,160000,27000,80,10,0.7274,7109.5
CRUISE,160000,27000,80,15,0.7274,7144.7
CRUISE,160000,27000,80,20,0.7274,7179.9
CRUISE,160000,27000,90,-20,0.7385,7217.5
CRUISE,160000,27000,90,-15,0.7385,7254.3
CRUISE,160000,27000,90,-10,0.7385,7291.2
CRUISE,160000,27000,90,-5,0.7385,7328
CRUISE,160000,27000,90,0,0.7385,7364.8
CRUISE,160000,27000,90,5,0.7385,7401.6
CRUISE,160000,27000,90,10,0.7385,7438.5
CRUISE,160000,27000,90,15,0.7385,7475.3
CRUISE,160000,27000,90,20,0.7385,7512.1
CRUISE,160000,27000,100,-20,0.7495,7546.4
CRUISE,160000,27000,100,-15,0.7495,7584.9
CRUISE,160000,27000,100,-10,0.7495,7623.4
CRUISE,160000,27000,100,-5,0.7495,7661.9
CRUISE,160000,27000,100,0,0.7495,7700.4
CRUISE,160000,27000,100,5,0.7495,7738.9
CRUISE,160000,27000,100,10,0.7495,7777.4
CRUISE,160000,27000,100,15,0.7495,7815.9
CRUISE,160000,27000,100,20,0.7495,7854.4
CRUISE,160000,27000,110,-20,0.7606,7885.1
CRUISE,160000,27000,110,-15,0.7606,7925.3
CRUISE,160000,27000,110,-10,0.7606,7965.6
CRUISE,160000,27000,110,-5,0.7606,8005.8
CRUISE,160000,27000,110,0,0.7606,8046
CRUISE,160000,27000,110,5,0.7606,8086.3
CRUISE,160000,27000,110,10,0.7606,8126.5
CRUISE,160000,27000,110,15,0.7606,8166.7
CRUISE,160000,27000,110,20,0.7606,8206.9
CRUISE,160000,27000,120,-20,0.7716,8233.8
CRUISE,160000,27000,120,-15,0.7716,8275.8
CRUISE,160000,27000,120,-10,0.7716,8317.8
CRUISE,160000,27000,120,-5,0.7716,8359.8
CRUISE,160000,27000,120,0,0.7716,8401.8
CRUISE,160000,27000,120,5,0.7716,8443.9
CRUISE,160000,27000,120,10,0.7716,8485.9
CRUISE,160000,27000,120,15,0.7716,8527.9
CRUISE,160000,27000,120,20,0.7716,8569.9
CRUISE,160000,27000,130,-20,0.7827,8592.6
CRUISE,160000,27000,130,-15,0.7827,8636.5
CRUISE,160000,27000,130,-10,0.7827,8680.3
CRUISE,160000,27000,130,-5,0.7827,8724.2
CRUISE,160000,27000,130,0,0.7827,8768
CRUISE,160000,27000,130,5,0.7827,8811.8
CRUISE,160000,27000,130,10,0.7827,8855.7
CRUISE,160000,27000,130,15,0.7827,8899.5
CRUISE,160000,27000,130,20,0.7827,8943.4
CRUISE,160000,27000,140,-20,0.7937,8961.8
CRUISE,160000,27000,140,-15,0.7937,9007.5
CRUISE,160000,27000,140,-10,0.7937,9053.2
CRUISE,160000,27000,140,-5,0.7937,9098.9
CRUISE,160000,27000,140,0,0.7937,9144.6
CRUISE,160000,27000,140,5,0.7937,9190.4
CRUISE,160000,27000,140,10,0.7937,9236.1
CRUISE,160000,27000,140,15,0.7937,9281.8
CRUISE,160000,27000,140,20,0.7937,9327.5
CRUISE,160000,27000,150,-20,0.8047,9341.3
CRUISE,160000,27000,150,-15,0.8047,9389
CRUISE,160000,27000,150,-10,0.8047,9436.6
CRUISE,160000,27000,150,-5,0.8047,9484.3
CRUISE,160000,27000,150,0,0.8047,9531.9
CRUISE,160000,27000,150,5,0.8047,9579.6
CRUISE,160000,27000,150,10,0.8047,9627.2
CRUISE,160000,27000,150,15,0.8047,9674.9
CRUISE,160000,27000,150,20,0.8047,9722.6
CRUISE,160000,27000,160,-20,0.8158,9731.4
CRUISE,160000,27000,160,-15,0.8158,9781
CRUISE,160000,27000,160,-10,0.8158,9830.7
CRUISE,160000,27000,160,-5,0.8158,9880.3
CRUISE,160000,27000,160,0,0.8158,9930
CRUISE,160000,27000,160,5,0.8158,9979.6
CRUISE,160000,27000,160,10,0.8158,10029.3
CRUISE,160000,27000,160,15,0.8158,10078.9
CRUISE,160000,27000,160,20,0.8158,10128.6
CRUISE,160000,27000,170,-20,0.8268,10132.2
CRUISE,160000,27000,170,-15,0.8268,10183.9
CRUISE,160000,27000,170,-10,0.8268,10235.6
CRUISE,160000,27000,170,-5,0.8268,10287.3
CRUISE,160000,27000,170,0,0.8268,10339
CRUISE,160000,27000,170,5,0.8268,10390.7
CRUISE,160000,27000,170,10,0.8268,10442.4
CRUISE,160000,27000,170,15,0.8268,10494.1
CRUISE,160000,27000,170,20,0.8268,10545.8
CRUISE,160000,27000,180,-20,0.8379,10543.9
CRUISE,160000,27000,180,-15,0.8379,10597.7
CRUISE,160000,27000,180,-10,0.8379,10651.5
CRUISE,160000,27000,180,-5,0.8379,10705.3
CRUISE,160000,27000,180,0,0.8379,10759.1
CRUISE,160000,27000,180,5,0.8379,10812.9
CRUISE,160000,27000,180,10,0.8379,10866.7
CRUISE,160000,27000,180,15,0.8379,10920.4
CRUISE,160000,27000,180,20,0.8379,10974.2
CRUISE,160000,27000,190,-20,0.8489,10966.6
CRUISE,160000,27000,190,-15,0.8489,11022.5
CRUISE,160000,27000,190,-10,0.8489,11078.5
CRUISE,160000,27000,190,-5,0.8489,11134.4
CRUISE,160000,27000,190,0,0.8489,11190.4
CRUISE,160000,27000,190,5,0.8489,11246.3
CRUISE,160000,27000,190,10,0.8489,11302.3
CRUISE,160000,27000,190,15,0.8489,11358.2
CRUISE,160000,27000,190,20,0.8489,11414.2
CRUISE,160000,27000,200,-20,0.86,11400.4
CRUISE,160000,27000,200,-15,0.86,11458.5
CRUISE,160000,27000,200,-10,0.86,11516.7
CRUISE,160000,27000,200,-5,0.86,11574.9
CRUISE,160000,27000,200,0,0.86,11633
CRUISE,160000,27000,200,5,0.86,11691.2
CRUISE,160000,27000,200,10,0.86,11749.4
CRUISE,160000,27000,200,15,0.86,11807.5
CRUISE,160000,27000,200,20,0.86,11865.7
CRUISE,160000,29000,0,-20,0.667,4655
CRUISE,160000,29000,0,-15,0.667,4678.8
CRUISE,160000,29000,0,-10,0.667,4702.5
CRUISE,160000,29000,0,-5,0.667,4726.2
CRUISE,160000,29000,0,0,0.667,4750
CRUISE,160000,29000,0,5,0.667,4773.7
CRUISE,160000,29000,0,10,0.667,4797.5
CRUISE,160000,29000,0,15,0.667,4821.2
CRUISE,160000,29000,0,20,0.667,4845
CRUISE,160000,29000,10,-20,0.6767,4860
CRUISE,160000,29000,10,-15,0.6767,4884.8
CRUISE,160000,29000,10,-10,0.6767,4909.6
CRUISE,160000,29000,10,-5,0.6767,4934.4
CRUISE,160000,29000,10,0,0.6767,4959.2
CRUISE,160000,29000,10,5,0.6767,4984
CRUISE,160000,29000,10,10,0.6767,5008.8
CRUISE,160000,29000,10,15,0.6767,5033.6
CRUISE,160000,29000,10,20,0.6767,5058.3
CRUISE,160000,29000,20,-20,0.6863,5070.9
CRUISE,160000,29000,20,-15,0.6863,5096.8
CRUISE,160000,29000,20,-10,0.6863,5122.6
CRUISE,160000,29000,20,-5,0.6863,5148.5
CRUISE,160000,29000,20,0,0.6863,5174.4
CRUISE,160000,29000,20,5,0.6863,5200.2
CRUISE,160000,29000,20,10,0.6863,5226.1
CRUISE,160000,29000,20,15,0.6863,5252
CRUISE,160000,29000,20,20,0.6863,5277.9
CRUISE,160000,29000,30,-20,0.696,5287.8
CRUISE,160000,29000,30,-15,0.696,5314.8
CRUISE,160000,29000,30,-10,0.696,5341.8
CRUISE,160000,29000,30,-5,0.696,5368.8
CRUISE,160000,29000,30,0,0.696,5395.7
CRUISE,160000,29000,30,5,0.696,5422.7
CRUISE,160000,29000,30,10,0.696,5449.7
CRUISE,160000,29000,30,15,0.696,5476.7
CRUISE,160000,29000,30,20,0.696,5503.6
CRUISE,160000,29000,40,-20,0.7056,5510.8
CRUISE,160000,29000,40,-15,0.7056,5539
CRUISE,160000,29000,40,-10,0.7056,5567.1
CRUISE,160000,29000,40,-5,0.7056,5595.2
CRUISE,160000,29000,40,0,0.7056,5623.3
CRUISE,160000,29000,40,5,0.7056,5651.4
CRUISE,160000,29000,40,10,0.7056,5679.5
CRUISE,160000,29000,40,15,0.7056,5707.7
CRUISE,160000,29000,40,20,0.7056,5735.8
CRUISE,160000,29000,50,-20,0.7153,5740.1
CRUISE,160000,29000,50,-15,0.7153,5769.3
CRUISE,160000,29000,50,-10,0.7153,5798.6
CRUISE,160000,29000,50,-5,0.7153,5827.9
CRUISE,160000,29000,50,0,0.7153,5857.2
CRUISE,160000,29000,50,5,0.7153,5886.5
CRUISE,160000,29000,50,10,0.7153,5915.8
CRUISE,160000,29000,50,15,0.7153,5945.1
CRUISE,160000,29000,50,20,0.7153,5974.3
CRUISE,160000,29000,60,-20,0.7249,5975.5
CRUISE,160000,29000,60,-15,0.7249,6006
CRUISE,160000,29000,60,-10,0.7249,6036.5
CRUISE,160000,29000,60,-5,0.7249,6067
CRUISE,160000,29000,60,0,0.7249,6097.5
CRUISE,160000,29000,60,5,0.7249,6128
CRUISE,160000,29000,60,10,0.7249,6158.5
CRUISE,160000,29000,60,15,0.7249,6188.9
CRUISE,160000,29000,60,20,0.7249,6219.4
CRUISE,160000,29000,70,-20,0.7346,6217.4
CRUISE,160000,29000,70,-15,0.7346,6249.1
CRUISE,160000,29000,70,-10,0.7346,6280.8
CRUISE,160000,29000,70,-5,0.7346,6312.5
CRUISE,160000,29000,70,0,0.7346,6344.2
CRUISE,160000,29000,70,5,0.7346,6376
CRUISE,160000,29000,70,10,0.7346,6407.7
CRUISE,160000,29000,70,15,0.7346,6439.4
CRUISE,160000,29000,70,20,0.7346,6471.1
CRUISE,160000,29000,80,-20,0.7442,6465.6
CRUISE,160000,29000,80,-15,0.7442,6498.6
CRUISE,160000,29000,80,-10,0.7442,6531.6
CRUISE,160000,29000,80,-5,0.7442,6564.6
CRUISE,160000,29000,80,0,0.7442,6597.6
CRUISE,160000,29000,80,5,0.7442,6630.6
CRUISE,160000,29000,80,10,0.7442,6663.6
CRUISE,160000,29000,80,15,0.7442,6696.6
CRUISE,160000,29000,80,20,0.7442,6729.5
CRUISE,160000,29000,90,-20,0.7539,6720.4
CRUISE,160000,29000,90,-15,0.7539,6754.7
CRUISE,160000,29000,90,-10,0.7539,6789
CRUISE,160000,29000,90,-5,0.7539,6823.3
CRUISE,160000,29000,90,0,0.7539,6857.6
CRUISE,160000,29000,90,5,0.7539,6891.9
CRUISE,160000,29000,90,10,0.7539,6926.2
CRUISE,160000,29000,90,15,0.7539,6960.4
CRUISE,160000,29000,90,20,0.7539,6994.7
CRUISE,160000,29000,100,-20,0.7635,6981.8
CRUISE,160000,29000,100,-15,0.7635,7017.5
CRUISE,160000,29000,100,-10,0.7635,7053.1
CRUISE,160000,29000,100,-5,0.7635,7088.7
CRUISE,160000,29000,100,0,0.7635,7124.3
CRUISE,160000,29000,100,5,0.7635,7159.9
CRUISE,160000,29000,100,10,0.7635,7195.6
CRUISE,160000,29000,100,15,0.7635,7231.2
CRUISE,160000,29000,100,20,0.7635,7266.8
CRUISE,160000,29000,110,-20,0.7732,7249.9
CRUISE,160000,29000,110,-15,0.7732,7286.9
CRUISE,160000,29000,110,-10,0.7732,7323.9
CRUISE,160000,29000,110,-5,0.7732,7360.9
CRUISE,160000,29000,110,0,0.7732,7397.9
CRUISE,160000,29000,110,5,0.7732,7434.9
CRUISE,160000,29000,110,10,0.7732,7471.9
CRUISE,160000,29000,110,15,0.7732,7508.9
CRUISE,160000,29000,110,20,0.7732,7545.8
CRUISE,160000,29000,120,-20,0.7828,7524.8
CRUISE,160000,29000,120,-15,0.7828,7563.2
CRUISE,160000,29000,120,-10,0.7828,7601.6
CRUISE,160000,29000,120,-5,0.7828,7640
CRUISE,160000,29000,120,0,0.7828,7678.4
CRUISE,160000,29000,120,5,0.7828,7716.8
CRUISE,160000,29000,120,10,0.7828,7755.1
CRUISE,160000,29000,120,15,0.7828,7793.5
CRUISE,160000,29000,120,20,0.7828,7831.9
CRUISE,160000,29000,130,-20,0.7924,7806.5
CRUISE,160000,29000,130,-15,0.7924,7846.4
CRUISE,160000,29000,130,-10,0.7924,7886.2
CRUISE,160000,29000,130,-5,0.7924,7926
CRUISE,160000,29000,130,0,0.7924,7965.8
CRUISE,160000,29000,130,5,0.7924,8005.7
CRUISE,160000,29000,130,10,0.7924,8045.5
CRUISE,160000,29000,130,15,0.7924,8085.3
CRUISE,160000,29000,130,20,0.7924,8125.2
CRUISE,160000,29000,140,-20,0.8021,8095.2
CRUISE,160000,29000,140,-15,0.8021,8136.5
CRUISE,160000,29000,140,-10,0.8021,8177.8
CRUISE,160000,29000,140,-5,0.8021,8219.1
CRUISE,160000,29000,140,0,0.8021,8260.4
CRUISE,160000,29000,140,5,0.8021,8301.7
CRUISE,160000,29000,140,10,0.8021,8343
CRUISE,160000,29000,140,15,0.8021,8384.3
CRUISE,160000,29000,140,20,0.8021,8425.6
CRUISE,160000,29000,150,-20,0.8117,8390.9
CRUISE,160000,29000,150,-15,0.8117,8433.7
CRUISE,160000,29000,150,-10,0.8117,8476.5
CRUISE,160000,29000,150,-5,0.8117,8519.3
CRUISE,160000,29000,150,0,0.8117,8562.2
CRUISE,160000,29000,150,5,0.8117,8605
CRUISE,160000,29000,150,10,0.8117,8647.8
CRUISE,160000,29000,150,15,0.8117,8690.6
CRUISE,160000,29000,150,20,0.8117,8733.4
CRUISE,160000,29000,160,-20,0.8214,8693.7
CRUISE,160000,29000,160,-15,0.8214,8738.1
CRUISE,160000,29000,160,-10,0.8214,8782.4
CRUISE,160000,29000,160,-5,0.8214,8826.8
CRUISE,160000,29000,160,0,0.8214,8871.2
CRUISE,160000,29000,160,5,0.8214,8915.5
CRUISE,160000,29000,160,10,0.8214,8959.9
CRUISE,160000,29000,160,15,0.8214,9004.2
CRUISE,160000,29000,160,20,0.8214,9048.6
CRUISE,160000,29000,170,-20,0.831,9003.8
CRUISE,160000,29000,170,-15,0.831,9049.7
CRUISE,160000,29000,170,-10,0.831,9095.6
CRUISE,160000,29000,170,-5,0.831,9141.6
CRUISE,160000,29000,170,0,0.831,9187.5
CRUISE,160000,29000,170,5,0.831,9233.4
CRUISE,160000,29000,170,10,0.831,9279.4
CRUISE,160000,29000,170,15,0.831,9325.3
CRUISE,160000,29000,170,20,0.831,9371.3
CRUISE,160000,29000,180,-20,0.8407,9321.1
CRUISE,160000,29000,180,-15,0.8407,9368.6
CRUISE,160000,29000,180,-10,0.8407,9416.2
CRUISE,160000,29000,180,-5,0.8407,9463.7
CRUISE,160000,29000,180,0,0.8407,9511.3
CRUISE,160000,29000,180,5,0.8407,9558.8
CRUISE,160000,29000,180,10,0.8407,9606.4
CRUISE,160000,29000,180,15,0.8407,9654
CRUISE,160000,29000,180,20,0.8407,9701.5
CRUISE,160000,29000,190,-20,0.8503,9645.7
CRUISE,160000,29000,190,-15,0.8503,9694.9
CRUISE,160000,29000,190,-10,0.8503,9744.2
CRUISE,160000,29000,190,-5,0.8503,9793.4
CRUISE,160000,29000,190,0,0.8503,9842.6
CRUISE,160000,29000,190,5,0.8503,9891.8
CRUISE,160000,29000,190,10,0.8503,9941
CRUISE,160000,29000,190,15,0.8503,9990.2
CRUISE,160000,29000,190,20,0.8503,10039.4
CRUISE,160000,29000,200,-20,0.86,9977.9
CRUISE,160000,29000,200,-15,0.86,10028.8
CRUISE,160000,29000,200,-10,0.86,10079.7
CRUISE,160000,29000,200,-5,0.86,10130.6
CRUISE,160000,29000,200,0,0.86,10181.5
CRUISE,160000,29000,200,5,0.86,10232.4
CRUISE,160000,29000,200,10,0.86,10283.3
CRUISE,160000,29000,200,15,0.86,10334.2
CRUISE,160000,29000,200,20,0.86,10385.1
CRUISE,160000,31000,0,-20,0.691,4617.8
CRUISE,160000,31000,0,-15,0.691,4641.3
CRUISE,160000,31000,0,-10,0.691,4664.9
CRUISE,160000,31000,0,-5,0.691,4688.4
CRUISE,160000,31000,0,0,0.691,4712
CRUISE,160000,31000,0,5,0.691,4735.6
CRUISE,160000,31000,0,10,0.691,4759.1
CRUISE,160000,31000,0,15,0.691,4782.7
CRUISE,160000,31000,0,20,0.691,4806.2
CRUISE,160000,31000,10,-20,0.6994,4789.2
CRUISE,160000,31000,10,-15,0.6994,4813.7
CRUISE,160000,31000,10,-10,0.6994,4838.1
CRUISE,160000,31000,10,-5,0.6994,4862.6
CRUISE,160000,31000,10,0,0.6994,4887
CRUISE,160000,31000,10,5,0.6994,4911.4
CRUISE,160000,31000,10,10,0.6994,4935.9
CRUISE,160000,31000,10,15,0.6994,4960.3
CRUISE,160000,31000,10,20,0.6994,4984.7
CRUISE,160000,31000,20,-20,0.7079,4964.9
CRUISE,160000,31000,20,-15,0.7079,4990.3
CRUISE,160000,31000,20,-10,0.7079,5015.6
CRUISE,160000,31000,20,-5,0.7079,5040.9
CRUISE,160000,31000,20,0,0.7079,5066.3
CRUISE,160000,31000,20,5,0.7079,5091.6
CRUISE,160000,31000,20,10,0.7079,5116.9
CRUISE,160000,31000,20,15,0.7079,5142.2
CRUISE,160000,31000,20,20,0.7079,5167.6
CRUISE,160000,31000,30,-20,0.7163,5144.9
CRUISE,160000,31000,30,-15,0.7163,5171.1
CRUISE,160000,31000,30,-10,0.7163,5197.4
CRUISE,160000,31000,30,-5,0.7163,5223.6
CRUISE,160000,31000,30,0,0.7163,5249.9
CRUISE,160000,31000,30,5,0.7163,5276.1
CRUISE,160000,31000,30,10,0.7163,5302.3
CRUISE,160000,31000,30,15,0.7163,5328.6
CRUISE,160000,31000,30,20,0.7163,5354.8
CRUISE,160000,31000,40,-20,0.7248,5329.1
CRUISE,160000,31000,40,-15,0.7248,5356.3
CRUISE,160000,31000,40,-10,0.7248,5383.5
CRUISE,160000,31000,40,-5,0.7248,5410.6
CRUISE,160000,31000,40,0,0.7248,5437.8
CRUISE,160000,31000,40,5,0.7248,5465
CRUISE,160000,31000,40,10,0.7248,5492.2
CRUISE,160000,31000,40,15,0.7248,5519.4
CRUISE,160000,31000,40,20,0.7248,5546.6
CRUISE,160000,31000,50,-20,0.7332,5517.6
CRUISE,160000,31000,50,-15,0.7332,5545.8
CRUISE,160000,31000,50,-10,0.7332,5573.9
CRUISE,160000,31000,50,-5,0.7332,5602.1
CRUISE,160000,31000,50,0,0.7332,5630.2
CRUISE,160000,31000,50,5,0.7332,5658.4
CRUISE,160000,31000,50,10,0.7332,5686.5
CRUISE,160000,31000,50,15,0.7332,5714.7
CRUISE,160000,31000,50,20,0.7332,5742.9
CRUISE,160000,31000,60,-20,0.7417,5710.6
CRUISE,160000,31000,60,-15,0.7417,5739.7
CRUISE,160000,31000,60,-10,0.7417,5768.9
CRUISE,160000,31000,60,-5,0.7417,5798
CRUISE,160000,31000,60,0,0.7417,5827.1
CRUISE,160000,31000,60,5,0.7417,5856.3
CRUISE,160000,31000,60,10,0.7417,5885.4
CRUISE,160000,31000,60,15,0.7417,5914.6
CRUISE,160000,31000,60,20,0.7417,5943.7
CRUISE,160000,31000,70,-20,0.7501,5908
CRUISE,160000,31000,70,-15,0.7501,5938.2
CRUISE,160000,31000,70,-10,0.7501,5968.3
CRUISE,160000,31000,70,-5,0.7501,5998.4
CRUISE,160000,31000,70,0,0.7501,6028.6
CRUISE,160000,31000,70,5,0.7501,6058.7
CRUISE,160000,31000,70,10,0.7501,6088.9
CRUISE,160000,31000,70,15,0.7501,6119
CRUISE,160000,31000,70,20,0.7501,6149.2
CRUISE,160000,31000,80,-20,0.7586,6109.9
CRUISE,160000,31000,80,-15,0.7586,6141.1
CRUISE,160000,31000,80,-10,0.7586,6172.3
CRUISE,160000,31000,80,-5,0.7586,6203.4
CRUISE,160000,31000,80,0,0.7586,6234.6
CRUISE,160000,31000,80,5,0.7586,6265.8
CRUISE,160000,31000,80,10,0.7586,6297
CRUISE,160000,31000,80,15,0.7586,6328.1
CRUISE,160000,31000,80,20,0.7586,6359.3
CRUISE,160000,31000,90,-20,0.7671,6316.4
CRUISE,160000,31000,90,-15,0.7671,6348.6
CRUISE,160000,31000,90,-10,0.7671,6380.8
CRUISE,160000,31000,90,-5,0.7671,6413.1
CRUISE,160000,31000,90,0,0.7671,6445.3
CRUISE,160000,31000,90,5,0.7671,6477.5
CRUISE,160000,31000,90,10,0.7671,6509.7
CRUISE,160000,31000,90,15,0.7671,6542
CRUISE,160000,31000,90,20,0.7671,6574.2
CRUISE,160000,31000,100,-20,0.7755,6527.4
CRUISE,160000,31000,100,-15,0.7755,6560.7
CRUISE,160000,31000,100,-10,0.7755,6594
CRUISE,160000,31000,100,-5,0.7755,6627.3
CRUISE,160000,31000,100,0,0.7755,6660.6
CRUISE,160000,31000,100,5,0.7755,6694
CRUISE,160000,31000,100,10,0.7755,6727.3
CRUISE,160000,31000,100,15,0.7755,6760.6
CRUISE,160000,31000,100,20,0.7755,6793.9
CRUISE,160000,31000,110,-20,0.7839,6743.1
CRUISE,160000,31000,110,-15,0.7839,6777.5
CRUISE,160000,31000,110,-10,0.7839,6811.9
CRUISE,160000,31000,110,-5,0.7839,6846.4
CRUISE,160000,31000,110,0,0.7839,6880.8
CRUISE,160000,31000,110,5,0.7839,6915.2
CRUISE,160000,31000,110,10,0.7839,6949.6
CRUISE,160000,31000,110,15,0.7839,6984
CRUISE,160000,31000,110,20,0.7839,7018.4
CRUISE,160000,31000,120,-20,0.7924,6963.5
CRUISE,160000,31000,120,-15,0.7924,6999.1
CRUISE,160000,31000,120,-10,0.7924,7034.6
CRUISE,160000,31000,120,-5,0.7924,7070.1
CRUISE,160000,31000,120,0,0.7924,7105.7
CRUISE,160000,31000,120,5,0.7924,7141.2
CRUISE,160000,31000,120,10,0.7924,7176.7
CRUISE,160000,31000,120,15,0.7924,7212.2
CRUISE,160000,31000,120,20,0.7924,7247.8
CRUISE,160000,31000,130,-20,0.8008,7188.7
CRUISE,160000,31000,130,-15,0.8008,7225.4
CRUISE,160000,31000,130,-10,0.8008,7262.1
CRUISE,160000,31000,130,-5,0.8008,7298.7
CRUISE,160000,31000,130,0,0.8008,7335.4
CRUISE,160000,31000,130,5,0.8008,7372.1
CRUISE,160000,31000,130,10,0.8008,7408.8
CRUISE,160000,31000,130,15,0.8008,7445.4
CRUISE,160000,31000,130,20,0.8008,7482.1
CRUISE,160000,31000,140,-20,0.8093,7418.7
CRUISE,160000,31000,140,-15,0.8093,7456.5
CRUISE,160000,31000,140,-10,0.8093,7494.4
CRUISE,160000,31000,140,-5,0.8093,7532.2
CRUISE,160000,31000,140,0,0.8093,7570.1
CRUISE,160000,31000,140,5,0.8093,7607.9
CRUISE,160000,31000,140,10,0.8093,7645.8
CRUISE,160000,31000,140,15,0.8093,7683.6
CRUISE,160000,31000,140,20,0.8093,7721.5
CRUISE,160000,31000,150,-20,0.8177,7653.5
CRUISE,160000,31000,150,-15,0.8177,7692.5
CRUISE,160000,31000,150,-10,0.8177,7731.6
CRUISE,160000,31000,150,-5,0.8177,7770.6
CRUISE,160000,31000,150,0,0.8177,7809.7
CRUISE,160000,31000,150,5,0.8177,7848.7
CRUISE,160000,31000,150,10,0.8177,7887.8
CRUISE,160000,31000,150,15,0.8177,7926.8
CRUISE,160000,31000,150,20,0.8177,7965.9
CRUISE,160000,31000,160,-20,0.8262,7893.2
CRUISE,160000,31000,160,-15,0.8262,7933.5
CRUISE,160000,31000,160,-10,0.8262,7973.7
CRUISE,160000,31000,160,-5,0.8262,8014
CRUISE,160000,31000,160,0,0.8262,8054.3
CRUISE,160000,31000,160,5,0.8262,8094.6
CRUISE,160000,31000,160,10,0.8262,8134.8
CRUISE,160000,31000,160,15,0.8262,8175.1
CRUISE,160000,31000,160,20,0.8262,8215.4
CRUISE,160000,31000,170,-20,0.8347,8137.9
CRUISE,160000,31000,170,-15,0.8347,8179.4
CRUISE,160000,31000,170,-10,0.8347,8220.9
CRUISE,160000,31000,170,-5,0.8347,8262.4
CRUISE,160000,31000,170,0,0.8347,8303.9
CRUISE,160000,31000,170,5,0.8347,8345.5
CRUISE,160000,31000,170,10,0.8347,8387
CRUISE,160000,31000,170,15,0.8347,8428.5
CRUISE,160000,31000,170,20,0.8347,8470
CRUISE,160000,31000,180,-20,0.8431,8387.5
CRUISE,160000,31000,180,-15,0.8431,8430.3
CRUISE,160000,31000,180,-10,0.8431,8473.1
CRUISE,160000,31000,180,-5,0.8431,8515.9
CRUISE,160000,31000,180,0,0.8431,8558.7
CRUISE,160000,31000,180,5,0.8431,8601.5
CRUISE,160000,31000,180,10,0.8431,8644.3
CRUISE,160000,31000,180,15,0.8431,8687.1
CRUISE,160000,31000,180,20,0.8431,8729.9
CRUISE,160000,31000,190,-20,0.8516,8642.3
CRUISE,160000,31000,190,-15,0.8516,8686.4
CRUISE,160000,31000,190,-10,0.8516,8730.5
CRUISE,160000,31000,190,-5,0.8516,8774.5
CRUISE,160000,31000,190,0,0.8516,8818.6
CRUISE,160000,31000,190,5,0.8516,8862.7
CRUISE,160000,31000,190,10,0.8516,8906.8
CRUISE,160000,31000,190,15,0.8516,8950.9
CRUISE,160000,31000,190,20,0.8516,8995
CRUISE,160000,31000,200,-20,0.86,8902.1
CRUISE,160000,31000,200,-15,0.86,8947.5
CRUISE,160000,31000,200,-10,0.86,8992.9
CRUISE,160000,31000,200,-5,0.86,9038.4
CRUISE,160000,31000,200,0,0.86,9083.8
CRUISE,160000,31000,200,5,0.86,9129.2
CRUISE,160000,31000,200,10,0.86,9174.6
CRUISE,160000,31000,200,15,0.86,9220
CRUISE,160000,31000,200,20,0.86,9265.5
CRUISE,160000,33000,0,-20,0.71,4549.2
CRUISE,160000,33000,0,-15,0.71,4572.4
CRUISE,160000,33000,0,-10,0.71,4595.6
CRUISE,160000,33000,0,-5,0.71,4618.8
CRUISE,160000,33000,0,0,0.71,4642
CRUISE,160000,33000,0,5,0.71,4665.2
CRUISE,160000,33000,0,10,0.71,4688.4
CRUISE,160000,33000,0,15,0.71,4711.6
CRUISE,160000,33000,0,20,0.71,4734.8
CRUISE,160000,33000,10,-20,0.7175,4694.9
CRUISE,160000,33000,10,-15,0.7175,4718.8
CRUISE,160000,33000,10,-10,0.7175,4742.8
CRUISE,160000,33000,10,-5,0.7175,4766.7
CRUISE,160000,33000,10,0,0.7175,4790.7
CRUISE,160000,33000,10,5,0.7175,4814.6
CRUISE,160000,33000,10,10,0.7175,4838.6
CRUISE,160000,33000,10,15,0.7175,4862.5
CRUISE,160000,33000,10,20,0.7175,4886.5
CRUISE,160000,33000,20,-20,0.725,4843.6
CRUISE,160000,33000,20,-15,0.725,4868.3
CRUISE,160000,33000,20,-10,0.725,4893
CRUISE,160000,33000,20,-5,0.725,4917.8
CRUISE,160000,33000,20,0,0.725,4942.5
CRUISE,160000,33000,20,5,0.725,4967.2
CRUISE,160000,33000,20,10,0.725,4991.9
CRUISE,160000,33000,20,15,0.725,5016.6
CRUISE,160000,33000,20,20,0.725,5041.3
CRUISE,160000,33000,30,-20,0.7325,4995.5
CRUISE,160000,33000,30,-15,0.7325,5021
CRUISE,160000,33000,30,-10,0.7325,5046.5
CRUISE,160000,33000,30,-5,0.7325,5072
CRUISE,160000,33000,30,0,0.7325,5097.5
CRUISE,160000,33000,30,5,0.7325,5122.9
CRUISE,160000,33000,30,10,0.7325,5148.4
CRUISE,160000,33000,30,15,0.7325,5173.9
CRUISE,160000,33000,30,20,0.7325,5199.4
CRUISE,160000,33000,40,-20,0.74,5150.5
CRUISE,160000,33000,40,-15,0.74,5176.8
CRUISE,160000,33000,40,-10,0.74,5203.1
CRUISE,160000,33000,40,-5,0.74,5229.4
CRUISE,160000,33000,40,0,0.74,5255.6
CRUISE,160000,33000,40,5,0.74,5281.9
CRUISE,160000,33000,40,10,0.74,5308.2
CRUISE,160000,33000,40,15,0.74,5334.5
CRUISE,160000,33000,40,20,0.74,5360.7
CRUISE,160000,33000,50,-20,0.7475,5308.7
CRUISE,160000,33000,50,-15,0.7475,5335.8
CRUISE,160000,33000,50,-10,0.7475,5362.9
CRUISE,160000,33000,50,-5,0.7475,5390
CRUISE,160000,33000,50,0,0.7475,5417.1
CRUISE,160000,33000,50,5,0.7475,5444.1
CRUISE,160000,33000,50,10,0.7475,5471.2
CRUISE,160000,33000,50,15,0.7475,5498.3
CRUISE,160000,33000,50,20,0.7475,5525.4
CRUISE,160000,33000,60,-20,0.755,5470.1
CRUISE,160000,33000,60,-15,0.755,5498
CRUISE,160000,33000,60,-10,0.755,5525.9
CRUISE,160000,33000,60,-5,0.755,5553.8
CRUISE,160000,33000,60,0,0.755,5581.8
CRUISE,160000,33000,60,5,0.755,5609.7
CRUISE,160000,33000,60,10,0.755,5637.6
CRUISE,160000,33000,60,15,0.755,5665.5
CRUISE,160000,33000,60,20,0.755,5693.4
CRUISE,160000,33000,70,-20,0.7625,5634.8
CRUISE,160000,33000,70,-15,0.7625,5663.5
CRUISE,160000,33000,70,-10,0.7625,5692.3
CRUISE,160000,33000,70,-5,0.7625,5721
CRUISE,160000,33000,70,0,0.7625,5749.8
CRUISE,160000,33000,70,5,0.7625,5778.5
CRUISE,160000,33000,70,10,0.7625,5807.3
CRUISE,160000,33000,70,15,0.7625,5836
CRUISE,160000,33000,70,20,0.7625,5864.8
CRUISE,160000,33000,80,-20,0.77,5802.7
CRUISE,160000,33000,80,-15,0.77,5832.3
CRUISE,160000,33000,80,-10,0.77,5861.9
CRUISE,160000,33000,80,-5,0.77,5891.5
CRUISE,160000,33000,80,0,0.77,5921.1
CRUISE,160000,33000,80,5,0.77,5950.7
CRUISE,160000,33000,80,10,0.77,5980.3
CRUISE,160000,33000,80,15,0.77,6009.9
CRUISE,160000,33000,80,20,0.77,6039.5
CRUISE,160000,33000,90,-20,0.7775,5973.9
CRUISE,160000,33000,90,-15,0.7775,6004.4
CRUISE,160000,33000,90,-10,0.7775,6034.8
CRUISE,160000,33000,90,-5,0.7775,6065.3
CRUISE,160000,33000,90,0,0.7775,6095.8
CRUISE,160000,33000,90,5,0.7775,6126.3
CRUISE,160000,33000,90,10,0.7775,6156.8
CRUISE,160000,33000,90,15,0.7775,6187.2
CRUISE,160000,33000,90,20,0.7775,6217.7
CRUISE,160000,33000,100,-20,0.785,6148.4
CRUISE,160000,33000,100,-15,0.785,6179.8
CRUISE,160000,33000,100,-10,0.785,6211.2
CRUISE,160000,33000,100,-5,0.785,6242.6
CRUISE,160000,33000,100,0,0.785,6273.9
CRUISE,160000,33000,100,5,0.785,6305.3
CRUISE,160000,33000,100,10,0.785,6336.7
CRUISE,160000,33000,100,15,0.785,6368
CRUISE,160000,33000,100,20,0.785,6399.4
CRUISE,160000,33000,110,-20,0.7925,6326.4
CRUISE,160000,33000,110,-15,0.7925,6358.6
CRUISE,160000,33000,110,-10,0.7925,6390.9
CRUISE,160000,33000,110,-5,0.7925,6423.2
CRUISE,160000,33000,110,0,0.7925,6455.5
CRUISE,160000,33000,110,5,0.7925,6487.7
CRUISE,160000,33000,110,10,0.7925,6520
CRUISE,160000,33000,110,15,0.7925,6552.3
CRUISE,160000,33000,110,20,0.7925,6584.6
CRUISE,160000,33000,120,-20,0.8,6507.7
CRUISE,160000,33000,120,-15,0.8,6540.9
CRUISE,160000,33000,120,-10,0.8,6574.1
CRUISE,160000,33000,120,-5,0.8,6607.3
CRUISE,160000,33000,120,0,0.8,6640.5
CRUISE,160000,33000,120,5,0.8,6673.7
CRUISE,160000,33000,120,10,0.8,6706.9
CRUISE,160000,33000,120,15,0.8,6740.1
CRUISE,160000,33000,120,20,0.8,6773.3
CRUISE,160000,33000,130,-20,0.8075,6692.4
CRUISE,160000,33000,130,-15,0.8075,6726.6
CRUISE,160000,33000,130,-10,0.8075,6760.7
CRUISE,160000,33000,130,-5,0.8075,6794.9
CRUISE,160000,33000,130,0,0.8075,6829
CRUISE,160000,33000,130,5,0.8075,6863.2
CRUISE,160000,33000,130,10,0.8075,6897.3
CRUISE,160000,33000,130,15,0.8075,6931.4
CRUISE,160000,33000,130,20,0.8075,6965.6
CRUISE,160000,33000,140,-20,0.815,6880.6
CRUISE,160000,33000,140,-15,0.815,6915.7
CRUISE,160000,33000,140,-10,0.815,6950.9
CRUISE,160000,33000,140,-5,0.815,6986
CRUISE,160000,33000,140,0,0.815,7021.1
CRUISE,160000,33000,140,5,0.815,7056.2
CRUISE,160000,33000,140,10,0.815,7091.3
CRUISE,160000,33000,140,15,0.815,7126.4
CRUISE,160000,33000,140,20,0.815,7161.5
CRUISE,160000,33000,150,-20,0.8225,7072.4
CRUISE,160000,33000,150,-15,0.8225,7108.4
CRUISE,160000,33000,150,-10,0.8225,7144.5
CRUISE,160000,33000,150,-5,0.8225,7180.6
CRUISE,160000,33000,150,0,0.8225,7216.7
CRUISE,160000,33000,150,5,0.8225,7252.8
CRUISE,160000,33000,150,10,0.8225,7288.9
CRUISE,160000,33000,150,15,0.8225,7324.9
CRUISE,160000,33000,150,20,0.8225,7361
CRUISE,160000,33000,160,-20,0.83,7267.6
CRUISE,160000,33000,160,-15,0.83,7304.7
CRUISE,160000,33000,160,-10,0.83,7341.7
CRUISE,160000,33000,160,-5,0.83,7378.8
CRUISE,160000,33000,160,0,0.83,7415.9
CRUISE,160000,33000,160,5,0.83,7453
CRUISE,160000,33000,160,10,0.83,7490.1
CRUISE,160000,33000,160,15,0.83,7527.1
CRUISE,160000,33000,160,20,0.83,7564.2
CRUISE,160000,33000,170,-20,0.8375,7466.4
CRUISE,160000,33000,170,-15,0.8375,7504.5
CRUISE,160000,33000,170,-10,0.8375,7542.6
CRUISE,160000,33000,170,-5,0.8375,7580.7
CRUISE,160000,33000,170,0,0.8375,7618.8
CRUISE,160000,33000,170,5,0.8375,7656.9
CRUISE,160000,33000,170,10,0.8375,7695
CRUISE,160000,33000,170,15,0.8375,7733
CRUISE,160000,33000,170,20,0.8375,7771.1
CRUISE,160000,33000,180,-20,0.845,7668.8
CRUISE,160000,33000,180,-15,0.845,7707.9
CRUISE,160000,33000,180,-10,0.845,7747
CRUISE,160000,33000,180,-5,0.845,7786.2
CRUISE,160000,33000,180,0,0.845,7825.3
CRUISE,160000,33000,180,5,0.845,7864.4
CRUISE,160000,33000,180,10,0.845,7903.5
CRUISE,160000,33000,180,15,0.845,7942.7
CRUISE,160000,33000,180,20,0.845,7981.8
CRUISE,160000,33000,190,-20,0.8525,7874.8
CRUISE,160000,33000,190,-15,0.8525,7915
CRUISE,160000,33000,190,-10,0.8525,7955.2
CRUISE,160000,33000,190,-5,0.8525,7995.3
CRUISE,160000,33000,190,0,0.8525,8035.5
CRUISE,160000,33000,190,5,0.8525,8075.7
CRUISE,160000,33000,190,10,0.8525,8115.9
CRUISE,160000,33000,190,15,0.8525,8156
CRUISE,160000,33000,190,20,0.8525,8196.2
CRUISE,160000,33000,200,-20,0.86,8084.5
CRUISE,160000,33000,200,-15,0.86,8125.7
CRUISE,160000,33000,200,-10,0.86,8167
CRUISE,160000,33000,200,-5,0.86,8208.2
CRUISE,160000,33000,200,0,0.86,8249.5
CRUISE,160000,33000,200,5,0.86,8290.7
CRUISE,160000,33000,200,10,0.86,8332
CRUISE,160000,33000,200,15,0.86,8373.2
CRUISE,160000,33000,200,20,0.86,8414.4
CRUISE,160000,35000,0,-20,0.735,4523.7
CRUISE,160000,35000,0,-15,0.735,4546.8
CRUISE,160000,35000,0,-10,0.735,4569.8
CRUISE,160000,35000,0,-5,0.735,4592.9
CRUISE,160000,35000,0,0,0.735,4616
CRUISE,160000,35000,0,5,0.735,4639.1
CRUISE,160000,35000,0,10,0.735,4662.2
CRUISE,160000,35000,0,15,0.735,4685.2
CRUISE,160000,35000,0,20,0.735,4708.3
CRUISE,160000,35000,10,-20,0.7412,4640.1
CRUISE,160000,35000,10,-15,0.7412,4663.7
CRUISE,160000,35000,10,-10,0.7412,4687.4
CRUISE,160000,35000,10,-5,0.7412,4711.1
CRUISE,160000,35000,10,0,0.7412,4734.8
CRUISE,160000,35000,10,5,0.7412,4758.4
CRUISE,160000,35000,10,10,0.7412,4782.1
CRUISE,160000,35000,10,15,0.7412,4805.8
CRUISE,160000,35000,10,20,0.7412,4829.5
CRUISE,160000,35000,20,-20,0.7475,4758.4
CRUISE,160000,35000,20,-15,0.7475,4782.7
CRUISE,160000,35000,20,-10,0.7475,4807
CRUISE,160000,35000,20,-5,0.7475,4831.3
CRUISE,160000,35000,20,0,0.7475,4855.5
CRUISE,160000,35000,20,5,0.7475,4879.8
CRUISE,160000,35000,20,10,0.7475,4904.1
CRUISE,160000,35000,20,15,0.7475,4928.4
CRUISE,160000,35000,20,20,0.7475,4952.6
CRUISE,160000,35000,30,-20,0.7538,4878.8
CRUISE,160000,35000,30,-15,0.7538,4903.7
CRUISE,160000,35000,30,-10,0.7538,4928.6
CRUISE,160000,35000,30,-5,0.7538,4953.5
CRUISE,160000,35000,30,0,0.7538,4978.4
CRUISE,160000,35000,30,5,0.7538,5003.2
CRUISE,160000,35000,30,10,0.7538,5028.1
CRUISE,160000,35000,30,15,0.7538,5053
CRUISE,160000,35000,30,20,0.7538,5077.9
CRUISE,160000,35000,40,-20,0.76,5001.2
CRUISE,160000,35000,40,-15,0.76,5026.7
CRUISE,160000,35000,40,-10,0.76,5052.2
CRUISE,160000,35000,40,-5,0.76,5077.7
CRUISE,160000,35000,40,0,0.76,5103.2
CRUISE,160000,35000,40,5,0.76,5128.7
CRUISE,160000,35000,40,10,0.76,5154.3
CRUISE,160000,35000,40,15,0.76,5179.8
CRUISE,160000,35000,40,20,0.76,5205.3
CRUISE,160000,35000,50,-20,0.7662,5125.6
CRUISE,160000,35000,50,-15,0.7662,5151.7
CRUISE,160000,35000,50,-10,0.7662,5177.9
CRUISE,160000,35000,50,-5,0.7662,5204
CRUISE,160000,35000,50,0,0.7662,5230.2
CRUISE,160000,35000,50,5,0.7662,5256.3
CRUISE,160000,35000,50,10,0.7662,5282.5
CRUISE,160000,35000,50,15,0.7662,5308.6
CRUISE,160000,35000,50,20,0.7662,5334.8
CRUISE,160000,35000,60,-20,0.7725,5252
CRUISE,160000,35000,60,-15,0.7725,5278.8
CRUISE,160000,35000,60,-10,0.7725,5305.6
CRUISE,160000,35000,60,-5,0.7725,5332.4
CRUISE,160000,35000,60,0,0.7725,5359.2
CRUISE,160000,35000,60,5,0.7725,5386
CRUISE,160000,35000,60,10,0.7725,5412.8
CRUISE,160000,35000,60,15,0.7725,5439.6
CRUISE,160000,35000,60,20,0.7725,5466.4
CRUISE,160000,35000,70,-20,0.7787,5380.5
CRUISE,160000,35000,70,-15,0.7787,5408
CRUISE,160000,35000,70,-10,0.7787,5435.4
CRUISE,160000,35000,70,-5,0.7787,5462.9
CRUISE,160000,35000,70,0,0.7787,5490.3
CRUISE,160000,35000,70,5,0.7787,5517.8
CRUISE,160000,35000,70,10,0.7787,5545.2
CRUISE,160000,35000,70,15,0.7787,5572.7
CRUISE,160000,35000,70,20,0.7787,5600.1
CRUISE,160000,35000,80,-20,0.785,5511.1
CRUISE,160000,35000,80,-15,0.785,5539.2
CRUISE,160000,35000,80,-10,0.785,5567.3
CRUISE,160000,35000,80,-5,0.785,5595.5
CRUISE,160000,35000,80,0,0.785,5623.6
CRUISE,160000,35000,80,5,0.785,5651.7
CRUISE,160000,35000,80,10,0.785,5679.8
CRUISE,160000,35000,80,15,0.785,5707.9
CRUISE,160000,35000,80,20,0.785,5736
CRUISE,160000,35000,90,-20,0.7913,5643.8
CRUISE,160000,35000,90,-15,0.7913,5672.6
CRUISE,160000,35000,90,-10,0.7913,5701.4
CRUISE,160000,35000,90,-5,0.7913,5730.2
CRUISE,160000,35000,90,0,0.7913,5759
CRUISE,160000,35000,90,5,0.7913,5787.8
CRUISE,160000,35000,90,10,0.7913,5816.6
CRUISE,160000,35000,90,15,0.7913,5845.4
CRUISE,160000,35000,90,20,0.7913,5874.2
CRUISE,160000,35000,100,-20,0.7975,5778.6
CRUISE,160000,35000,100,-15,0.7975,5808.1
CRUISE,160000,35000,100,-10,0.7975,5837.6
CRUISE,160000,35000,100,-5,0.7975,5867
CRUISE,160000,35000,100,0,0.7975,5896.5
CRUISE,160000,35000,100,5,0.7975,5926
CRUISE,160000,35000,100,10,0.7975,5955.5
CRUISE,160000,35000,100,15,0.7975,5985
CRUISE,160000,35000,100,20,0.7975,6014.5
CRUISE,160000,35000,110,-20,0.8037,5915.5
CRUISE,160000,35000,110,-15,0.8037,5945.7
CRUISE,160000,35000,110,-10,0.8037,5975.9
CRUISE,160000,35000,110,-5,0.8037,6006.1
CRUISE,160000,35000,110,0,0.8037,6036.2
CRUISE,160000,35000,110,5,0.8037,6066.4
CRUISE,160000,35000,110,10,0.8037,6096.6
CRUISE,160000,35000,110,15,0.8037,6126.8
CRUISE,160000,35000,110,20,0.8037,6157
CRUISE,160000,35000,120,-20,0.81,6054.6
CRUISE,160000,35000,120,-15,0.81,6085.5
CRUISE,160000,35000,120,-10,0.81,6116.4
CRUISE,160000,35000,120,-5,0.81,6147.3
CRUISE,160000,35000,120,0,0.81,6178.2
CRUISE,160000,35000,120,5,0.81,6209
CRUISE,160000,35000,120,10,0.81,6239.9
CRUISE,160000,35000,120,15,0.81,6270.8
CRUISE,160000,35000,120,20,0.81,6301.7
CRUISE,160000,35000,130,-20,0.8163,6195.8
CRUISE,160000,35000,130,-15,0.8163,6227.4
CRUISE,160000,35000,130,-10,0.8163,6259.1
CRUISE,160000,35000,130,-5,0.8163,6290.7
CRUISE,160000,35000,130,0,0.8163,6322.3
CRUISE,160000,35000,130,5,0.8163,6353.9
CRUISE,160000,35000,130,10,0.8163,6385.5
CRUISE,160000,35000,130,15,0.8163,6417.1
CRUISE,160000,35000,130,20,0.8163,6448.7
CRUISE,160000,35000,140,-20,0.8225,6339.2
CRUISE,160000,35000,140,-15,0.8225,6371.6
CRUISE,160000,35000,140,-10,0.8225,6403.9
CRUISE,160000,35000,140,-5,0.8225,6436.3
CRUISE,160000,35000,140,0,0.8225,6468.6
CRUISE,160000,35000,140,5,0.8225,6501
CRUISE,160000,35000,140,10,0.8225,6533.3
CRUISE,160000,35000,140,15,0.8225,6565.6
CRUISE,160000,35000,140,20,0.8225,6598
CRUISE,160000,35000,150,-20,0.8287,6484.9
CRUISE,160000,35000,150,-15,0.8287,6517.9
CRUISE,160000,35000,150,-10,0.8287,6551
CRUISE,160000,35000,150,-5,0.8287,6584.1
CRUISE,160000,35000,150,0,0.8287,6617.2
CRUISE,160000,35000,150,5,0.8287,6650.3
CRUISE,160000,35000,150,10,0.8287,6683.4
CRUISE,160000,35000,150,15,0.8287,6716.5
CRUISE,160000,35000,150,20,0.8287,6749.5
CRUISE,160000,35000,160,-20,0.835,6632.7
CRUISE,160000,35000,160,-15,0.835,6666.5
CRUISE,160000,35000,160,-10,0.835,6700.4
CRUISE,160000,35000,160,-5,0.835,6734.2
CRUISE,160000,35000,160,0,0.835,6768
CRUISE,160000,35000,160,5,0.835,6801.9
CRUISE,160000,35000,160,10,0.835,6835.7
CRUISE,160000,35000,160,15,0.835,6869.6
CRUISE,160000,35000,160,20,0.835,6903.4
CRUISE,160000,35000,170,-20,0.8412,6782.7
CRUISE,160000,35000,170,-15,0.8412,6817.3
CRUISE,160000,35000,170,-10,0.8412,6852
CRUISE,160000,35000,170,-5,0.8412,6886.6
CRUISE,160000,35000,170,0,0.8412,6921.2
CRUISE,160000,35000,170,5,0.8412,6955.8
CRUISE,160000,35000,170,10,0.8412,6990.4
CRUISE,160000,35000,170,15,0.8412,7025
CRUISE,160000,35000,170,20,0.8412,7059.6
CRUISE,160000,35000,180,-20,0.8475,6935
CRUISE,160000,35000,180,-15,0.8475,6970.4
CRUISE,160000,35000,180,-10,0.8475,7005.8
CRUISE,160000,35000,180,-5,0.8475,7041.2
CRUISE,160000,35000,180,0,0.8475,7076.6
CRUISE,160000,35000,180,5,0.8475,7112
CRUISE,160000,35000,180,10,0.8475,7147.3
CRUISE,160000,35000,180,15,0.8475,7182.7
CRUISE,160000,35000,180,20,0.8475,7218.1
CRUISE,160000,35000,190,-20,0.8538,7089.6
CRUISE,160000,35000,190,-15,0.8538,7125.8
CRUISE,160000,35000,190,-10,0.8538,7161.9
CRUISE,160000,35000,190,-5,0.8538,7198.1
CRUISE,160000,35000,190,0,0.8538,7234.3
CRUISE,160000,35000,190,5,0.8538,7270.5
CRUISE,160000,35000,190,10,0.8538,7306.6
CRUISE,160000,35000,190,15,0.8538,7342.8
CRUISE,160000,35000,190,20,0.8538,7379
CRUISE,160000,35000,200,-20,0.86,7246.4
CRUISE,160000,35000,200,-15,0.86,7283.4
CRUISE,160000,35000,200,-10,0.86,7320.4
CRUISE,160000,35000,200,-5,0.86,7357.4
CRUISE,160000,35000,200,0,0.86,7394.3
CRUISE,160000,35000,200,5,0.86,7431.3
CRUISE,160000,35000,200,10,0.86,7468.3
CRUISE,160000,35000,200,15,0.86,7505.3
CRUISE,160000,35000,200,20,0.86,7542.2
CRUISE,160000,37000,0,-20,0.772,4576.6
CRUISE,160000,37000,0,-15,0.772,4599.9
CRUISE,160000,37000,0,-10,0.772,4623.3
CRUISE,160000,37000,0,-5,0.772,4646.6
CRUISE,160000,37000,0,0,0.772,4670
CRUISE,160000,37000,0,5,0.772,4693.3
CRUISE,160000,37000,0,10,0.772,4716.7
CRUISE,160000,37000,0,15,0.772,4740
CRUISE,160000,37000,0,20,0.772,4763.4
CRUISE,160000,37000,10,-20,0.7764,4655.3
CRUISE,160000,37000,10,-15,0.7764,4679.1
CRUISE,160000,37000,10,-10,0.7764,4702.8
CRUISE,160000,37000,10,-5,0.7764,4726.6
CRUISE,160000,37000,10,0,0.7764,4750.3
CRUISE,160000,37000,10,5,0.7764,4774.1
CRUISE,160000,37000,10,10,0.7764,4797.8
CRUISE,160000,37000,10,15,0.7764,4821.6
CRUISE,160000,37000,10,20,0.7764,4845.3
CRUISE,160000,37000,20,-20,0.7808,4734.9
CRUISE,160000,37000,20,-15,0.7808,4759.1
CRUISE,160000,37000,20,-10,0.7808,4783.2
CRUISE,160000,37000,20,-5,0.7808,4807.4
CRUISE,160000,37000,20,0,0.7808,4831.5
CRUISE,160000,37000,20,5,0.7808,4855.7
CRUISE,160000,37000,20,10,0.7808,4879.8
CRUISE,160000,37000,20,15,0.7808,4904
CRUISE,160000,37000,20,20,0.7808,4928.2
CRUISE,160000,37000,30,-20,0.7852,4815.4
CRUISE,160000,37000,30,-15,0.7852,4840
CRUISE,160000,37000,30,-10,0.7852,4864.5
CRUISE,160000,37000,30,-5,0.7852,4889.1
CRUISE,160000,37000,30,0,0.7852,4913.7
CRUISE,160000,37000,30,5,0.7852,4938.2
CRUISE,160000,37000,30,10,0.7852,4962.8
CRUISE,160000,37000,30,15,0.7852,4987.4
CRUISE,160000,37000,30,20,0.7852,5011.9
CRUISE,160000,37000,40,-20,0.7896,4896.8
CRUISE,160000,37000,40,-15,0.7896,4921.8
CRUISE,160000,37000,40,-10,0.7896,4946.8
CRUISE,160000,37000,40,-5,0.7896,4971.8
CRUISE,160000,37000,40,0,0.7896,4996.7
CRUISE,160000,37000,40,5,0.7896,5021.7
CRUISE,160000,37000,40,10,0.7896,5046.7
CRUISE,160000,37000,40,15,0.7896,5071.7
CRUISE,160000,37000,40,20,0.7896,5096.7
CRUISE,160000,37000,50,-20,0.794,4979.1
CRUISE,160000,37000,50,-15,0.794,5004.5
CRUISE,160000,37000,50,-10,0.794,5029.9
CRUISE,160000,37000,50,-5,0.794,5055.3
CRUISE,160000,37000,50,0,0.794,5080.7
CRUISE,160000,37000,50,5,0.794,5106.1
CRUISE,160000,37000,50,10,0.794,5131.5
CRUISE,160000,37000,50,15,0.794,5156.9
CRUISE,160000,37000,50,20,0.794,5182.3
CRUISE,160000,37000,60,-20,0.7984,5062.4
CRUISE,160000,37000,60,-15,0.7984,5088.2
CRUISE,160000,37000,60,-10,0.7984,5114
CRUISE,160000,37000,60,-5,0.7984,5139.8
CRUISE,160000,37000,60,0,0.7984,5165.7
CRUISE,160000,37000,60,5,0.7984,5191.5
CRUISE,160000,37000,60,10,0.7984,5217.3
CRUISE,160000,37000,60,15,0.7984,5243.2
CRUISE,160000,37000,60,20,0.7984,5269
CRUISE,160000,37000,70,-20,0.8028,5146.5
CRUISE,160000,37000,70,-15,0.8028,5172.8
CRUISE,160000,37000,70,-10,0.8028,5199
CRUISE,160000,37000,70,-5,0.8028,5225.3
CRUISE,160000,37000,70,0,0.8028,5251.5
CRUISE,160000,37000,70,5,0.8028,5277.8
CRUISE,160000,37000,70,10,0.8028,5304.1
CRUISE,160000,37000,70,15,0.8028,5330.3
CRUISE,160000,37000,70,20,0.8028,5356.6
CRUISE,160000,37000,80,-20,0.8072,5231.6
CRUISE,160000,37000,80,-15,0.8072,5258.3
CRUISE,160000,37000,80,-10,0.8072,5285
CRUISE,160000,37000,80,-5,0.8072,5311.7
CRUISE,160000,37000,80,0,0.8072,5338.4
CRUISE,160000,37000,80,5,0.8072,5365.1
CRUISE,160000,37000,80,10,0.8072,5391.8
CRUISE,160000,37000,80,15,0.8072,5418.4
CRUISE,160000,37000,80,20,0.8072,5445.1
CRUISE,160000,37000,90,-20,0.8116,5317.6
CRUISE,160000,37000,90,-15,0.8116,5344.7
CRUISE,160000,37000,90,-10,0.8116,5371.9
CRUISE,160000,37000,90,-5,0.8116,5399
CRUISE,160000,37000,90,0,0.8116,5426.1
CRUISE,160000,37000,90,5,0.8116,5453.3
CRUISE,160000,37000,90,10,0.8116,5480.4
CRUISE,160000,37000,90,15,0.8116,5507.5
CRUISE,160000,37000,90,20,0.8116,5534.7
CRUISE,160000,37000,100,-20,0.816,5404.6
CRUISE,160000,37000,100,-15,0.816,5432.1
CRUISE,160000,37000,100,-10,0.816,5459.7
CRUISE,160000,37000,100,-5,0.816,5487.3
CRUISE,160000,37000,100,0,0.816,5514.9
CRUISE,160000,37000,100,5,0.816,5542.4
CRUISE,160000,37000,100,10,0.816,5570
CRUISE,160000,37000,100,15,0.816,5597.6
CRUISE,160000,37000,100,20,0.816,5625.2
CRUISE,160000,37000,110,-20,0.8204,5492.5
CRUISE,160000,37000,110,-15,0.8204,5520.5
CRUISE,160000,37000,110,-10,0.8204,5548.5
CRUISE,160000,37000,110,-5,0.8204,5576.5
CRUISE,160000,37000,110,0,0.8204,5604.6
CRUISE,160000,37000,110,5,0.8204,5632.6
CRUISE,160000,37000,110,10,0.8204,5660.6
CRUISE,160000,37000,110,15,0.8204,5688.6
CRUISE,160000,37000,110,20,0.8204,5716.7
CRUISE,160000,37000,120,-20,0.8248,5581.3
CRUISE,160000,37000,120,-15,0.8248,5609.8
CRUISE,160000,37000,120,-10,0.8248,5638.3
CRUISE,160000,37000,120,-5,0.8248,5666.7
CRUISE,160000,37000,120,0,0.8248,5695.2
CRUISE,160000,37000,120,5,0.8248,5723.7
CRUISE,160000,37000,120,10,0.8248,5752.2
CRUISE,160000,37000,120,15,0.8248,5780.7
CRUISE,160000,37000,120,20,0.8248,5809.1
CRUISE,160000,37000,130,-20,0.8292,5671.1
CRUISE,160000,37000,130,-15,0.8292,5700.1
CRUISE,160000,37000,130,-10,0.8292,5729
CRUISE,160000,37000,130,-5,0.8292,5757.9
CRUISE,160000,37000,130,0,0.8292,5786.9
CRUISE,160000,37000,130,5,0.8292,5815.8
CRUISE,160000,37000,130,10,0.8292,5844.7
CRUISE,160000,37000,130,15,0.8292,5873.7
CRUISE,160000,37000,130,20,0.8292,5902.6
CRUISE,160000,37000,140,-20,0.8336,5761.9
CRUISE,160000,37000,140,-15,0.8336,5791.3
CRUISE,160000,37000,140,-10,0.8336,5820.7
CRUISE,160000,37000,140,-5,0.8336,5850.1
CRUISE,160000,37000,140,0,0.8336,5879.5
CRUISE,160000,37000,140,5,0.8336,5908.9
CRUISE,160000,37000,140,10,0.8336,5938.3
CRUISE,160000,37000,140,15,0.8336,5967.7
CRUISE,160000,37000,140,20,0.8336,5997.1
CRUISE,160000,37000,150,-20,0.838,5853.6
CRUISE,160000,37000,150,-15,0.838,5883.5
CRUISE,160000,37000,150,-10,0.838,5913.3
CRUISE,160000,37000,150,-5,0.838,5943.2
CRUISE,160000,37000,150,0,0.838,5973.1
CRUISE,160000,37000,150,5,0.838,6002.9
CRUISE,160000,37000,150,10,0.838,6032.8
CRUISE,160000,37000,150,15,0.838,6062.7
CRUISE,160000,37000,150,20,0.838,6092.5
CRUISE,160000,37000,160,-20,0.8424,5946.3
CRUISE,160000,37000,160,-15,0.8424,5976.6
CRUISE,160000,37000,160,-10,0.8424,6007
CRUISE,160000,37000,160,-5,0.8424,6037.3
CRUISE,160000,37000,160,0,0.8424,6067.6
CRUISE,160000,37000,160,5,0.8424,6098
CRUISE,160000,37000,160,10,0.8424,6128.3
CRUISE,160000,37000,160,15,0.8424,6158.7
CRUISE,160000,37000,160,20,0.8424,6189
CRUISE,160000,37000,170,-20,0.8468,6040
CRUISE,160000,37000,170,-15,0.8468,6070.8
CRUISE,160000,37000,170,-10,0.8468,6101.6
CRUISE,160000,37000,170,-5,0.8468,6132.4
CRUISE,160000,37000,170,0,0.8468,6163.2
CRUISE,160000,37000,170,5,0.8468,6194
CRUISE,160000,37000,170,10,0.8468,6224.9
CRUISE,160000,37000,170,15,0.8468,6255.7
CRUISE,160000,37000,170,20,0.8468,6286.5
CRUISE,160000,37000,180,-20,0.8512,6134.6
CRUISE,160000,37000,180,-15,0.8512,6165.9
CRUISE,160000,37000,180,-10,0.8512,6197.2
CRUISE,160000,37000,180,-5,0.8512,6228.5
CRUISE,160000,37000,180,0,0.8512,6259.8
CRUISE,160000,37000,180,5,0.8512,6291.1
CRUISE,160000,37000,180,10,0.8512,6322.4
CRUISE,160000,37000,180,15,0.8512,6353.7
CRUISE,160000,37000,180,20,0.8512,6385
CRUISE,160000,37000,190,-20,0.8556,6230.2
CRUISE,160000,37000,190,-15,0.8556,6262
CRUISE,160000,37000,190,-10,0.8556,6293.8
CRUISE,160000,37000,190,-5,0.8556,6325.6
CRUISE,160000,37000,190,0,0.8556,6357.4
CRUISE,160000,37000,190,5,0.8556,6389.2
CRUISE,160000,37000,190,10,0.8556,6420.9
CRUISE,160000,37000,190,15,0.8556,6452.7
CRUISE,160000,37000,190,20,0.8556,6484.5
CRUISE,160000,37000,200,-20,0.86,6326.8
CRUISE,160000,37000,200,-15,0.86,6359.1
CRUISE,160000,37000,200,-10,0.86,6391.4
CRUISE,160000,37000,200,-5,0.86,6423.7
CRUISE,160000,37000,200,0,0.86,6456
CRUISE,160000,37000,200,5,0.86,6488.2
CRUISE,160000,37000,200,10,0.86,6520.5
CRUISE,160000,37000,200,15,0.86,6552.8
CRUISE,160000,37000,200,20,0.86,6585.1
CRUISE,160000,39000,0,-20,0.806,4649.1
CRUISE,160000,39000,0,-15,0.806,4672.8
CRUISE,160000,39000,0,-10,0.806,4696.6
CRUISE,160000,39000,0,-5,0.806,4720.3
CRUISE,160000,39000,0,0,0.806,4744
CRUISE,160000,39000,0,5,0.806,4767.7
CRUISE,160000,39000,0,10,0.806,4791.4
CRUISE,160000,39000,0,15,0.806,4815.2
CRUISE,160000,39000,0,20,0.806,4838.9
CRUISE,160000,39000,10,-20,0.8087,4696
CRUISE,160000,39000,10,-15,0.8087,4720
CRUISE,160000,39000,10,-10,0.8087,4743.9
CRUISE,160000,39000,10,-5,0.8087,4767.9
CRUISE,160000,39000,10,0,0.8087,4791.8
CRUISE,160000,39000,10,5,0.8087,4815.8
CRUISE,160000,39000,10,10,0.8087,4839.8
CRUISE,160000,39000,10,15,0.8087,4863.7
CRUISE,160000,39000,10,20,0.8087,4887.7
CRUISE,160000,39000,20,-20,0.8114,4743.2
CRUISE,160000,39000,20,-15,0.8114,4767.4
CRUISE,160000,39000,20,-10,0.8114,4791.6
CRUISE,160000,39000,20,-5,0.8114,4815.8
CRUISE,160000,39000,20,0,0.8114,4840
CRUISE,160000,39000,20,5,0.8114,4864.2
CRUISE,160000,39000,20,10,0.8114,4888.4
CRUISE,160000,39000,20,15,0.8114,4912.6
CRUISE,160000,39000,20,20,0.8114,4936.8
CRUISE,160000,39000,30,-20,0.8141,4790.7
CRUISE,160000,39000,30,-15,0.8141,4815.1
CRUISE,160000,39000,30,-10,0.8141,4839.6
CRUISE,160000,39000,30,-5,0.8141,4864
CRUISE,160000,39000,30,0,0.8141,4888.5
CRUISE,160000,39000,30,5,0.8141,4912.9
CRUISE,160000,39000,30,10,0.8141,4937.4
CRUISE,160000,39000,30,15,0.8141,4961.8
CRUISE,160000,39000,30,20,0.8141,4986.2
CRUISE,160000,39000,40,-20,0.8168,4838.5
CRUISE,160000,39000,40,-15,0.8168,4863.2
CRUISE,160000,39000,40,-10,0.8168,4887.9
CRUISE,160000,39000,40,-5,0.8168,4912.6
CRUISE,160000,39000,40,0,0.8168,4937.3
CRUISE,160000,39000,40,5,0.8168,4962
CRUISE,160000,39000,40,10,0.8168,4986.6
CRUISE,160000,39000,40,15,0.8168,5011.3
CRUISE,160000,39000,40,20,0.8168,5036
CRUISE,160000,39000,50,-20,0.8195,4886.7
CRUISE,160000,39000,50,-15,0.8195,4911.6
CRUISE,160000,39000,50,-10,0.8195,4936.5
CRUISE,160000,39000,50,-5,0.8195,4961.5
CRUISE,160000,39000,50,0,0.8195,4986.4
CRUISE,160000,39000,50,5,0.8195,5011.3
CRUISE,160000,39000,50,10,0.8195,5036.3
CRUISE,160000,39000,50,15,0.8195,5061.2
CRUISE,160000,39000,50,20,0.8195,5086.1
CRUISE,160000,39000,60,-20,0.8222,4935.1
CRUISE,160000,39000,60,-15,0.8222,4960.3
CRUISE,160000,39000,60,-10,0.8222,4985.5
CRUISE,160000,39000,60,-5,0.8222,5010.7
CRUISE,160000,39000,60,0,0.8222,5035.8
CRUISE,160000,39000,60,5,0.8222,5061
CRUISE,160000,39000,60,10,0.8222,5086.2
CRUISE,160000,39000,60,15,0.8222,5111.4
CRUISE,160000,39000,60,20,0.8222,5136.6
CRUISE,160000,39000,70,-20,0.8249,4983.9
CRUISE,160000,39000,70,-15,0.8249,5009.3
CRUISE,160000,39000,70,-10,0.8249,5034.8
CRUISE,160000,39000,70,-5,0.8249,5060.2
CRUISE,160000,39000,70,0,0.8249,5085.6
CRUISE,160000,39000,70,5,0.8249,5111
CRUISE,160000,39000,70,10,0.8249,5136.5
CRUISE,160000,39000,70,15,0.8249,5161.9
CRUISE,160000,39000,70,20,0.8249,5187.3
CRUISE,160000,39000,80,-20,0.8276,5033
CRUISE,160000,39000,80,-15,0.8276,5058.7
CRUISE,160000,39000,80,-10,0.8276,5084.4
CRUISE,160000,39000,80,-5,0.8276,5110
CRUISE,160000,39000,80,0,0.8276,5135.7
CRUISE,160000,39000,80,5,0.8276,5161.4
CRUISE,160000,39000,80,10,0.8276,5187.1
CRUISE,160000,39000,80,15,0.8276,5212.8
CRUISE,160000,39000,80,20,0.8276,5238.4
CRUISE,160000,39000,90,-20,0.8303,5082.4
CRUISE,160000,39000,90,-15,0.8303,5108.4
CRUISE,160000,39000,90,-10,0.8303,5134.3
CRUISE,160000,39000,90,-5,0.8303,5160.2
CRUISE,160000,39000,90,0,0.8303,5186.1
CRUISE,160000,39000,90,5,0.8303,5212.1
CRUISE,160000,39000,90,10,0.8303,5238
CRUISE,160000,39000,90,15,0.8303,5263.9
CRUISE,160000,39000,90,20,0.8303,5289.9
CRUISE,160000,39000,100,-20,0.833,5132.2
CRUISE,160000,39000,100,-15,0.833,5158.3
CRUISE,160000,39000,100,-10,0.833,5184.5
CRUISE,160000,39000,100,-5,0.833,5210.7
CRUISE,160000,39000,100,0,0.833,5236.9
CRUISE,160000,39000,100,5,0.833,5263.1
CRUISE,160000,39000,100,10,0.833,5289.3
CRUISE,160000,39000,100,15,0.833,5315.5
CRUISE,160000,39000,100,20,0.833,5341.6
CRUISE,160000,39000,110,-20,0.8357,5182.2
CRUISE,160000,39000,110,-15,0.8357,5208.7
CRUISE,160000,39000,110,-10,0.8357,5235.1
CRUISE,160000,39000,110,-5,0.8357,5261.6
CRUISE,160000,39000,110,0,0.8357,5288
CRUISE,160000,39000,110,5,0.8357,5314.4
CRUISE,160000,39000,110,10,0.8357,5340.9
CRUISE,160000,39000,110,15,0.8357,5367.3
CRUISE,160000,39000,110,20,0.8357,5393.8
CRUISE,160000,39000,120,-20,0.8384,5232.6
CRUISE,160000,39000,120,-15,0.8384,5259.3
CRUISE,160000,39000,120,-10,0.8384,5286
CRUISE,160000,39000,120,-5,0.8384,5312.7
CRUISE,160000,39000,120,0,0.8384,5339.4
CRUISE,160000,39000,120,5,0.8384,5366.1
CRUISE,160000,39000,120,10,0.8384,5392.8
CRUISE,160000,39000,120,15,0.8384,5419.5
CRUISE,160000,39000,120,20,0.8384,5446.2
CRUISE,160000,39000,130,-20,0.8411,5283.3
CRUISE,160000,39000,130,-15,0.8411,5310.3
CRUISE,160000,39000,130,-10,0.8411,5337.3
CRUISE,160000,39000,130,-5,0.8411,5364.2
CRUISE,160000,39000,130,0,0.8411,5391.2
CRUISE,160000,39000,130,5,0.8411,5418.1
CRUISE,160000,39000,130,10,0.8411,5445.1
CRUISE,160000,39000,130,15,0.8411,5472
CRUISE,160000,39000,130,20,0.8411,5499
CRUISE,160000,39000,140,-20,0.8438,5334.4
CRUISE,160000,39000,140,-15,0.8438,5361.6
CRUISE,160000,39000,140,-10,0.8438,5388.8
CRUISE,160000,39000,140,-5,0.8438,5416
CRUISE,160000,39000,140,0,0.8438,5443.2
CRUISE,160000,39000,140,5,0.8438,5470.5
CRUISE,160000,39000,140,10,0.8438,5497.7
CRUISE,160000,39000,140,15,0.8438,5524.9
CRUISE,160000,39000,140,20,0.8438,5552.1
CRUISE,160000,39000,150,-20,0.8465,5385.8
CRUISE,160000,39000,150,-15,0.8465,5413.2
CRUISE,160000,39000,150,-10,0.8465,5440.7
CRUISE,160000,39000,150,-5,0.8465,5468.2
CRUISE,160000,39000,150,0,0.8465,5495.7
CRUISE,160000,39000,150,5,0.8465,5523.1
CRUISE,160000,39000,150,10,0.8465,5550.6
CRUISE,160000,39000,150,15,0.8465,5578.1
CRUISE,160000,39000,150,20,0.8465,5605.6
CRUISE,160000,39000,160,-20,0.8492,5437.5
CRUISE,160000,39000,160,-15,0.8492,5465.2
CRUISE,160000,39000,160,-10,0.8492,5492.9
CRUISE,160000,39000,160,-5,0.8492,5520.7
CRUISE,160000,39000,160,0,0.8492,5548.4
CRUISE,160000,39000,160,5,0.8492,5576.2
CRUISE,160000,39000,160,10,0.8492,5603.9
CRUISE,160000,39000,160,15,0.8492,5631.6
CRUISE,160000,39000,160,20,0.8492,5659.4
CRUISE,160000,39000,170,-20,0.8519,5489.5
CRUISE,160000,39000,170,-15,0.8519,5517.5
CRUISE,160000,39000,170,-10,0.8519,5545.5
CRUISE,160000,39000,170,-5,0.8519,5573.5
CRUISE,160000,39000,170,0,0.8519,5601.5
CRUISE,160000,39000,170,5,0.8519,5629.5
CRUISE,160000,39000,170,10,0.8519,5657.5
CRUISE,160000,39000,170,15,0.8519,5685.5
CRUISE,160000,39000,170,20,0.8519,5713.5
CRUISE,160000,39000,180,-20,0.8546,5541.8
CRUISE,160000,39000,180,-15,0.8546,5570.1
CRUISE,160000,39000,180,-10,0.8546,5598.4
CRUISE,160000,39000,180,-5,0.8546,5626.7
CRUISE,160000,39000,180,0,0.8546,5654.9
CRUISE,160000,39000,180,5,0.8546,5683.2
CRUISE,160000,39000,180,10,0.8546,5711.5
CRUISE,160000,39000,180,15,0.8546,5739.8
CRUISE,160000,39000,180,20,0.8546,5768
CRUISE,160000,39000,190,-20,0.8573,5594.5
CRUISE,160000,39000,190,-15,0.8573,5623.1
CRUISE,160000,39000,190,-10,0.8573,5651.6
CRUISE,160000,39000,190,-5,0.8573,5680.2
CRUISE,160000,39000,190,0,0.8573,5708.7
CRUISE,160000,39000,190,5,0.8573,5737.3
CRUISE,160000,39000,190,10,0.8573,5765.8
CRUISE,160000,39000,190,15,0.8573,5794.3
CRUISE,160000,39000,190,20,0.8573,5822.9
CRUISE,160000,39000,200,-20,0.86,5647.6
CRUISE,160000,39000,200,-15,0.86,5676.4
CRUISE,160000,39000,200,-10,0.86,5705.2
CRUISE,160000,39000,200,-5,0.86,5734
CRUISE,160000,39000,200,0,0.86,5762.8
CRUISE,160000,39000,200,5,0.86,5791.6
CRUISE,160000,39000,200,10,0.86,5820.4
CRUISE,160000,39000,200,15,0.86,5849.3
CRUISE,160000,39000,200,20,0.86,5878.1
CRUISE,160000,41000,0,-20,0.828,4662.8
CRUISE,160000,41000,0,-15,0.828,4686.6
CRUISE,160000,41000,0,-10,0.828,4710.4
CRUISE,160000,41000,0,-5,0.828,4734.2
CRUISE,160000,41000,0,0,0.828,4758
CRUISE,160000,41000,0,5,0.828,4781.8
CRUISE,160000,41000,0,10,0.828,4805.6
CRUISE,160000,41000,0,15,0.828,4829.4
CRUISE,160000,41000,0,20,0.828,4853.2
CRUISE,160000,41000,10,-20,0.8296,4689.9
CRUISE,160000,41000,10,-15,0.8296,4713.9
CRUISE,160000,41000,10,-10,0.8296,4737.8
CRUISE,160000,41000,10,-5,0.8296,4761.7
CRUISE,160000,41000,10,0,0.8296,4785.6
CRUISE,160000,41000,10,5,0.8296,4809.6
CRUISE,160000,41000,10,10,0.8296,4833.5
CRUISE,160000,41000,10,15,0.8296,4857.4
CRUISE,160000,41000,10,20,0.8296,4881.3
CRUISE,160000,41000,20,-20,0.8312,4717.1
CRUISE,160000,41000,20,-15,0.8312,4741.2
CRUISE,160000,41000,20,-10,0.8312,4765.2
CRUISE,160000,41000,20,-5,0.8312,4789.3
CRUISE,160000,41000,20,0,0.8312,4813.4
CRUISE,160000,41000,20,5,0.8312,4837.4
CRUISE,160000,41000,20,10,0.8312,4861.5
CRUISE,160000,41000,20,15,0.8312,4885.6
CRUISE,160000,41000,20,20,0.8312,4909.6
CRUISE,160000,41000,30,-20,0.8328,4744.4
CRUISE,160000,41000,30,-15,0.8328,4768.6
CRUISE,160000,41000,30,-10,0.8328,4792.8
CRUISE,160000,41000,30,-5,0.8328,4817
CRUISE,160000,41000,30,0,0.8328,4841.2
CRUISE,160000,41000,30,5,0.8328,4865.4
CRUISE,160000,41000,30,10,0.8328,4889.6
CRUISE,160000,41000,30,15,0.8328,4913.8
CRUISE,160000,41000,30,20,0.8328,4938.1
CRUISE,160000,41000,40,-20,0.8344,4771.8
CRUISE,160000,41000,40,-15,0.8344,4796.1
CRUISE,160000,41000,40,-10,0.8344,4820.5
CRUISE,160000,41000,40,-5,0.8344,4844.8
CRUISE,160000,41000,40,0,0.8344,4869.2
CRUISE,160000,41000,40,5,0.8344,4893.5
CRUISE,160000,41000,40,10,0.8344,4917.9
CRUISE,160000,41000,40,15,0.8344,4942.2
CRUISE,160000,41000,40,20,0.8344,4966.6
CRUISE,160000,41000,50,-20,0.836,4799.3
CRUISE,160000,41000,50,-15,0.836,4823.8
CRUISE,160000,41000,50,-10,0.836,4848.3
CRUISE,160000,41000,50,-5,0.836,4872.8
CRUISE,160000,41000,50,0,0.836,4897.2
CRUISE,160000,41000,50,5,0.836,4921.7
CRUISE,160000,41000,50,10,0.836,4946.2
CRUISE,160000,41000,50,15,0.836,4970.7
CRUISE,160000,41000,50,20,0.836,4995.2
CRUISE,160000,41000,60,-20,0.8376,4826.9
CRUISE,160000,41000,60,-15,0.8376,4851.5
CRUISE,160000,41000,60,-10,0.8376,4876.2
CRUISE,160000,41000,60,-5,0.8376,4900.8
CRUISE,160000,41000,60,0,0.8376,4925.4
CRUISE,160000,41000,60,5,0.8376,4950
CRUISE,160000,41000,60,10,0.8376,4974.7
CRUISE,160000,41000,60,15,0.8376,4999.3
CRUISE,160000,41000,60,20,0.8376,5023.9
CRUISE,160000,41000,70,-20,0.8392,4854.6
CRUISE,160000,41000,70,-15,0.8392,4879.4
CRUISE,160000,41000,70,-10,0.8392,4904.2
CRUISE,160000,41000,70,-5,0.8392,4928.9
CRUISE,160000,41000,70,0,0.8392,4953.7
CRUISE,160000,41000,70,5,0.8392,4978.5
CRUISE,160000,41000,70,10,0.8392,5003.2
CRUISE,160000,41000,70,15,0.8392,5028
CRUISE,160000,41000,70,20,0.8392,5052.8
CRUISE,160000,41000,80,-20,0.8408,4882.4
CRUISE,160000,41000,80,-15,0.8408,4907.4
CRUISE,160000,41000,80,-10,0.8408,4932.3
CRUISE,160000,41000,80,-5,0.8408,4957.2
CRUISE,160000,41000,80,0,0.8408,4982.1
CRUISE,160000,41000,80,5,0.8408,5007
CRUISE,160000,41000,80,10,0.8408,5031.9
CRUISE,160000,41000,80,15,0.8408,5056.8
CRUISE,160000,41000,80,20,0.8408,5081.7
CRUISE,160000,41000,90,-20,0.8424,4910.4
CRUISE,160000,41000,90,-15,0.8424,4935.4
CRUISE,160000,41000,90,-10,0.8424,4960.5
CRUISE,160000,41000,90,-5,0.8424,4985.5
CRUISE,160000,41000,90,0,0.8424,5010.6
CRUISE,160000,41000,90,5,0.8424,5035.6
CRUISE,160000,41000,90,10,0.8424,5060.7
CRUISE,160000,41000,90,15,0.8424,5085.7
CRUISE,160000,41000,90,20,0.8424,5110.8
CRUISE,160000,41000,100,-20,0.844,4938.4
CRUISE,160000,41000,100,-15,0.844,4963.6
CRUISE,160000,41000,100,-10,0.844,4988.8
CRUISE,160000,41000,100,-5,0.844,5014
CRUISE,160000,41000,100,0,0.844,5039.2
CRUISE,160000,41000,100,5,0.844,5064.4
CRUISE,160000,41000,100,10,0.844,5089.6
CRUISE,160000,41000,100,15,0.844,5114.8
CRUISE,160000,41000,100,20,0.844,5140
CRUISE,160000,41000,110,-20,0.8456,4966.5
CRUISE,160000,41000,110,-15,0.8456,4991.9
CRUISE,160000,41000,110,-10,0.8456,5017.2
CRUISE,160000,41000,110,-5,0.8456,5042.6
CRUISE,160000,41000,110,0,0.8456,5067.9
CRUISE,160000,41000,110,5,0.8456,5093.2
CRUISE,160000,41000,110,10,0.8456,5118.6
CRUISE,160000,41000,110,15,0.8456,5143.9
CRUISE,160000,41000,110,20,0.8456,5169.3
CRUISE,160000,41000,120,-20,0.8472,4994.8
CRUISE,160000,41000,120,-15,0.8472,5020.3
CRUISE,160000,41000,120,-10,0.8472,5045.8
CRUISE,160000,41000,120,-5,0.8472,5071.2
CRUISE,160000,41000,120,0,0.8472,5096.7
CRUISE,160000,41000,120,5,0.8472,5122.2
CRUISE,160000,41000,120,10,0.8472,5147.7
CRUISE,160000,41000,120,15,0.8472,5173.2
CRUISE,160000,41000,120,20,0.8472,5198.7
CRUISE,160000,41000,130,-20,0.8488,5023.1
CRUISE,160000,41000,130,-15,0.8488,5048.8
CRUISE,160000,41000,130,-10,0.8488,5074.4
CRUISE,160000,41000,130,-5,0.8488,5100
CRUISE,160000,41000,130,0,0.8488,5125.7
CRUISE,160000,41000,130,5,0.8488,5151.3
CRUISE,160000,41000,130,10,0.8488,5176.9
CRUISE,160000,41000,130,15,0.8488,5202.5
CRUISE,160000,41000,130,20,0.8488,5228.2
CRUISE,160000,41000,140,-20,0.8504,5051.6
CRUISE,160000,41000,140,-15,0.8504,5077.4
CRUISE,160000,41000,140,-10,0.8504,5103.2
CRUISE,160000,41000,140,-5,0.8504,5128.9
CRUISE,160000,41000,140,0,0.8504,5154.7
CRUISE,160000,41000,140,5,0.8504,5180.5
CRUISE,160000,41000,140,10,0.8504,5206.2
CRUISE,160000,41000,140,15,0.8504,5232
CRUISE,160000,41000,140,20,0.8504,5257.8
CRUISE,160000,41000,150,-20,0.852,5080.2
CRUISE,160000,41000,150,-15,0.852,5106.1
CRUISE,160000,41000,150,-10,0.852,5132
CRUISE,160000,41000,150,-5,0.852,5157.9
CRUISE,160000,41000,150,0,0.852,5183.8
CRUISE,160000,41000,150,5,0.852,5209.8
CRUISE,160000,41000,150,10,0.852,5235.7
CRUISE,160000,41000,150,15,0.852,5261.6
CRUISE,160000,41000,150,20,0.852,5287.5
CRUISE,160000,41000,160,-20,0.8536,5108.8
CRUISE,160000,41000,160,-15,0.8536,5134.9
CRUISE,160000,41000,160,-10,0.8536,5161
CRUISE,160000,41000,160,-5,0.8536,5187
CRUISE,160000,41000,160,0,0.8536,5213.1
CRUISE,160000,41000,160,5,0.8536,5239.2
CRUISE,160000,41000,160,10,0.8536,5265.2
CRUISE,160000,41000,160,15,0.8536,5291.3
CRUISE,160000,41000,160,20,0.8536,5317.4
CRUISE,160000,41000,170,-20,0.8552,5137.6
CRUISE,160000,41000,170,-15,0.8552,5163.8
CRUISE,160000,41000,170,-10,0.8552,5190.1
CRUISE,160000,41000,170,-5,0.8552,5216.3
CRUISE,160000,41000,170,0,0.8552,5242.5
CRUISE,160000,41000,170,5,0.8552,5268.7
CRUISE,160000,41000,170,10,0.8552,5294.9
CRUISE,160000,41000,170,15,0.8552,5321.1
CRUISE,160000,41000,170,20,0.8552,5347.3
CRUISE,160000,41000,180,-20,0.8568,5166.5
CRUISE,160000,41000,180,-15,0.8568,5192.9
CRUISE,160000,41000,180,-10,0.8568,5219.2
CRUISE,160000,41000,180,-5,0.8568,5245.6
CRUISE,160000,41000,180,0,0.8568,5272
CRUISE,160000,41000,180,5,0.8568,5298.3
CRUISE,160000,41000,180,10,0.8568,5324.7
CRUISE,160000,41000,180,15,0.8568,5351
CRUISE,160000,41000,180,20,0.8568,5377.4
CRUISE,160000,41000,190,-20,0.8584,5195.5
CRUISE,160000,41000,190,-15,0.8584,5222
CRUISE,160000,41000,190,-10,0.8584,5248.5
CRUISE,160000,41000,190,-5,0.8584,5275
CRUISE,160000,41000,190,0,0.8584,5301.5
CRUISE,160000,41000,190,5,0.8584,5328.1
CRUISE,160000,41000,190,10,0.8584,5354.6
CRUISE,160000,41000,190,15,0.8584,5381.1
CRUISE,160000,41000,190,20,0.8584,5407.6
CRUISE,160000,41000,200,-20,0.86,5224.6
CRUISE,160000,41000,200,-15,0.86,5251.3
CRUISE,160000,41000,200,-10,0.86,5277.9
CRUISE,160000,41000,200,-5,0.86,5304.6
CRUISE,160000,41000,200,0,0.86,5331.2
CRUISE,160000,41000,200,5,0.86,5357.9
CRUISE,160000,41000,200,10,0.86,5384.6
CRUISE,160000,41000,200,15,0.86,5411.2
CRUISE,160000,41000,200,20,0.86,5437.9
CRUISE,160000,43000,0,-20,0.838,4617.8
CRUISE,160000,43000,0,-15,0.838,4641.3
CRUISE,160000,43000,0,-10,0.838,4664.9
CRUISE,160000,43000,0,-5,0.838,4688.4
CRUISE,160000,43000,0,0,0.838,4712
CRUISE,160000,43000,0,5,0.838,4735.6
CRUISE,160000,43000,0,10,0.838,4759.1
CRUISE,160000,43000,0,15,0.838,4782.7
CRUISE,160000,43000,0,20,0.838,4806.2
CRUISE,160000,43000,10,-20,0.8391,4636
CRUISE,160000,43000,10,-15,0.8391,4659.6
CRUISE,160000,43000,10,-10,0.8391,4683.3
CRUISE,160000,43000,10,-5,0.8391,4706.9
CRUISE,160000,43000,10,0,0.8391,4730.6
CRUISE,160000,43000,10,5,0.8391,4754.2
CRUISE,160000,43000,10,10,0.8391,4777.9
CRUISE,160000,43000,10,15,0.8391,4801.5
CRUISE,160000,43000,10,20,0.8391,4825.2
CRUISE,160000,43000,20,-20,0.8402,4654.2
CRUISE,160000,43000,20,-15,0.8402,4678
CRUISE,160000,43000,20,-10,0.8402,4701.7
CRUISE,160000,43000,20,-5,0.8402,4725.5
CRUISE,160000,43000,20,0,0.8402,4749.2
CRUISE,160000,43000,20,5,0.8402,4773
CRUISE,160000,43000,20,10,0.8402,4796.7
CRUISE,160000,43000,20,15,0.8402,4820.4
CRUISE,160000,43000,20,20,0.8402,4844.2
CRUISE,160000,43000,30,-20,0.8413,4672.5
CRUISE,160000,43000,30,-15,0.8413,4696.4
CRUISE,160000,43000,30,-10,0.8413,4720.2
CRUISE,160000,43000,30,-5,0.8413,4744
CRUISE,160000,43000,30,0,0.8413,4767.9
CRUISE,160000,43000,30,5,0.8413,4791.7
CRUISE,160000,43000,30,10,0.8413,4815.6
CRUISE,160000,43000,30,15,0.8413,4839.4
CRUISE,160000,43000,30,20,0.8413,4863.2
CRUISE,160000,43000,40,-20,0.8424,4690.9
CRUISE,160000,43000,40,-15,0.8424,4714.8
CRUISE,160000,43000,40,-10,0.8424,4738.7
CRUISE,160000,43000,40,-5,0.8424,4762.7
CRUISE,160000,43000,40,0,0.8424,4786.6
CRUISE,160000,43000,40,5,0.8424,4810.5
CRUISE,160000,43000,40,10,0.8424,4834.5
CRUISE,160000,43000,40,15,0.8424,4858.4
CRUISE,160000,43000,40,20,0.8424,4882.3
CRUISE,160000,43000,50,-20,0.8435,4709.3
CRUISE,160000,43000,50,-15,0.8435,4733.3
CRUISE,160000,43000,50,-10,0.8435,4757.3
CRUISE,160000,43000,50,-5,0.8435,4781.4
CRUISE,160000,43000,50,0,0.8435,4805.4
CRUISE,160000,43000,50,5,0.8435,4829.4
CRUISE,160000,43000,50,10,0.8435,4853.4
CRUISE,160000,43000,50,15,0.8435,4877.5
CRUISE,160000,43000,50,20,0.8435,4901.5
CRUISE,160000,43000,60,-20,0.8446,4727.7
CRUISE,160000,43000,60,-15,0.8446,4751.8
CRUISE,160000,43000,60,-10,0.8446,4776
CRUISE,160000,43000,60,-5,0.8446,4800.1
CRUISE,160000,43000,60,0,0.8446,4824.2
CRUISE,160000,43000,60,5,0.8446,4848.3
CRUISE,160000,43000,60,10,0.8446,4872.5
CRUISE,160000,43000,60,15,0.8446,4896.6
CRUISE,160000,43000,60,20,0.8446,4920.7
CRUISE,160000,43000,70,-20,0.8457,4746.2
CRUISE,160000,43000,70,-15,0.8457,4770.4
CRUISE,160000,43000,70,-10,0.8457,4794.7
CRUISE,160000,43000,70,-5,0.8457,4818.9
CRUISE,160000,43000,70,0,0.8457,4843.1
CRUISE,160000,43000,70,5,0.8457,4867.3
CRUISE,160000,43000,70,10,0.8457,4891.5
CRUISE,160000,43000,70,15,0.8457,4915.7
CRUISE,160000,43000,70,20,0.8457,4939.9
CRUISE,160000,43000,80,-20,0.8468,4764.8
CRUISE,160000,43000,80,-15,0.8468,4789.1
CRUISE,160000,43000,80,-10,0.8468,4813.4
CRUISE,160000,43000,80,-5,0.8468,4837.7
CRUISE,160000,43000,80,0,0.8468,4862
CRUISE,160000,43000,80,5,0.8468,4886.3
CRUISE,160000,43000,80,10,0.8468,4910.6
CRUISE,160000,43000,80,15,0.8468,4934.9
CRUISE,160000,43000,80,20,0.8468,4959.2
CRUISE,160000,43000,90,-20,0.8479,4783.4
CRUISE,160000,43000,90,-15,0.8479,4807.8
CRUISE,160000,43000,90,-10,0.8479,4832.2
CRUISE,160000,43000,90,-5,0.8479,4856.6
CRUISE,160000,43000,90,0,0.8479,4881
CRUISE,160000,43000,90,5,0.8479,4905.4
CRUISE,160000,43000,90,10,0.8479,4929.8
CRUISE,160000,43000,90,15,0.8479,4954.2
CRUISE,160000,43000,90,20,0.8479,4978.6
CRUISE,160000,43000,100,-20,0.849,4802
CRUISE,160000,43000,100,-15,0.849,4826.5
CRUISE,160000,43000,100,-10,0.849,4851
CRUISE,160000,43000,100,-5,0.849,4875.5
CRUISE,160000,43000,100,0,0.849,4900
CRUISE,160000,43000,100,5,0.849,4924.5
CRUISE,160000,43000,100,10,0.849,4949
CRUISE,160000,43000,100,15,0.849,4973.5
CRUISE,160000,43000,100,20,0.849,4998
CRUISE,160000,43000,110,-20,0.8501,4820.7
CRUISE,160000,43000,110,-15,0.8501,4845.3
CRUISE,160000,43000,110,-10,0.8501,4869.9
CRUISE,160000,43000,110,-5,0.8501,4894.5
CRUISE,160000,43000,110,0,0.8501,4919.1
CRUISE,160000,43000,110,5,0.8501,4943.7
CRUISE,160000,43000,110,10,0.8501,4968.3
CRUISE,160000,43000,110,15,0.8501,4992.9
CRUISE,160000,43000,110,20,0.8501,5017.5
CRUISE,160000,43000,120,-20,0.8512,4839.4
CRUISE,160000,43000,120,-15,0.8512,4864.1
CRUISE,160000,43000,120,-10,0.8512,4888.8
CRUISE,160000,43000,120,-5,0.8512,4913.5
CRUISE,160000,43000,120,0,0.8512,4938.2
CRUISE,160000,43000,120,5,0.8512,4962.9
CRUISE,160000,43000,120,10,0.8512,4987.6
CRUISE,160000,43000,120,15,0.8512,5012.3
CRUISE,160000,43000,120,20,0.8512,5037
CRUISE,160000,43000,130,-20,0.8523,4858.2
CRUISE,160000,43000,130,-15,0.8523,4883
CRUISE,160000,43000,130,-10,0.8523,4907.8
CRUISE,160000,43000,130,-5,0.8523,4932.6
CRUISE,160000,43000,130,0,0.8523,4957.4
CRUISE,160000,43000,130,5,0.8523,4982.1
CRUISE,160000,43000,130,10,0.8523,5006.9
CRUISE,160000,43000,130,15,0.8523,5031.7
CRUISE,160000,43000,130,20,0.8523,5056.5
CRUISE,160000,43000,140,-20,0.8534,4877.1
CRUISE,160000,43000,140,-15,0.8534,4901.9
CRUISE,160000,43000,140,-10,0.8534,4926.8
CRUISE,160000,43000,140,-5,0.8534,4951.7
CRUISE,160000,43000,140,0,0.8534,4976.6
CRUISE,160000,43000,140,5,0.8534,5001.5
CRUISE,160000,43000,140,10,0.8534,5026.3
CRUISE,160000,43000,140,15,0.8534,5051.2
CRUISE,160000,43000,140,20,0.8534,5076.1
CRUISE,160000,43000,150,-20,0.8545,4895.9
CRUISE,160000,43000,150,-15,0.8545,4920.9
CRUISE,160000,43000,150,-10,0.8545,4945.9
CRUISE,160000,43000,150,-5,0.8545,4970.9
CRUISE,160000,43000,150,0,0.8545,4995.9
CRUISE,160000,43000,150,5,0.8545,5020.8
CRUISE,160000,43000,150,10,0.8545,5045.8
CRUISE,160000,43000,150,15,0.8545,5070.8
CRUISE,160000,43000,150,20,0.8545,5095.8
CRUISE,160000,43000,160,-20,0.8556,4914.9
CRUISE,160000,43000,160,-15,0.8556,4939.9
CRUISE,160000,43000,160,-10,0.8556,4965
CRUISE,160000,43000,160,-5,0.8556,4990.1
CRUISE,160000,43000,160,0,0.8556,5015.2
CRUISE,160000,43000,160,5,0.8556,5040.2
CRUISE,160000,43000,160,10,0.8556,5065.3
CRUISE,160000,43000,160,15,0.8556,5090.4
CRUISE,160000,43000,160,20,0.8556,5115.5
CRUISE,160000,43000,170,-20,0.8567,4933.8
CRUISE,160000,43000,170,-15,0.8567,4959
CRUISE,160000,43000,170,-10,0.8567,4984.2
CRUISE,160000,43000,170,-5,0.8567,5009.4
CRUISE,160000,43000,170,0,0.8567,5034.5
CRUISE,160000,43000,170,5,0.8567,5059.7
CRUISE,160000,43000,170,10,0.8567,5084.9
CRUISE,160000,43000,170,15,0.8567,5110.1
CRUISE,160000,43000,170,20,0.8567,5135.2
CRUISE,160000,43000,180,-20,0.8578,4952.9
CRUISE,160000,43000,180,-15,0.8578,4978.1
CRUISE,160000,43000,180,-10,0.8578,5003.4
CRUISE,160000,43000,180,-5,0.8578,5028.7
CRUISE,160000,43000,180,0,0.8578,5054
CRUISE,160000,43000,180,5,0.8578,5079.2
CRUISE,160000,43000,180,10,0.8578,5104.5
CRUISE,160000,43000,180,15,0.8578,5129.8
CRUISE,160000,43000,180,20,0.8578,5155
CRUISE,160000,43000,190,-20,0.8589,4972
CRUISE,160000,43000,190,-15,0.8589,4997.3
CRUISE,160000,43000,190,-10,0.8589,5022.7
CRUISE,160000,43000,190,-5,0.8589,5048.1
CRUISE,160000,43000,190,0,0.8589,5073.4
CRUISE,160000,43000,190,5,0.8589,5098.8
CRUISE,160000,43000,190,10,0.8589,5124.2
CRUISE,160000,43000,190,15,0.8589,5149.5
CRUISE,160000,43000,190,20,0.8589,5174.9
CRUISE,160000,43000,200,-20,0.86,4991.1
CRUISE,160000,43000,200,-15,0.86,5016.5
CRUISE,160000,43000,200,-10,0.86,5042
CRUISE,160000,43000,200,-5,0.86,5067.5
CRUISE,160000,43000,200,0,0.86,5092.9
CRUISE,160000,43000,200,5,0.86,5118.4
CRUISE,160000,43000,200,10,0.86,5143.9
CRUISE,160000,43000,200,15,0.86,5169.3
CRUISE,160000,43000,200,20,0.86,5194.8
CRUISE,180000,25000,0,-20,0.648,5239.1
CRUISE,180000,25000,0,-15,0.648,5265.8
CRUISE,180000,25000,0,-10,0.648,5292.5
CRUISE,180000,25000,0,-5,0.648,5319.3
CRUISE,180000,25000,0,0,0.648,5346
CRUISE,180000,25000,0,5,0.648,5372.7
CRUISE,180000,25000,0,10,0.648,5399.5
CRUISE,180000,25000,0,15,0.648,5426.2
CRUISE,180000,25000,0,20,0.648,5452.9
CRUISE,180000,25000,10,-20,0.6586,5500.4
CRUISE,180000,25000,10,-15,0.6586,5528.5
CRUISE,180000,25000,10,-10,0.6586,5556.5
CRUISE,180000,25000,10,-5,0.6586,5584.6
CRUISE,180000,25000,10,0,0.6586,5612.7
CRUISE,180000,25000,10,5,0.6586,5640.7
CRUISE,180000,25000,10,10,0.6586,5668.8
CRUISE,180000,25000,10,15,0.6586,5696.9
CRUISE,180000,25000,10,20,0.6586,5724.9
CRUISE,180000,25000,20,-20,0.6692,5770.3
CRUISE,180000,25000,20,-15,0.6692,5799.7
CRUISE,180000,25000,20,-10,0.6692,5829.2
CRUISE,180000,25000,20,-5,0.6692,5858.6
CRUISE,180000,25000,20,0,0.6692,5888.1
CRUISE,180000,25000,20,5,0.6692,5917.5
CRUISE,180000,25000,20,10,0.6692,5946.9
CRUISE,180000,25000,20,15,0.6692,5976.4
CRUISE,180000,25000,20,20,0.6692,6005.8
CRUISE,180000,25000,30,-20,0.6798,6048.9
CRUISE,180000,25000,30,-15,0.6798,6079.7
CRUISE,180000,25000,30,-10,0.6798,6110.6
CRUISE,180000,25000,30,-5,0.6798,6141.4
CRUISE,180000,25000,30,0,0.6798,6172.3
CRUISE,180000,25000,30,5,0.6798,6203.2
CRUISE,180000,25000,30,10,0.6798,6234
CRUISE,180000,25000,30,15,0.6798,6264.9
CRUISE,180000,25000,30,20,0.6798,6295.8
CRUISE,180000,25000,40,-20,0.6904,6336.3
CRUISE,180000,25000,40,-15,0.6904,6368.6
CRUISE,180000,25000,40,-10,0.6904,6400.9
CRUISE,180000,25000,40,-5,0.6904,6433.2
CRUISE,180000,25000,40,0,0.6904,6465.6
CRUISE,180000,25000,40,5,0.6904,6497.9
CRUISE,180000,25000,40,10,0.6904,6530.2
CRUISE,180000,25000,40,15,0.6904,6562.5
CRUISE,180000,25000,40,20,0.6904,6594.9
CRUISE,180000,25000,50,-20,0.701,6632.6
CRUISE,180000,25000,50,-15,0.701,6666.4
CRUISE,180000,25000,50,-10,0.701,6700.3
CRUISE,180000,25000,50,-5,0.701,6734.1
CRUISE,180000,25000,50,0,0.701,6768
CRUISE,180000,25000,50,5,0.701,6801.8
CRUISE,180000,25000,50,10,0.701,6835.6
CRUISE,180000,25000,50,15,0.701,6869.5
CRUISE,180000,25000,50,20,0.701,6903.3
CRUISE,180000,25000,60,-20,0.7116,6938.1
CRUISE,180000,25000,60,-15,0.7116,6973.5
CRUISE,180000,25000,60,-10,0.7116,7008.9
CRUISE,180000,25000,60,-5,0.7116,7044.3
CRUISE,180000,25000,60,0,0.7116,7079.6
CRUISE,180000,25000,60,5,0.7116,7115
CRUISE,180000,25000,60,10,0.7116,7150.4
CRUISE,180000,25000,60,15,0.7116,7185.8
CRUISE,180000,25000,60,20,0.7116,7221.2
CRUISE,180000,25000,70,-20,0.7222,7252.7
CRUISE,180000,25000,70,-15,0.7222,7289.7
CRUISE,180000,25000,70,-10,0.7222,7326.8
CRUISE,180000,25000,70,-5,0.7222,7363.8
CRUISE,180000,25000,70,0,0.7222,7400.8
CRUISE,180000,25000,70,5,0.7222,7437.8
CRUISE,180000,25000,70,10,0.7222,7474.8
CRUISE,180000,25000,70,15,0.7222,7511.8
CRUISE,180000,25000,70,20,0.7222,7548.8
CRUISE,180000,25000,80,-20,0.7328,7576.8
CRUISE,180000,25000,80,-15,0.7328,7615.5
CRUISE,180000,25000,80,-10,0.7328,7654.1
CRUISE,180000,25000,80,-5,0.7328,7692.8
CRUISE,180000,25000,80,0,0.7328,7731.4
CRUISE,180000,25000,80,5,0.7328,7770.1
CRUISE,180000,25000,80,10,0.7328,7808.8
CRUISE,180000,25000,80,15,0.7328,7847.4
CRUISE,180000,25000,80,20,0.7328,7886.1
CRUISE,180000,25000,90,-20,0.7434,7910.4
CRUISE,180000,25000,90,-15,0.7434,7950.7
CRUISE,180000,25000,90,-10,0.7434,7991.1
CRUISE,180000,25000,90,-5,0.7434,8031.5
CRUISE,180000,25000,90,0,0.7434,8071.8
CRUISE,180000,25000,90,5,0.7434,8112.2
CRUISE,180000,25000,90,10,0.7434,8152.5
CRUISE,180000,25000,90,15,0.7434,8192.9
CRUISE,180000,25000,90,20,0.7434,8233.3
CRUISE,180000,25000,100,-20,0.754,8253.6
CRUISE,180000,25000,100,-15,0.754,8295.7
CRUISE,180000,25000,100,-10,0.754,8337.8
CRUISE,180000,25000,100,-5,0.754,8379.9
CRUISE,180000,25000,100,0,0.754,8422.1
CRUISE,180000,25000,100,5,0.754,8464.2
CRUISE,180000,25000,100,10,0.754,8506.3
CRUISE,180000,25000,100,15,0.754,8548.4
CRUISE,180000,25000,100,20,0.754,8590.5
CRUISE,180000,25000,110,-20,0.7646,8606.6
CRUISE,180000,25000,110,-15,0.7646,8650.5
CRUISE,180000,25000,110,-10,0.7646,8694.4
CRUISE,180000,25000,110,-5,0.7646,8738.4
CRUISE,180000,25000,110,0,0.7646,8782.3
CRUISE,180000,25000,110,5,0.7646,8826.2
CRUISE,180000,25000,110,10,0.7646,8870.1
CRUISE,180000,25000,110,15,0.7646,8914
CRUISE,180000,25000,110,20,0.7646,8957.9
CRUISE,180000,25000,120,-20,0.7752,8969.6
CRUISE,180000,25000,120,-15,0.7752,9015.3
CRUISE,180000,25000,120,-10,0.7752,9061.1
CRUISE,180000,25000,120,-5,0.7752,9106.9
CRUISE,180000,25000,120,0,0.7752,9152.6
CRUISE,180000,25000,120,5,0.7752,9198.4
CRUISE,180000,25000,120,10,0.7752,9244.1
CRUISE,180000,25000,120,15,0.7752,9289.9
CRUISE,180000,25000,120,20,0.7752,9335.7
CRUISE,180000,25000,130,-20,0.7858,9342.6
CRUISE,180000,25000,130,-15,0.7858,9390.2
CRUISE,180000,25000,130,-10,0.7858,9437.9
CRUISE,180000,25000,130,-5,0.7858,9485.6
CRUISE,180000,25000,130,0,0.7858,9533.2
CRUISE,180000,25000,130,5,0.7858,9580.9
CRUISE,180000,25000,130,10,0.7858,9628.6
CRUISE,180000,25000,130,15,0.7858,9676.2
CRUISE,180000,25000,130,20,0.7858,9723.9
CRUISE,180000,25000,140,-20,0.7964,9725.8
CRUISE,180000,25000,140,-15,0.7964,9775.4
CRUISE,180000,25000,140,-10,0.7964,9825
CRUISE,180000,25000,140,-5,0.7964,9874.6
CRUISE,180000,25000,140,0,0.7964,9924.2
CRUISE,180000,25000,140,5,0.7964,9973.9
CRUISE,180000,25000,140,10,0.7964,10023.5
CRUISE,180000,25000,140,15,0.7964,10073.1
CRUISE,180000,25000,140,20,0.7964,10122.7
CRUISE,180000,25000,150,-20,0.807,10119.3
CRUISE,180000,25000,150,-15,0.807,10170.9
CRUISE,180000,25000,150,-10,0.807,10222.6
CRUISE,180000,25000,150,-5,0.807,10274.2
CRUISE,180000,25000,150,0,0.807,10325.8
CRUISE,180000,25000,150,5,0.807,10377.4
CRUISE,180000,25000,150,10,0.807,10429.1
CRUISE,180000,25000,150,15,0.807,10480.7
CRUISE,180000,25000,150,20,0.807,10532.3
CRUISE,180000,25000,160,-20,0.8176,10523.3
CRUISE,180000,25000,160,-15,0.8176,10577
CRUISE,180000,25000,160,-10,0.8176,10630.7
CRUISE,180000,25000,160,-5,0.8176,10684.4
CRUISE,180000,25000,160,0,0.8176,10738.1
CRUISE,180000,25000,160,5,0.8176,10791.8
CRUISE,180000,25000,160,10,0.8176,10845.5
CRUISE,180000,25000,160,15,0.8176,10899.1
CRUISE,180000,25000,160,20,0.8176,10952.8
CRUISE,180000,25000,170,-20,0.8282,10937.9
CRUISE,180000,25000,170,-15,0.8282,10993.7
CRUISE,180000,25000,170,-10,0.8282,11049.6
CRUISE,180000,25000,170,-5,0.8282,11105.4
CRUISE,180000,25000,170,0,0.8282,11161.2
CRUISE,180000,25000,170,5,0.8282,11217
CRUISE,180000,25000,170,10,0.8282,11272.8
CRUISE,180000,25000,170,15,0.8282,11328.6
CRUISE,180000,25000,170,20,0.8282,11384.4
CRUISE,180000,25000,180,-20,0.8388,11363.3
CRUISE,180000,25000,180,-15,0.8388,11421.3
CRUISE,180000,25000,180,-10,0.8388,11479.3
CRUISE,180000,25000,180,-5,0.8388,11537.2
CRUISE,180000,25000,180,0,0.8388,11595.2
CRUISE,180000,25000,180,5,0.8388,11653.2
CRUISE,180000,25000,180,10,0.8388,11711.2
CRUISE,180000,25000,180,15,0.8388,11769.2
CRUISE,180000,25000,180,20,0.8388,11827.1
CRUISE,180000,25000,190,-20,0.8494,11799.6
CRUISE,180000,25000,190,-15,0.8494,11859.8
CRUISE,180000,25000,190,-10,0.8494,11920
CRUISE,180000,25000,190,-5,0.8494,11980.2
CRUISE,180000,25000,190,0,0.8494,12040.4
CRUISE,180000,25000,190,5,0.8494,12100.6
CRUISE,180000,25000,190,10,0.8494,12160.8
CRUISE,180000,25000,190,15,0.8494,12221
CRUISE,180000,25000,190,20,0.8494,12281.2
CRUISE,180000,25000,200,-20,0.86,12246.9
CRUISE,180000,25000,200,-15,0.86,12309.4
CRUISE,180000,25000,200,-10,0.86,12371.8
CRUISE,180000,25000,200,-5,0.86,12434.3
CRUISE,180000,25000,200,0,0.86,12496.8
CRUISE,180000,25000,200,5,0.86,12559.3
CRUISE,180000,25000,200,10,0.86,12621.8
CRUISE,180000,25000,200,15,0.86,12684.3
CRUISE,180000,25000,200,20,0.86,12746.7
CRUISE,180000,27000,0,-20,0.675,5223.4
CRUISE,180000,27000,0,-15,0.675,5250.1
CRUISE,180000,27000,0,-10,0.675,5276.7
CRUISE,180000,27000,0,-5,0.675,5303.4
CRUISE,180000,27000,0,0,0.675,5330
CRUISE,180000,27000,0,5,0.675,5356.6
CRUISE,180000,27000,0,10,0.675,5383.3
CRUISE,180000,27000,0,15,0.675,5409.9
CRUISE,180000,27000,0,20,0.675,5436.6
CRUISE,180000,27000,10,-20,0.6843,5441.1
CRUISE,180000,27000,10,-15,0.6843,5468.9
CRUISE,180000,27000,10,-10,0.6843,5496.6
CRUISE,180000,27000,10,-5,0.6843,5524.4
CRUISE,180000,27000,10,0,0.6843,5552.1
CRUISE,180000,27000,10,5,0.6843,5579.9
CRUISE,180000,27000,10,10,0.6843,5607.7
CRUISE,180000,27000,10,15,0.6843,5635.4
CRUISE,180000,27000,10,20,0.6843,5663.2
CRUISE,180000,27000,20,-20,0.6935,5664.8
CRUISE,180000,27000,20,-15,0.6935,5693.7
CRUISE,180000,27000,20,-10,0.6935,5722.6
CRUISE,180000,27000,20,-5,0.6935,5751.5
CRUISE,180000,27000,20,0,0.6935,5780.4
CRUISE,180000,27000,20,5,0.6935,5809.3
CRUISE,180000,27000,20,10,0.6935,5838.2
CRUISE,180000,27000,20,15,0.6935,5867.1
CRUISE,180000,27000,20,20,0.6935,5896
CRUISE,180000,27000,30,-20,0.7027,5894.5
CRUISE,180000,27000,30,-15,0.7027,5924.5
CRUISE,180000,27000,30,-10,0.7027,5954.6
CRUISE,180000,27000,30,-5,0.7027,5984.7
CRUISE,180000,27000,30,0,0.7027,6014.8
CRUISE,180000,27000,30,5,0.7027,6044.8
CRUISE,180000,27000,30,10,0.7027,6074.9
CRUISE,180000,27000,30,15,0.7027,6105
CRUISE,180000,27000,30,20,0.7027,6135.1
CRUISE,180000,27000,40,-20,0.712,6130.3
CRUISE,180000,27000,40,-15,0.712,6161.6
CRUISE,180000,27000,40,-10,0.712,6192.9
CRUISE,180000,27000,40,-5,0.712,6224.1
CRUISE,180000,27000,40,0,0.712,6255.4
CRUISE,180000,27000,40,5,0.712,6286.7
CRUISE,180000,27000,40,10,0.712,6318
CRUISE,180000,27000,40,15,0.712,6349.2
CRUISE,180000,27000,40,20,0.712,6380.5
CRUISE,180000,27000,50,-20,0.7213,6372.3
CRUISE,180000,27000,50,-15,0.7213,6404.9
CRUISE,180000,27000,50,-10,0.7213,6437.4
CRUISE,180000,27000,50,-5,0.7213,6469.9
CRUISE,180000,27000,50,0,0.7213,6502.4
CRUISE,180000,27000,50,5,0.7213,6534.9
CRUISE,180000,27000,50,10,0.7213,6567.4
CRUISE,180000,27000,50,15,0.7213,6599.9
CRUISE,180000,27000,50,20,0.7213,6632.4
CRUISE,180000,27000,60,-20,0.7305,6620.7
CRUISE,180000,27000,60,-15,0.7305,6654.5
CRUISE,180000,27000,60,-10,0.7305,6688.2
CRUISE,180000,27000,60,-5,0.7305,6722
CRUISE,180000,27000,60,0,0.7305,6755.8
CRUISE,180000,27000,60,5,0.7305,6789.6
CRUISE,180000,27000,60,10,0.7305,6823.4
CRUISE,180000,27000,60,15,0.7305,6857.1
CRUISE,180000,27000,60,20,0.7305,6890.9
CRUISE,180000,27000,70,-20,0.7398,6875.4
CRUISE,180000,27000,70,-15,0.7398,6910.5
CRUISE,180000,27000,70,-10,0.7398,6945.5
CRUISE,180000,27000,70,-5,0.7398,6980.6
CRUISE,180000,27000,70,0,0.7398,7015.7
CRUISE,180000,27000,70,5,0.7398,7050.8
CRUISE,180000,27000,70,10,0.7398,7085.9
CRUISE,180000,27000,70,15,0.7398,7120.9
CRUISE,180000,27000,70,20,0.7398,7156
CRUISE,180000,27000,80,-20,0.749,7136.5
CRUISE,180000,27000,80,-15,0.749,7172.9
CRUISE,180000,27000,80,-10,0.749,7209.4
CRUISE,180000,27000,80,-5,0.749,7245.8
CRUISE,180000,27000,80,0,0.749,7282.2
CRUISE,180000,27000,80,5,0.749,7318.6
CRUISE,180000,27000,80,10,0.749,7355
CRUISE,180000,27000,80,15,0.749,7391.4
CRUISE,180000,27000,80,20,0.749,7427.8
CRUISE,180000,27000,90,-20,0.7582,7404.2
CRUISE,180000,27000,90,-15,0.7582,7442
CRUISE,180000,27000,90,-10,0.7582,7479.8
CRUISE,180000,27000,90,-5,0.7582,7517.5
CRUISE,180000,27000,90,0,0.7582,7555.3
CRUISE,180000,27000,90,5,0.7582,7593.1
CRUISE,180000,27000,90,10,0.7582,7630.9
CRUISE,180000,27000,90,15,0.7582,7668.7
CRUISE,180000,27000,90,20,0.7582,7706.4
CRUISE,180000,27000,100,-20,0.7675,7678.5
CRUISE,180000,27000,100,-15,0.7675,7717.7
CRUISE,180000,27000,100,-10,0.7675,7756.9
CRUISE,180000,27000,100,-5,0.7675,7796
CRUISE,180000,27000,100,0,0.7675,7835.2
CRUISE,180000,27000,100,5,0.7675,7874.4
CRUISE,180000,27000,100,10,0.7675,7913.6
CRUISE,180000,27000,100,15,0.7675,7952.7
CRUISE,180000,27000,100,20,0.7675,7991.9
CRUISE,180000,27000,110,-20,0.7768,7959.5
CRUISE,180000,27000,110,-15,0.7768,8000.1
CRUISE,180000,27000,110,-10,0.7768,8040.7
CRUISE,180000,27000,110,-5,0.7768,8081.3
CRUISE,180000,27000,110,0,0.7768,8121.9
CRUISE,180000,27000,110,5,0.7768,8162.5
CRUISE,180000,27000,110,10,0.7768,8203.2
CRUISE,180000,27000,110,15,0.7768,8243.8
CRUISE,180000,27000,110,20,0.7768,8284.4
CRUISE,180000,27000,120,-20,0.786,8247.3
CRUISE,180000,27000,120,-15,0.786,8289.3
CRUISE,180000,27000,120,-10,0.786,8331.4
CRUISE,180000,27000,120,-5,0.786,8373.5
CRUISE,180000,27000,120,0,0.786,8415.6
CRUISE,180000,27000,120,5,0.786,8457.6
CRUISE,180000,27000,120,10,0.786,8499.7
CRUISE,180000,27000,120,15,0.786,8541.8
CRUISE,180000,27000,120,20,0.786,8583.9
CRUISE,180000,27000,130,-20,0.7953,8541.9
CRUISE,180000,27000,130,-15,0.7953,8585.5
CRUISE,180000,27000,130,-10,0.7953,8629
CRUISE,180000,27000,130,-5,0.7953,8672.6
CRUISE,180000,27000,130,0,0.7953,8716.2
CRUISE,180000,27000,130,5,0.7953,8759.8
CRUISE,180000,27000,130,10,0.7953,8803.4
CRUISE,180000,27000,130,15,0.7953,8846.9
CRUISE,180000,27000,130,20,0.7953,8890.5
CRUISE,180000,27000,140,-20,0.8045,8843.4
CRUISE,180000,27000,140,-15,0.8045,8888.5
CRUISE,180000,27000,140,-10,0.8045,8933.7
CRUISE,180000,27000,140,-5,0.8045,8978.8
CRUISE,180000,27000,140,0,0.8045,9023.9
CRUISE,180000,27000,140,5,0.8045,9069
CRUISE,180000,27000,140,10,0.8045,9114.1
CRUISE,180000,27000,140,15,0.8045,9159.3
CRUISE,180000,27000,140,20,0.8045,9204.4
CRUISE,180000,27000,150,-20,0.8137,9152
CRUISE,180000,27000,150,-15,0.8137,9198.7
CRUISE,180000,27000,150,-10,0.8137,9245.4
CRUISE,180000,27000,150,-5,0.8137,9292.1
CRUISE,180000,27000,150,0,0.8137,9338.8
CRUISE,180000,27000,150,5,0.8137,9385.4
CRUISE,180000,27000,150,10,0.8137,9432.1
CRUISE,180000,27000,150,15,0.8137,9478.8
CRUISE,180000,27000,150,20,0.8137,9525.5
CRUISE,180000,27000,160,-20,0.823,9467.6
CRUISE,180000,27000,160,-15,0.823,9515.9
CRUISE,180000,27000,160,-10,0.823,9564.2
CRUISE,180000,27000,160,-5,0.823,9612.5
CRUISE,180000,27000,160,0,0.823,9660.9
CRUISE,180000,27000,160,5,0.823,9709.2
CRUISE,180000,27000,160,10,0.823,9757.5
CRUISE,180000,27000,160,15,0.823,9805.8
CRUISE,180000,27000,160,20,0.823,9854.1
CRUISE,180000,27000,170,-20,0.8322,9790.5
CRUISE,180000,27000,170,-15,0.8322,9840.4
CRUISE,180000,27000,170,-10,0.8322,9890.4
CRUISE,180000,27000,170,-5,0.8322,9940.3
CRUISE,180000,27000,170,0,0.8322,9990.3
CRUISE,180000,27000,170,5,0.8322,10040.2
CRUISE,180000,27000,170,10,0.8322,10090.2
CRUISE,180000,27000,170,15,0.8322,10140.1
CRUISE,180000,27000,170,20,0.8322,10190.1
CRUISE,180000,27000,180,-20,0.8415,10120.6
CRUISE,180000,27000,180,-15,0.8415,10172.2
CRUISE,180000,27000,180,-10,0.8415,10223.8
CRUISE,180000,27000,180,-5,0.8415,10275.5
CRUISE,180000,27000,180,0,0.8415,10327.1
CRUISE,180000,27000,180,5,0.8415,10378.7
CRUISE,180000,27000,180,10,0.8415,10430.4
CRUISE,180000,27000,180,15,0.8415,10482
CRUISE,180000,27000,180,20,0.8415,10533.6
CRUISE,180000,27000,190,-20,0.8508,10458
CRUISE,180000,27000,190,-15,0.8508,10511.3
CRUISE,180000,27000,190,-10,0.8508,10564.7
CRUISE,180000,27000,190,-5,0.8508,10618.1
CRUISE,180000,27000,190,0,0.8508,10671.4
CRUISE,180000,27000,190,5,0.8508,10724.8
CRUISE,180000,27000,190,10,0.8508,10778.1
CRUISE,180000,27000,190,15,0.8508,10831.5
CRUISE,180000,27000,190,20,0.8508,10884.8
CRUISE,180000,27000,200,-20,0.86,10802.8
CRUISE,180000,27000,200,-15,0.86,10857.9
CRUISE,180000,27000,200,-10,0.86,10913.1
CRUISE,180000,27000,200,-5,0.86,10968.2
CRUISE,180000,27000,200,0,0.86,11023.3
CRUISE,180000,27000,200,5,0.86,11078.4
CRUISE,180000,27000,200,10,0.86,11133.5
CRUISE,180000,27000,200,15,0.86,11188.6
CRUISE,180000,27000,200,20,0.86,11243.8
CRUISE,180000,29000,0,-20,0.697,5156.8
CRUISE,180000,29000,0,-15,0.697,5183.1
CRUISE,180000,29000,0,-10,0.697,5209.4
CRUISE,180000,29000,0,-5,0.697,5235.7
CRUISE,180000,29000,0,0,0.697,5262
CRUISE,180000,29000,0,5,0.697,5288.3
CRUISE,180000,29000,0,10,0.697,5314.6
CRUISE,180000,29000,0,15,0.697,5340.9
CRUISE,180000,29000,0,20,0.697,5367.2
CRUISE,180000,29000,10,-20,0.7051,5339.8
CRUISE,180000,29000,10,-15,0.7051,5367
CRUISE,180000,29000,10,-10,0.7051,5394.3
CRUISE,180000,29000,10,-5,0.7051,5421.5
CRUISE,180000,29000,10,0,0.7051,5448.8
CRUISE,180000,29000,10,5,0.7051,5476
CRUISE,180000,29000,10,10,0.7051,5503.2
CRUISE,180000,29000,10,15,0.7051,5530.5
CRUISE,180000,29000,10,20,0.7051,5557.7
CRUISE,180000,29000,20,-20,0.7133,5527.1
CRUISE,180000,29000,20,-15,0.7133,5555.3
CRUISE,180000,29000,20,-10,0.7133,5583.5
CRUISE,180000,29000,20,-5,0.7133,5611.7
CRUISE,180000,29000,20,0,0.7133,5639.9
CRUISE,180000,29000,20,5,0.7133,5668.1
CRUISE,180000,29000,20,10,0.7133,5696.3
CRUISE,180000,29000,20,15,0.7133,5724.5
CRUISE,180000,29000,20,20,0.7133,5752.7
CRUISE,180000,29000,30,-20,0.7214,5718.7
CRUISE,180000,29000,30,-15,0.7214,5747.9
CRUISE,180000,29000,30,-10,0.7214,5777.1
CRUISE,180000,29000,30,-5,0.7214,5806.2
CRUISE,180000,29000,30,0,0.7214,5835.4
CRUISE,180000,29000,30,5,0.7214,5864.6
CRUISE,180000,29000,30,10,0.7214,5893.8
CRUISE,180000,29000,30,15,0.7214,5922.9
CRUISE,180000,29000,30,20,0.7214,5952.1
CRUISE,180000,29000,40,-20,0.7296,5914.7
CRUISE,180000,29000,40,-15,0.7296,5944.9
CRUISE,180000,29000,40,-10,0.7296,5975.1
CRUISE,180000,29000,40,-5,0.7296,6005.2
CRUISE,180000,29000,40,0,0.7296,6035.4
CRUISE,180000,29000,40,5,0.7296,6065.6
CRUISE,180000,29000,40,10,0.7296,6095.8
CRUISE,180000,29000,40,15,0.7296,6125.9
CRUISE,180000,29000,40,20,0.7296,6156.1
CRUISE,180000,29000,50,-20,0.7377,6115.1
CRUISE,180000,29000,50,-15,0.7377,6146.3
CRUISE,180000,29000,50,-10,0.7377,6177.5
CRUISE,180000,29000,50,-5,0.7377,6208.7
CRUISE,180000,29000,50,0,0.7377,6239.9
CRUISE,180000,29000,50,5,0.7377,6271.1
CRUISE,180000,29000,50,10,0.7377,6302.3
CRUISE,180000,29000,50,15,0.7377,6333.5
CRUISE,180000,29000,50,20,0.7377,6364.7
CRUISE,180000,29000,60,-20,0.7459,6320
CRUISE,180000,29000,60,-15,0.7459,6352.3
CRUISE,180000,29000,60,-10,0.7459,6384.5
CRUISE,180000,29000,60,-5,0.7459,6416.8
CRUISE,180000,29000,60,0,0.7459,6449
CRUISE,180000,29000,60,5,0.7459,6481.3
CRUISE,180000,29000,60,10,0.7459,6513.5
CRUISE,180000,29000,60,15,0.7459,6545.8
CRUISE,180000,29000,60,20,0.7459,6578
CRUISE,180000,29000,70,-20,0.754,6529.5
CRUISE,180000,29000,70,-15,0.754,6562.8
CRUISE,180000,29000,70,-10,0.754,6596.1
CRUISE,180000,29000,70,-5,0.754,6629.4
CRUISE,180000,29000,70,0,0.754,6662.7
CRUISE,180000,29000,70,5,0.754,6696.1
CRUISE,180000,29000,70,10,0.754,6729.4
CRUISE,180000,29000,70,15,0.754,6762.7
CRUISE,180000,29000,70,20,0.754,6796
CRUISE,180000,29000,80,-20,0.7622,6743.5
CRUISE,180000,29000,80,-15,0.7622,6777.9
CRUISE,180000,29000,80,-10,0.7622,6812.3
CRUISE,180000,29000,80,-5,0.7622,6846.7
CRUISE,180000,29000,80,0,0.7622,6881.1
CRUISE,180000,29000,80,5,0.7622,6915.5
CRUISE,180000,29000,80,10,0.7622,6949.9
CRUISE,180000,29000,80,15,0.7622,6984.3
CRUISE,180000,29000,80,20,0.7622,7018.7
CRUISE,180000,29000,90,-20,0.7703,6962.1
CRUISE,180000,29000,90,-15,0.7703,6997.7
CRUISE,180000,29000,90,-10,0.7703,7033.2
CRUISE,180000,29000,90,-5,0.7703,7068.7
CRUISE,180000,29000,90,0,0.7703,7104.2
CRUISE,180000,29000,90,5,0.7703,7139.7
CRUISE,180000,29000,90,10,0.7703,7175.3
CRUISE,180000,29000,90,15,0.7703,7210.8
CRUISE,180000,29000,90,20,0.7703,7246.3
CRUISE,180000,29000,100,-20,0.7785,7185.5
CRUISE,180000,29000,100,-15,0.7785,7222.1
CRUISE,180000,29000,100,-10,0.7785,7258.8
CRUISE,180000,29000,100,-5,0.7785,7295.4
CRUISE,180000,29000,100,0,0.7785,7332.1
CRUISE,180000,29000,100,5,0.7785,7368.8
CRUISE,180000,29000,100,10,0.7785,7405.4
CRUISE,180000,29000,100,15,0.7785,7442.1
CRUISE,180000,29000,100,20,0.7785,7478.7
CRUISE,180000,29000,110,-20,0.7866,7413.5
CRUISE,180000,29000,110,-15,0.7866,7451.3
CRUISE,180000,29000,110,-10,0.7866,7489.1
CRUISE,180000,29000,110,-5,0.7866,7527
CRUISE,180000,29000,110,0,0.7866,7564.8
CRUISE,180000,29000,110,5,0.7866,7602.6
CRUISE,180000,29000,110,10,0.7866,7640.4
CRUISE,180000,29000,110,15,0.7866,7678.3
CRUISE,180000,29000,110,20,0.7866,7716.1
CRUISE,180000,29000,120,-20,0.7948,7646.3
CRUISE,180000,29000,120,-15,0.7948,7685.3
CRUISE,180000,29000,120,-10,0.7948,7724.3
CRUISE,180000,29000,120,-5,0.7948,7763.3
CRUISE,180000,29000,120,0,0.7948,7802.4
CRUISE,180000,29000,120,5,0.7948,7841.4
CRUISE,180000,29000,120,10,0.7948,7880.4
CRUISE,180000,29000,120,15,0.7948,7919.4
CRUISE,180000,29000,120,20,0.7948,7958.4
CRUISE,180000,29000,130,-20,0.8029,7884
CRUISE,180000,29000,130,-15,0.8029,7924.2
CRUISE,180000,29000,130,-10,0.8029,7964.4
CRUISE,180000,29000,130,-5,0.8029,8004.6
CRUISE,180000,29000,130,0,0.8029,8044.9
CRUISE,180000,29000,130,5,0.8029,8085.1
CRUISE,180000,29000,130,10,0.8029,8125.3
CRUISE,180000,29000,130,15,0.8029,8165.5
CRUISE,180000,29000,130,20,0.8029,8205.7
CRUISE,180000,29000,140,-20,0.8111,8126.5
CRUISE,180000,29000,140,-15,0.8111,8167.9
CRUISE,180000,29000,140,-10,0.8111,8209.4
CRUISE,180000,29000,140,-5,0.8111,8250.9
CRUISE,180000,29000,140,0,0.8111,8292.3
CRUISE,180000,29000,140,5,0.8111,8333.8
CRUISE,180000,29000,140,10,0.8111,8375.2
CRUISE,180000,29000,140,15,0.8111,8416.7
CRUISE,180000,29000,140,20,0.8111,8458.2
CRUISE,180000,29000,150,-20,0.8193,8373.9
CRUISE,180000,29000,150,-15,0.8193,8416.6
CRUISE,180000,29000,150,-10,0.8193,8459.4
CRUISE,180000,29000,150,-5,0.8193,8502.1
CRUISE,180000,29000,150,0,0.8193,8544.8
CRUISE,180000,29000,150,5,0.8193,8587.5
CRUISE,180000,29000,150,10,0.8193,8630.2
CRUISE,180000,29000,150,15,0.8193,8673
CRUISE,180000,29000,150,20,0.8193,8715.7
CRUISE,180000,29000,160,-20,0.8274,8626.3
CRUISE,180000,29000,160,-15,0.8274,8670.3
CRUISE,180000,29000,160,-10,0.8274,8714.3
CRUISE,180000,29000,160,-5,0.8274,8758.3
CRUISE,180000,29000,160,0,0.8274,8802.4
CRUISE,180000,29000,160,5,0.8274,8846.4
CRUISE,180000,29000,160,10,0.8274,8890.4
CRUISE,180000,29000,160,15,0.8274,8934.4
CRUISE,180000,29000,160,20,0.8274,8978.4
CRUISE,180000,29000,170,-20,0.8356,8883.7
CRUISE,180000,29000,170,-15,0.8356,8929.1
CRUISE,180000,29000,170,-10,0.8356,8974.4
CRUISE,180000,29000,170,-5,0.8356,9019.7
CRUISE,180000,29000,170,0,0.8356,9065
CRUISE,180000,29000,170,5,0.8356,9110.4
CRUISE,180000,29000,170,10,0.8356,9155.7
CRUISE,180000,29000,170,15,0.8356,9201
CRUISE,180000,29000,170,20,0.8356,9246.3
CRUISE,180000,29000,180,-20,0.8437,9146.2
CRUISE,180000,29000,180,-15,0.8437,9192.9
CRUISE,180000,29000,180,-10,0.8437,9239.6
CRUISE,180000,29000,180,-5,0.8437,9286.2
CRUISE,180000,29000,180,0,0.8437,9332.9
CRUISE,180000,29000,180,5,0.8437,9379.6
CRUISE,180000,29000,180,10,0.8437,9426.2
CRUISE,180000,29000,180,15,0.8437,9472.9
CRUISE,180000,29000,180,20,0.8437,9519.6
CRUISE,180000,29000,190,-20,0.8518,9413.9
CRUISE,180000,29000,190,-15,0.8518,9461.9
CRUISE,180000,29000,190,-10,0.8518,9509.9
CRUISE,180000,29000,190,-5,0.8518,9558
CRUISE,180000,29000,190,0,0.8518,9606
CRUISE,180000,29000,190,5,0.8518,9654
CRUISE,180000,29000,190,10,0.8518,9702
CRUISE,180000,29000,190,15,0.8518,9750.1
CRUISE,180000,29000,190,20,0.8518,9798.1
CRUISE,180000,29000,200,-20,0.86,9686.7
CRUISE,180000,29000,200,-15,0.86,9736.1
CRUISE,180000,29000,200,-10,0.86,9785.5
CRUISE,180000,29000,200,-5,0.86,9834.9
CRUISE,180000,29000,200,0,0.86,9884.3
CRUISE,180000,29000,200,5,0.86,9933.8
CRUISE,180000,29000,200,10,0.86,9983.2
CRUISE,180000,29000,200,15,0.86,10032.6
CRUISE,180000,29000,200,20,0.86,10082
CRUISE,180000,31000,0,-20,0.715,5080.3
CRUISE,180000,31000,0,-15,0.715,5106.2
CRUISE,180000,31000,0,-10,0.715,5132.2
CRUISE,180000,31000,0,-5,0.715,5158.1
CRUISE,180000,31000,0,0,0.715,5184
CRUISE,180000,31000,0,5,0.715,5209.9
CRUISE,180000,31000,0,10,0.715,5235.8
CRUISE,180000,31000,0,15,0.715,5261.8
CRUISE,180000,31000,0,20,0.715,5287.7
CRUISE,180000,31000,10,-20,0.7222,5236.4
CRUISE,180000,31000,10,-15,0.7222,5263.2
CRUISE,180000,31000,10,-10,0.7222,5289.9
CRUISE,180000,31000,10,-5,0.7222,5316.6
CRUISE,180000,31000,10,0,0.7222,5343.3
CRUISE,180000,31000,10,5,0.7222,5370
CRUISE,180000,31000,10,10,0.7222,5396.7
CRUISE,180000,31000,10,15,0.7222,5423.4
CRUISE,180000,31000,10,20,0.7222,5450.2
CRUISE,180000,31000,20,-20,0.7295,5395.7
CRUISE,180000,31000,20,-15,0.7295,5423.2
CRUISE,180000,31000,20,-10,0.7295,5450.8
CRUISE,180000,31000,20,-5,0.7295,5478.3
CRUISE,180000,31000,20,0,0.7295,5505.8
CRUISE,180000,31000,20,5,0.7295,5533.4
CRUISE,180000,31000,20,10,0.7295,5560.9
CRUISE,180000,31000,20,15,0.7295,5588.4
CRUISE,180000,31000,20,20,0.7295,5615.9
CRUISE,180000,31000,30,-20,0.7368,5558.2
CRUISE,180000,31000,30,-15,0.7368,5586.5
CRUISE,180000,31000,30,-10,0.7368,5614.9
CRUISE,180000,31000,30,-5,0.7368,5643.3
CRUISE,180000,31000,30,0,0.7368,5671.6
CRUISE,180000,31000,30,5,0.7368,5700
CRUISE,180000,31000,30,10,0.7368,5728.3
CRUISE,180000,31000,30,15,0.7368,5756.7
CRUISE,180000,31000,30,20,0.7368,5785.1
CRUISE,180000,31000,40,-20,0.744,5723.9
CRUISE,180000,31000,40,-15,0.744,5753.1
CRUISE,180000,31000,40,-10,0.744,5782.3
CRUISE,180000,31000,40,-5,0.744,5811.5
CRUISE,180000,31000,40,0,0.744,5840.7
CRUISE,180000,31000,40,5,0.744,5869.9
CRUISE,180000,31000,40,10,0.744,5899.1
CRUISE,180000,31000,40,15,0.744,5928.3
CRUISE,180000,31000,40,20,0.744,5957.5
CRUISE,180000,31000,50,-20,0.7512,5892.9
CRUISE,180000,31000,50,-15,0.7512,5922.9
CRUISE,180000,31000,50,-10,0.7512,5953
CRUISE,180000,31000,50,-5,0.7512,5983.1
CRUISE,180000,31000,50,0,0.7512,6013.1
CRUISE,180000,31000,50,5,0.7512,6043.2
CRUISE,180000,31000,50,10,0.7512,6073.3
CRUISE,180000,31000,50,15,0.7512,6103.3
CRUISE,180000,31000,50,20,0.7512,6133.4
CRUISE,180000,31000,60,-20,0.7585,6065.1
CRUISE,180000,31000,60,-15,0.7585,6096.1
CRUISE,180000,31000,60,-10,0.7585,6127
CRUISE,180000,31000,60,-5,0.7585,6158
CRUISE,180000,31000,60,0,0.7585,6188.9
CRUISE,180000,31000,60,5,0.7585,6219.8
CRUISE,180000,31000,60,10,0.7585,6250.8
CRUISE,180000,31000,60,15,0.7585,6281.7
CRUISE,180000,31000,60,20,0.7585,6312.7
CRUISE,180000,31000,70,-20,0.7657,6240.7
CRUISE,180000,31000,70,-15,0.7657,6272.5
CRUISE,180000,31000,70,-10,0.7657,6304.4
CRUISE,180000,31000,70,-5,0.7657,6336.2
CRUISE,180000,31000,70,0,0.7657,6368.1
CRUISE,180000,31000,70,5,0.7657,6399.9
CRUISE,180000,31000,70,10,0.7657,6431.8
CRUISE,180000,31000,70,15,0.7657,6463.6
CRUISE,180000,31000,70,20,0.7657,6495.4
CRUISE,180000,31000,80,-20,0.773,6419.7
CRUISE,180000,31000,80,-15,0.773,6452.4
CRUISE,180000,31000,80,-10,0.773,6485.2
CRUISE,180000,31000,80,-5,0.773,6517.9
CRUISE,180000,31000,80,0,0.773,6550.7
CRUISE,180000,31000,80,5,0.773,6583.4
CRUISE,180000,31000,80,10,0.773,6616.2
CRUISE,180000,31000,80,15,0.773,6648.9
CRUISE,180000,31000,80,20,0.773,6681.7
CRUISE,180000,31000,90,-20,0.7802,6602
CRUISE,180000,31000,90,-15,0.7802,6635.7
CRUISE,180000,31000,90,-10,0.7802,6669.3
CRUISE,180000,31000,90,-5,0.7802,6703
CRUISE,180000,31000,90,0,0.7802,6736.7
CRUISE,180000,31000,90,5,0.7802,6770.4
CRUISE,180000,31000,90,10,0.7802,6804.1
CRUISE,180000,31000,90,15,0.7802,6837.8
CRUISE,180000,31000,90,20,0.7802,6871.4
CRUISE,180000,31000,100,-20,0.7875,6787.7
CRUISE,180000,31000,100,-15,0.7875,6822.4
CRUISE,180000,31000,100,-10,0.7875,6857
CRUISE,180000,31000,100,-5,0.7875,6891.6
CRUISE,180000,31000,100,0,0.7875,6926.3
CRUISE,180000,31000,100,5,0.7875,6960.9
CRUISE,180000,31000,100,10,0.7875,6995.5
CRUISE,180000,31000,100,15,0.7875,7030.2
CRUISE,180000,31000,100,20,0.7875,7064.8
CRUISE,180000,31000,110,-20,0.7947,6976.9
CRUISE,180000,31000,110,-15,0.7947,7012.5
CRUISE,180000,31000,110,-10,0.7947,7048.1
CRUISE,180000,31000,110,-5,0.7947,7083.7
CRUISE,180000,31000,110,0,0.7947,7119.3
CRUISE,180000,31000,110,5,0.7947,7154.9
CRUISE,180000,31000,110,10,0.7947,7190.5
CRUISE,180000,31000,110,15,0.7947,7226.1
CRUISE,180000,31000,110,20,0.7947,7261.7
CRUISE,180000,31000,120,-20,0.802,7169.6
CRUISE,180000,31000,120,-15,0.802,7206.2
CRUISE,180000,31000,120,-10,0.802,7242.8
CRUISE,180000,31000,120,-5,0.802,7279.4
CRUISE,180000,31000,120,0,0.802,7315.9
CRUISE,180000,31000,120,5,0.802,7352.5
CRUISE,180000,31000,120,10,0.802,7389.1
CRUISE,180000,31000,120,15,0.802,7425.7
CRUISE,180000,31000,120,20,0.802,7462.3
CRUISE,180000,31000,130,-20,0.8093,7365.8
CRUISE,180000,31000,130,-15,0.8093,7403.4
CRUISE,180000,31000,130,-10,0.8093,7441
CRUISE,180000,31000,130,-5,0.8093,7478.6
CRUISE,180000,31000,130,0,0.8093,7516.1
CRUISE,180000,31000,130,5,0.8093,7553.7
CRUISE,180000,31000,130,10,0.8093,7591.3
CRUISE,180000,31000,130,15,0.8093,7628.9
CRUISE,180000,31000,130,20,0.8093,7666.5
CRUISE,180000,31000,140,-20,0.8165,7565.6
CRUISE,180000,31000,140,-15,0.8165,7604.2
CRUISE,180000,31000,140,-10,0.8165,7642.8
CRUISE,180000,31000,140,-5,0.8165,7681.4
CRUISE,180000,31000,140,0,0.8165,7720
CRUISE,180000,31000,140,5,0.8165,7758.6
CRUISE,180000,31000,140,10,0.8165,7797.2
CRUISE,180000,31000,140,15,0.8165,7835.8
CRUISE,180000,31000,140,20,0.8165,7874.4
CRUISE,180000,31000,150,-20,0.8237,7768.9
CRUISE,180000,31000,150,-15,0.8237,7808.5
CRUISE,180000,31000,150,-10,0.8237,7848.2
CRUISE,180000,31000,150,-5,0.8237,7887.8
CRUISE,180000,31000,150,0,0.8237,7927.4
CRUISE,180000,31000,150,5,0.8237,7967.1
CRUISE,180000,31000,150,10,0.8237,8006.7
CRUISE,180000,31000,150,15,0.8237,8046.4
CRUISE,180000,31000,150,20,0.8237,8086
CRUISE,180000,31000,160,-20,0.831,7975.8
CRUISE,180000,31000,160,-15,0.831,8016.5
CRUISE,180000,31000,160,-10,0.831,8057.2
CRUISE,180000,31000,160,-5,0.831,8097.9
CRUISE,180000,31000,160,0,0.831,8138.6
CRUISE,180000,31000,160,5,0.831,8179.3
CRUISE,180000,31000,160,10,0.831,8220
CRUISE,180000,31000,160,15,0.831,8260.7
CRUISE,180000,31000,160,20,0.831,8301.4
CRUISE,180000,31000,170,-20,0.8382,8186.4
CRUISE,180000,31000,170,-15,0.8382,8228.2
CRUISE,180000,31000,170,-10,0.8382,8269.9
CRUISE,180000,31000,170,-5,0.8382,8311.7
CRUISE,180000,31000,170,0,0.8382,8353.5
CRUISE,180000,31000,170,5,0.8382,8395.2
CRUISE,180000,31000,170,10,0.8382,8437
CRUISE,180000,31000,170,15,0.8382,8478.8
CRUISE,180000,31000,170,20,0.8382,8520.6
CRUISE,180000,31000,180,-20,0.8455,8400.7
CRUISE,180000,31000,180,-15,0.8455,8443.5
CRUISE,180000,31000,180,-10,0.8455,8486.4
CRUISE,180000,31000,180,-5,0.8455,8529.2
CRUISE,180000,31000,180,0,0.8455,8572.1
CRUISE,180000,31000,180,5,0.8455,8615
CRUISE,180000,31000,180,10,0.8455,8657.8
CRUISE,180000,31000,180,15,0.8455,8700.7
CRUISE,180000,31000,180,20,0.8455,8743.6
CRUISE,180000,31000,190,-20,0.8528,8618.6
CRUISE,180000,31000,190,-15,0.8528,8662.6
CRUISE,180000,31000,190,-10,0.8528,8706.6
CRUISE,180000,31000,190,-5,0.8528,8750.5
CRUISE,180000,31000,190,0,0.8528,8794.5
CRUISE,180000,31000,190,5,0.8528,8838.5
CRUISE,180000,31000,190,10,0.8528,8882.5
CRUISE,180000,31000,190,15,0.8528,8926.4
CRUISE,180000,31000,190,20,0.8528,8970.4
CRUISE,180000,31000,200,-20,0.86,8840.3
CRUISE,180000,31000,200,-15,0.86,8885.4
CRUISE,180000,31000,200,-10,0.86,8930.5
CRUISE,180000,31000,200,-5,0.86,8975.6
CRUISE,180000,31000,200,0,0.86,9020.7
CRUISE,180000,31000,200,5,0.86,9065.8
CRUISE,180000,31000,200,10,0.86,9110.9
CRUISE,180000,31000,200,15,0.86,9156.1
CRUISE,180000,31000,200,20,0.86,9201.2
CRUISE,180000,33000,0,-20,0.744,5094
CRUISE,180000,33000,0,-15,0.744,5120
CRUISE,180000,33000,0,-10,0.744,5146
CRUISE,180000,33000,0,-5,0.744,5172
CRUISE,180000,33000,0,0,0.744,5198
CRUISE,180000,33000,0,5,0.744,5224
CRUISE,180000,33000,0,10,0.744,5250
CRUISE,180000,33000,0,15,0.744,5276
CRUISE,180000,33000,0,20,0.744,5302
CRUISE,180000,33000,10,-20,0.7498,5214.1
CRUISE,180000,33000,10,-15,0.7498,5240.7
CRUISE,180000,33000,10,-10,0.7498,5267.3
CRUISE,180000,33000,10,-5,0.7498,5293.9
CRUISE,180000,33000,10,0,0.7498,5320.5
CRUISE,180000,33000,10,5,0.7498,5347.1
CRUISE,180000,33000,10,10,0.7498,5373.7
CRUISE,180000,33000,10,15,0.7498,5400.3
CRUISE,180000,33000,10,20,0.7498,5426.9
CRUISE,180000,33000,20,-20,0.7556,5336
CRUISE,180000,33000,20,-15,0.7556,5363.3
CRUISE,180000,33000,20,-10,0.7556,5390.5
CRUISE,180000,33000,20,-5,0.7556,5417.7
CRUISE,180000,33000,20,0,0.7556,5444.9
CRUISE,180000,33000,20,5,0.7556,5472.2
CRUISE,180000,33000,20,10,0.7556,5499.4
CRUISE,180000,33000,20,15,0.7556,5526.6
CRUISE,180000,33000,20,20,0.7556,5553.8
CRUISE,180000,33000,30,-20,0.7614,5459.9
CRUISE,180000,33000,30,-15,0.7614,5487.7
CRUISE,180000,33000,30,-10,0.7614,5515.6
CRUISE,180000,33000,30,-5,0.7614,5543.4
CRUISE,180000,33000,30,0,0.7614,5571.3
CRUISE,180000,33000,30,5,0.7614,5599.2
CRUISE,180000,33000,30,10,0.7614,5627
CRUISE,180000,33000,30,15,0.7614,5654.9
CRUISE,180000,33000,30,20,0.7614,5682.7
CRUISE,180000,33000,40,-20,0.7672,5585.6
CRUISE,180000,33000,40,-15,0.7672,5614.1
CRUISE,180000,33000,40,-10,0.7672,5642.6
CRUISE,180000,33000,40,-5,0.7672,5671.1
CRUISE,180000,33000,40,0,0.7672,5699.6
CRUISE,180000,33000,40,5,0.7672,5728.1
CRUISE,180000,33000,40,10,0.7672,5756.6
CRUISE,180000,33000,40,15,0.7672,5785.1
CRUISE,180000,33000,40,20,0.7672,5813.6
CRUISE,180000,33000,50,-20,0.773,5713.2
CRUISE,180000,33000,50,-15,0.773,5742.4
CRUISE,180000,33000,50,-10,0.773,5771.5
CRUISE,180000,33000,50,-5,0.773,5800.7
CRUISE,180000,33000,50,0,0.773,5829.8
CRUISE,180000,33000,50,5,0.773,5859
CRUISE,180000,33000,50,10,0.773,5888.1
CRUISE,180000,33000,50,15,0.773,5917.3
CRUISE,180000,33000,50,20,0.773,5946.4
CRUISE,180000,33000,60,-20,0.7788,5842.8
CRUISE,180000,33000,60,-15,0.7788,5872.6
CRUISE,180000,33000,60,-10,0.7788,5902.4
CRUISE,180000,33000,60,-5,0.7788,5932.2
CRUISE,180000,33000,60,0,0.7788,5962
CRUISE,180000,33000,60,5,0.7788,5991.9
CRUISE,180000,33000,60,10,0.7788,6021.7
CRUISE,180000,33000,60,15,0.7788,6051.5
CRUISE,180000,33000,60,20,0.7788,6081.3
CRUISE,180000,33000,70,-20,0.7846,5974.3
CRUISE,180000,33000,70,-15,0.7846,6004.8
CRUISE,180000,33000,70,-10,0.7846,6035.3
CRUISE,180000,33000,70,-5,0.7846,6065.8
CRUISE,180000,33000,70,0,0.7846,6096.2
CRUISE,180000,33000,70,5,0.7846,6126.7
CRUISE,180000,33000,70,10,0.7846,6157.2
CRUISE,180000,33000,70,15,0.7846,6187.7
CRUISE,180000,33000,70,20,0.7846,6218.2
CRUISE,180000,33000,80,-20,0.7904,6107.8
CRUISE,180000,33000,80,-15,0.7904,6139
CRUISE,180000,33000,80,-10,0.7904,6170.1
CRUISE,180000,33000,80,-5,0.7904,6201.3
CRUISE,180000,33000,80,0,0.7904,6232.4
CRUISE,180000,33000,80,5,0.7904,6263.6
CRUISE,180000,33000,80,10,0.7904,6294.8
CRUISE,180000,33000,80,15,0.7904,6325.9
CRUISE,180000,33000,80,20,0.7904,6357.1
CRUISE,180000,33000,90,-20,0.7962,6243.2
CRUISE,180000,33000,90,-15,0.7962,6275.1
CRUISE,180000,33000,90,-10,0.7962,6306.9
CRUISE,180000,33000,90,-5,0.7962,6338.8
CRUISE,180000,33000,90,0,0.7962,6370.7
CRUISE,180000,33000,90,5,0.7962,6402.5
CRUISE,180000,33000,90,10,0.7962,6434.4
CRUISE,180000,33000,90,15,0.7962,6466.2
CRUISE,180000,33000,90,20,0.7962,6498.1
CRUISE,180000,33000,100,-20,0.802,6380.7
CRUISE,180000,33000,100,-15,0.802,6413.2
CRUISE,180000,33000,100,-10,0.802,6445.8
CRUISE,180000,33000,100,-5,0.802,6478.3
CRUISE,180000,33000,100,0,0.802,6510.9
CRUISE,180000,33000,100,5,0.802,6543.4
CRUISE,180000,33000,100,10,0.802,6576
CRUISE,180000,33000,100,15,0.802,6608.6
CRUISE,180000,33000,100,20,0.802,6641.1
CRUISE,180000,33000,110,-20,0.8078,6520.1
CRUISE,180000,33000,110,-15,0.8078,6553.4
CRUISE,180000,33000,110,-10,0.8078,6586.6
CRUISE,180000,33000,110,-5,0.8078,6619.9
CRUISE,180000,33000,110,0,0.8078,6653.2
CRUISE,180000,33000,110,5,0.8078,6686.4
CRUISE,180000,33000,110,10,0.8078,6719.7
CRUISE,180000,33000,110,15,0.8078,6753
CRUISE,180000,33000,110,20,0.8078,6786.2
CRUISE,180000,33000,120,-20,0.8136,6661.6
CRUISE,180000,33000,120,-15,0.8136,6695.6
CRUISE,180000,33000,120,-10,0.8136,6729.5
CRUISE,180000,33000,120,-5,0.8136,6763.5
CRUISE,180000,33000,120,0,0.8136,6797.5
CRUISE,180000,33000,120,5,0.8136,6831.5
CRUISE,180000,33000,120,10,0.8136,6865.5
CRUISE,180000,33000,120,15,0.8136,6899.5
CRUISE,180000,33000,120,20,0.8136,6933.5
CRUISE,180000,33000,130,-20,0.8194,6805.1
CRUISE,180000,33000,130,-15,0.8194,6839.8
CRUISE,180000,33000,130,-10,0.8194,6874.5
CRUISE,180000,33000,130,-5,0.8194,6909.2
CRUISE,180000,33000,130,0,0.8194,6943.9
CRUISE,180000,33000,130,5,0.8194,6978.6
CRUISE,180000,33000,130,10,0.8194,7013.4
CRUISE,180000,33000,130,15,0.8194,7048.1
CRUISE,180000,33000,130,20,0.8194,7082.8
CRUISE,180000,33000,140,-20,0.8252,6950.6
CRUISE,180000,33000,140,-15,0.8252,6986
CRUISE,180000,33000,140,-10,0.8252,7021.5
CRUISE,180000,33000,140,-5,0.8252,7057
CRUISE,180000,33000,140,0,0.8252,7092.4
CRUISE,180000,33000,140,5,0.8252,7127.9
CRUISE,180000,33000,140,10,0.8252,7163.4
CRUISE,180000,33000,140,15,0.8252,7198.8
CRUISE,180000,33000,140,20,0.8252,7234.3
CRUISE,180000,33000,150,-20,0.831,7098.2
CRUISE,180000,33000,150,-15,0.831,7134.4
CRUISE,180000,33000,150,-10,0.831,7170.6
CRUISE,180000,33000,150,-5,0.831,7206.8
CRUISE,180000,33000,150,0,0.831,7243
CRUISE,180000,33000,150,5,0.831,7279.2
CRUISE,180000,33000,150,10,0.831,7315.5
CRUISE,180000,33000,150,15,0.831,7351.7
CRUISE,180000,33000,150,20,0.831,7387.9
CRUISE,180000,33000,160,-20,0.8368,7247.8
CRUISE,180000,33000,160,-15,0.8368,7284.8
CRUISE,180000,33000,160,-10,0.8368,7321.8
CRUISE,180000,33000,160,-5,0.8368,7358.8
CRUISE,180000,33000,160,0,0.8368,7395.8
CRUISE,180000,33000,160,5,0.8368,7432.7
CRUISE,180000,33000,160,10,0.8368,7469.7
CRUISE,180000,33000,160,15,0.8368,7506.7
CRUISE,180000,33000,160,20,0.8368,7543.7
CRUISE,180000,33000,170,-20,0.8426,7399.6
CRUISE,180000,33000,170,-15,0.8426,7437.3
CRUISE,180000,33000,170,-10,0.8426,7475.1
CRUISE,180000,33000,170,-5,0.8426,7512.9
CRUISE,180000,33000,170,0,0.8426,7550.6
CRUISE,180000,33000,170,5,0.8426,7588.4
CRUISE,180000,33000,170,10,0.8426,7626.1
CRUISE,180000,33000,170,15,0.8426,7663.9
CRUISE,180000,33000,170,20,0.8426,7701.6
CRUISE,180000,33000,180,-20,0.8484,7553.5
CRUISE,180000,33000,180,-15,0.8484,7592
CRUISE,180000,33000,180,-10,0.8484,7630.5
CRUISE,180000,33000,180,-5,0.8484,7669.1
CRUISE,180000,33000,180,0,0.8484,7707.6
CRUISE,180000,33000,180,5,0.8484,7746.1
CRUISE,180000,33000,180,10,0.8484,7784.7
CRUISE,180000,33000,180,15,0.8484,7823.2
CRUISE,180000,33000,180,20,0.8484,7861.8
CRUISE,180000,33000,190,-20,0.8542,7709.4
CRUISE,180000,33000,190,-15,0.8542,7748.8
CRUISE,180000,33000,190,-10,0.8542,7788.1
CRUISE,180000,33000,190,-5,0.8542,7827.4
CRUISE,180000,33000,190,0,0.8542,7866.8
CRUISE,180000,33000,190,5,0.8542,7906.1
CRUISE,180000,33000,190,10,0.8542,7945.4
CRUISE,180000,33000,190,15,0.8542,7984.8
CRUISE,180000,33000,190,20,0.8542,8024.1
CRUISE,180000,33000,200,-20,0.86,7867.5
CRUISE,180000,33000,200,-15,0.86,7907.7
CRUISE,180000,33000,200,-10,0.86,7947.8
CRUISE,180000,33000,200,-5,0.86,7988
CRUISE,180000,33000,200,0,0.86,8028.1
CRUISE,180000,33000,200,5,0.86,8068.2
CRUISE,180000,33000,200,10,0.86,8108.4
CRUISE,180000,33000,200,15,0.86,8148.5
CRUISE,180000,33000,200,20,0.86,8188.7
CRUISE,180000,35000,0,-20,0.78,5139.1
CRUISE,180000,35000,0,-15,0.78,5165.3
CRUISE,180000,35000,0,-10,0.78,5191.6
CRUISE,180000,35000,0,-5,0.78,5217.8
CRUISE,180000,35000,0,0,0.78,5244
CRUISE,180000,35000,0,5,0.78,5270.2
CRUISE,180000,35000,0,10,0.78,5296.4
CRUISE,180000,35000,0,15,0.78,5322.7
CRUISE,180000,35000,0,20,0.78,5348.9
CRUISE,180000,35000,10,-20,0.784,5218.6
CRUISE,180000,35000,10,-15,0.784,5245.2
CRUISE,180000,35000,10,-10,0.784,5271.8
CRUISE,180000,35000,10,-5,0.784,5298.5
CRUISE,180000,35000,10,0,0.784,5325.1
CRUISE,180000,35000,10,5,0.784,5351.7
CRUISE,180000,35000,10,10,0.784,5378.3
CRUISE,180000,35000,10,15,0.784,5405
CRUISE,180000,35000,10,20,0.784,5431.6
CRUISE,180000,35000,20,-20,0.788,5298.9
CRUISE,180000,35000,20,-15,0.788,5325.9
CRUISE,180000,35000,20,-10,0.788,5352.9
CRUISE,180000,35000,20,-5,0.788,5380
CRUISE,180000,35000,20,0,0.788,5407
CRUISE,180000,35000,20,5,0.788,5434
CRUISE,180000,35000,20,10,0.788,5461.1
CRUISE,180000,35000,20,15,0.788,5488.1
CRUISE,180000,35000,20,20,0.788,5515.2
CRUISE,180000,35000,30,-20,0.792,5380
CRUISE,180000,35000,30,-15,0.792,5407.4
CRUISE,180000,35000,30,-10,0.792,5434.9
CRUISE,180000,35000,30,-5,0.792,5462.3
CRUISE,180000,35000,30,0,0.792,5489.8
CRUISE,180000,35000,30,5,0.792,5517.2
CRUISE,180000,35000,30,10,0.792,5544.7
CRUISE,180000,35000,30,15,0.792,5572.1
CRUISE,180000,35000,30,20,0.792,5599.6
CRUISE,180000,35000,40,-20,0.796,5461.9
CRUISE,180000,35000,40,-15,0.796,5489.8
CRUISE,180000,35000,40,-10,0.796,5517.6
CRUISE,180000,35000,40,-5,0.796,5545.5
CRUISE,180000,35000,40,0,0.796,5573.4
CRUISE,180000,35000,40,5,0.796,5601.2
CRUISE,180000,35000,40,10,0.796,5629.1
CRUISE,180000,35000,40,15,0.796,5657
CRUISE,180000,35000,40,20,0.796,5684.8
CRUISE,180000,35000,50,-20,0.8,5544.7
CRUISE,180000,35000,50,-15,0.8,5572.9
CRUISE,180000,35000,50,-10,0.8,5601.2
CRUISE,180000,35000,50,-5,0.8,5629.5
CRUISE,180000,35000,50,0,0.8,5657.8
CRUISE,180000,35000,50,5,0.8,5686.1
CRUISE,180000,35000,50,10,0.8,5714.4
CRUISE,180000,35000,50,15,0.8,5742.7
CRUISE,180000,35000,50,20,0.8,5771
CRUISE,180000,35000,60,-20,0.804,5628.2
CRUISE,180000,35000,60,-15,0.804,5657
CRUISE,180000,35000,60,-10,0.804,5685.7
CRUISE,180000,35000,60,-5,0.804,5714.4
CRUISE,180000,35000,60,0,0.804,5743.1
CRUISE,180000,35000,60,5,0.804,5771.8
CRUISE,180000,35000,60,10,0.804,5800.5
CRUISE,180000,35000,60,15,0.804,5829.3
CRUISE,180000,35000,60,20,0.804,5858
CRUISE,180000,35000,70,-20,0.808,5712.7
CRUISE,180000,35000,70,-15,0.808,5741.8
CRUISE,180000,35000,70,-10,0.808,5771
CRUISE,180000,35000,70,-5,0.808,5800.1
CRUISE,180000,35000,70,0,0.808,5829.3
CRUISE,180000,35000,70,5,0.808,5858.4
CRUISE,180000,35000,70,10,0.808,5887.5
CRUISE,180000,35000,70,15,0.808,5916.7
CRUISE,180000,35000,70,20,0.808,5945.8
CRUISE,180000,35000,80,-20,0.812,5797.9
CRUISE,180000,35000,80,-15,0.812,5827.5
CRUISE,180000,35000,80,-10,0.812,5857.1
CRUISE,180000,35000,80,-5,0.812,5886.7
CRUISE,180000,35000,80,0,0.812,5916.3
CRUISE,180000,35000,80,5,0.812,5945.8
CRUISE,180000,35000,80,10,0.812,5975.4
CRUISE,180000,35000,80,15,0.812,6005
CRUISE,180000,35000,80,20,0.812,6034.6
CRUISE,180000,35000,90,-20,0.816,5884
CRUISE,180000,35000,90,-15,0.816,5914.1
CRUISE,180000,35000,90,-10,0.816,5944.1
CRUISE,180000,35000,90,-5,0.816,5974.1
CRUISE,180000,35000,90,0,0.816,6004.1
CRUISE,180000,35000,90,5,0.816,6034.1
CRUISE,180000,35000,90,10,0.816,6064.2
CRUISE,180000,35000,90,15,0.816,6094.2
CRUISE,180000,35000,90,20,0.816,6124.2
CRUISE,180000,35000,100,-20,0.82,5971
CRUISE,180000,35000,100,-15,0.82,6001.5
CRUISE,180000,35000,100,-10,0.82,6031.9
CRUISE,180000,35000,100,-5,0.82,6062.4
CRUISE,180000,35000,100,0,0.82,6092.8
CRUISE,180000,35000,100,5,0.82,6123.3
CRUISE,180000,35000,100,10,0.82,6153.8
CRUISE,180000,35000,100,15,0.82,6184.2
CRUISE,180000,35000,100,20,0.82,6214.7
CRUISE,180000,35000,110,-20,0.824,6058.8
CRUISE,180000,35000,110,-15,0.824,6089.7
CRUISE,180000,35000,110,-10,0.824,6120.6
CRUISE,180000,35000,110,-5,0.824,6151.5
CRUISE,180000,35000,110,0,0.824,6182.4
CRUISE,180000,35000,110,5,0.824,6213.4
CRUISE,180000,35000,110,10,0.824,6244.3
CRUISE,180000,35000,110,15,0.824,6275.2
CRUISE,180000,35000,110,20,0.824,6306.1
CRUISE,180000,35000,120,-20,0.828,6147.5
CRUISE,180000,35000,120,-15,0.828,6178.8
CRUISE,180000,35000,120,-10,0.828,6210.2
CRUISE,180000,35000,120,-5,0.828,6241.6
CRUISE,180000,35000,120,0,0.828,6272.9
CRUISE,180000,35000,120,5,0.828,6304.3
CRUISE,180000,35000,120,10,0.828,6335.7
CRUISE,180000,35000,120,15,0.828,6367
CRUISE,180000,35000,120,20,0.828,6398.4
CRUISE,180000,35000,130,-20,0.832,6237
CRUISE,180000,35000,130,-15,0.832,6268.8
CRUISE,180000,35000,130,-10,0.832,6300.6
CRUISE,180000,35000,130,-5,0.832,6332.5
CRUISE,180000,35000,130,0,0.832,6364.3
CRUISE,180000,35000,130,5,0.832,6396.1
CRUISE,180000,35000,130,10,0.832,6427.9
CRUISE,180000,35000,130,15,0.832,6459.7
CRUISE,180000,35000,130,20,0.832,6491.6
CRUISE,180000,35000,140,-20,0.836,6327.4
CRUISE,180000,35000,140,-15,0.836,6359.7
CRUISE,180000,35000,140,-10,0.836,6391.9
CRUISE,180000,35000,140,-5,0.836,6424.2
CRUISE,180000,35000,140,0,0.836,6456.5
CRUISE,180000,35000,140,5,0.836,6488.8
CRUISE,180000,35000,140,10,0.836,6521.1
CRUISE,180000,35000,140,15,0.836,6553.4
CRUISE,180000,35000,140,20,0.836,6585.6
CRUISE,180000,35000,150,-20,0.84,6418.6
CRUISE,180000,35000,150,-15,0.84,6451.4
CRUISE,180000,35000,150,-10,0.84,6484.1
CRUISE,180000,35000,150,-5,0.84,6516.9
CRUISE,180000,35000,150,0,0.84,6549.6
CRUISE,180000,35000,150,5,0.84,6582.4
CRUISE,180000,35000,150,10,0.84,6615.1
CRUISE,180000,35000,150,15,0.84,6647.9
CRUISE,180000,35000,150,20,0.84,6680.6
CRUISE,180000,35000,160,-20,0.844,6510.8
CRUISE,180000,35000,160,-15,0.844,6544
CRUISE,180000,35000,160,-10,0.844,6577.2
CRUISE,180000,35000,160,-5,0.844,6610.4
CRUISE,180000,35000,160,0,0.844,6643.6
CRUISE,180000,35000,160,5,0.844,6676.9
CRUISE,180000,35000,160,10,0.844,6710.1
CRUISE,180000,35000,160,15,0.844,6743.3
CRUISE,180000,35000,160,20,0.844,6776.5
CRUISE,180000,35000,170,-20,0.848,6603.8
CRUISE,180000,35000,170,-15,0.848,6637.5
CRUISE,180000,35000,170,-10,0.848,6671.2
CRUISE,180000,35000,170,-5,0.848,6704.9
CRUISE,180000,35000,170,0,0.848,6738.5
CRUISE,180000,35000,170,5,0.848,6772.2
CRUISE,180000,35000,170,10,0.848,6805.9
CRUISE,180000,35000,170,15,0.848,6839.6
CRUISE,180000,35000,170,20,0.848,6873.3
CRUISE,180000,35000,180,-20,0.852,6697.7
CRUISE,180000,35000,180,-15,0.852,6731.8
CRUISE,180000,35000,180,-10,0.852,6766
CRUISE,180000,35000,180,-5,0.852,6800.2
CRUISE,180000,35000,180,0,0.852,6834.4
CRUISE,180000,35000,180,5,0.852,6868.5
CRUISE,180000,35000,180,10,0.852,6902.7
CRUISE,180000,35000,180,15,0.852,6936.9
CRUISE,180000,35000,180,20,0.852,6971
CRUISE,180000,35000,190,-20,0.856,6792.4
CRUISE,180000,35000,190,-15,0.856,6827.1
CRUISE,180000,35000,190,-10,0.856,6861.8
CRUISE,180000,35000,190,-5,0.856,6896.4
CRUISE,180000,35000,190,0,0.856,6931.1
CRUISE,180000,35000,190,5,0.856,6965.7
CRUISE,180000,35000,190,10,0.856,7000.4
CRUISE,180000,35000,190,15,0.856,7035
CRUISE,180000,35000,190,20,0.856,7069.7
CRUISE,180000,35000,200,-20,0.86,6888.1
CRUISE,180000,35000,200,-15,0.86,6923.3
CRUISE,180000,35000,200,-10,0.86,6958.4
CRUISE,180000,35000,200,-5,0.86,6993.5
CRUISE,180000,35000,200,0,0.86,7028.7
CRUISE,180000,35000,200,5,0.86,7063.8
CRUISE,180000,35000,200,10,0.86,7099
CRUISE,180000,35000,200,15,0.86,7134.1
CRUISE,180000,35000,200,20,0.86,7169.3
CRUISE,180000,37000,0,-20,0.812,5166.6
CRUISE,180000,37000,0,-15,0.812,5192.9
CRUISE,180000,37000,0,-10,0.812,5219.3
CRUISE,180000,37000,0,-5,0.812,5245.6
CRUISE,180000,37000,0,0,0.812,5272
CRUISE,180000,37000,0,5,0.812,5298.4
CRUISE,180000,37000,0,10,0.812,5324.7
CRUISE,180000,37000,0,15,0.812,5351.1
CRUISE,180000,37000,0,20,0.812,5377.4
CRUISE,180000,37000,10,-20,0.8144,5212.5
CRUISE,180000,37000,10,-15,0.8144,5239.1
CRUISE,180000,37000,10,-10,0.8144,5265.7
CRUISE,180000,37000,10,-5,0.8144,5292.3
CRUISE,180000,37000,10,0,0.8144,5318.9
CRUISE,180000,37000,10,5,0.8144,5345.5
CRUISE,180000,37000,10,10,0.8144,5372.1
CRUISE,180000,37000,10,15,0.8144,5398.7
CRUISE,180000,37000,10,20,0.8144,5425.3
CRUISE,180000,37000,20,-20,0.8168,5258.7
CRUISE,180000,37000,20,-15,0.8168,5285.6
CRUISE,180000,37000,20,-10,0.8168,5312.4
CRUISE,180000,37000,20,-5,0.8168,5339.2
CRUISE,180000,37000,20,0,0.8168,5366
CRUISE,180000,37000,20,5,0.8168,5392.9
CRUISE,180000,37000,20,10,0.8168,5419.7
CRUISE,180000,37000,20,15,0.8168,5446.5
CRUISE,180000,37000,20,20,0.8168,5473.4
CRUISE,180000,37000,30,-20,0.8192,5305.2
CRUISE,180000,37000,30,-15,0.8192,5332.3
CRUISE,180000,37000,30,-10,0.8192,5359.4
CRUISE,180000,37000,30,-5,0.8192,5386.4
CRUISE,180000,37000,30,0,0.8192,5413.5
CRUISE,180000,37000,30,5,0.8192,5440.6
CRUISE,180000,37000,30,10,0.8192,5467.6
CRUISE,180000,37000,30,15,0.8192,5494.7
CRUISE,180000,37000,30,20,0.8192,5521.8
CRUISE,180000,37000,40,-20,0.8216,5352
CRUISE,180000,37000,40,-15,0.8216,5379.3
CRUISE,180000,37000,40,-10,0.8216,5406.6
CRUISE,180000,37000,40,-5,0.8216,5433.9
CRUISE,180000,37000,40,0,0.8216,5461.2
CRUISE,180000,37000,40,5,0.8216,5488.5
CRUISE,180000,37000,40,10,0.8216,5515.8
CRUISE,180000,37000,40,15,0.8216,5543.1
CRUISE,180000,37000,40,20,0.8216,5570.4
CRUISE,180000,37000,50,-20,0.824,5399
CRUISE,180000,37000,50,-15,0.824,5426.6
CRUISE,180000,37000,50,-10,0.824,5454.1
CRUISE,180000,37000,50,-5,0.824,5481.7
CRUISE,180000,37000,50,0,0.824,5509.2
CRUISE,180000,37000,50,5,0.824,5536.8
CRUISE,180000,37000,50,10,0.824,5564.3
CRUISE,180000,37000,50,15,0.824,5591.8
CRUISE,180000,37000,50,20,0.824,5619.4
CRUISE,180000,37000,60,-20,0.8264,5446.3
CRUISE,180000,37000,60,-15,0.8264,5474.1
CRUISE,180000,37000,60,-10,0.8264,5501.9
CRUISE,180000,37000,60,-5,0.8264,5529.7
CRUISE,180000,37000,60,0,0.8264,5557.5
CRUISE,180000,37000,60,5,0.8264,5585.3
CRUISE,180000,37000,60,10,0.8264,5613.1
CRUISE,180000,37000,60,15,0.8264,5640.8
CRUISE,180000,37000,60,20,0.8264,5668.6
CRUISE,180000,37000,70,-20,0.8288,5493.9
CRUISE,180000,37000,70,-15,0.8288,5522
CRUISE,180000,37000,70,-10,0.8288,5550
CRUISE,180000,37000,70,-5,0.8288,5578
CRUISE,180000,37000,70,0,0.8288,5606
CRUISE,180000,37000,70,5,0.8288,5634.1
CRUISE,180000,37000,70,10,0.8288,5662.1
CRUISE,180000,37000,70,15,0.8288,5690.1
CRUISE,180000,37000,70,20,0.8288,5718.2
CRUISE,180000,37000,80,-20,0.8312,5541.8
CRUISE,180000,37000,80,-15,0.8312,5570.1
CRUISE,180000,37000,80,-10,0.8312,5598.3
CRUISE,180000,37000,80,-5,0.8312,5626.6
CRUISE,180000,37000,80,0,0.8312,5654.9
CRUISE,180000,37000,80,5,0.8312,5683.2
CRUISE,180000,37000,80,10,0.8312,5711.4
CRUISE,180000,37000,80,15,0.8312,5739.7
CRUISE,180000,37000,80,20,0.8312,5768
CRUISE,180000,37000,90,-20,0.8336,5589.9
CRUISE,180000,37000,90,-15,0.8336,5618.5
CRUISE,180000,37000,90,-10,0.8336,5647
CRUISE,180000,37000,90,-5,0.8336,5675.5
CRUISE,180000,37000,90,0,0.8336,5704
CRUISE,180000,37000,90,5,0.8336,5732.5
CRUISE,180000,37000,90,10,0.8336,5761.1
CRUISE,180000,37000,90,15,0.8336,5789.6
CRUISE,180000,37000,90,20,0.8336,5818.1
CRUISE,180000,37000,100,-20,0.836,5638.4
CRUISE,180000,37000,100,-15,0.836,5667.1
CRUISE,180000,37000,100,-10,0.836,5695.9
CRUISE,180000,37000,100,-5,0.836,5724.7
CRUISE,180000,37000,100,0,0.836,5753.4
CRUISE,180000,37000,100,5,0.836,5782.2
CRUISE,180000,37000,100,10,0.836,5811
CRUISE,180000,37000,100,15,0.836,5839.7
CRUISE,180000,37000,100,20,0.836,5868.5
CRUISE,180000,37000,110,-20,0.8384,5687.1
CRUISE,180000,37000,110,-15,0.8384,5716.1
CRUISE,180000,37000,110,-10,0.8384,5745.1
CRUISE,180000,37000,110,-5,0.8384,5774.1
CRUISE,180000,37000,110,0,0.8384,5803.1
CRUISE,180000,37000,110,5,0.8384,5832.1
CRUISE,180000,37000,110,10,0.8384,5861.1
CRUISE,180000,37000,110,15,0.8384,5890.2
CRUISE,180000,37000,110,20,0.8384,5919.2
CRUISE,180000,37000,120,-20,0.8408,5736
CRUISE,180000,37000,120,-15,0.8408,5765.3
CRUISE,180000,37000,120,-10,0.8408,5794.6
CRUISE,180000,37000,120,-5,0.8408,5823.8
CRUISE,180000,37000,120,0,0.8408,5853.1
CRUISE,180000,37000,120,5,0.8408,5882.4
CRUISE,180000,37000,120,10,0.8408,5911.6
CRUISE,180000,37000,120,15,0.8408,5940.9
CRUISE,180000,37000,120,20,0.8408,5970.2
CRUISE,180000,37000,130,-20,0.8432,5785.3
CRUISE,180000,37000,130,-15,0.8432,5814.8
CRUISE,180000,37000,130,-10,0.8432,5844.3
CRUISE,180000,37000,130,-5,0.8432,5873.8
CRUISE,180000,37000,130,0,0.8432,5903.4
CRUISE,180000,37000,130,5,0.8432,5932.9
CRUISE,180000,37000,130,10,0.8432,5962.4
CRUISE,180000,37000,130,15,0.8432,5991.9
CRUISE,180000,37000,130,20,0.8432,6021.4
CRUISE,180000,37000,140,-20,0.8456,5834.8
CRUISE,180000,37000,140,-15,0.8456,5864.6
CRUISE,180000,37000,140,-10,0.8456,5894.4
CRUISE,180000,37000,140,-5,0.8456,5924.1
CRUISE,180000,37000,140,0,0.8456,5953.9
CRUISE,180000,37000,140,5,0.8456,5983.7
CRUISE,180000,37000,140,10,0.8456,6013.4
CRUISE,180000,37000,140,15,0.8456,6043.2
CRUISE,180000,37000,140,20,0.8456,6073
CRUISE,180000,37000,150,-20,0.848,5884.7
CRUISE,180000,37000,150,-15,0.848,5914.7
CRUISE,180000,37000,150,-10,0.848,5944.7
CRUISE,180000,37000,150,-5,0.848,5974.7
CRUISE,180000,37000,150,0,0.848,6004.7
CRUISE,180000,37000,150,5,0.848,6034.8
CRUISE,180000,37000,150,10,0.848,6064.8
CRUISE,180000,37000,150,15,0.848,6094.8
CRUISE,180000,37000,150,20,0.848,6124.8
CRUISE,180000,37000,160,-20,0.8504,5934.8
CRUISE,180000,37000,160,-15,0.8504,5965
CRUISE,180000,37000,160,-10,0.8504,5995.3
CRUISE,180000,37000,160,-5,0.8504,6025.6
CRUISE,180000,37000,160,0,0.8504,6055.9
CRUISE,180000,37000,160,5,0.8504,6086.2
CRUISE,180000,37000,160,10,0.8504,6116.4
CRUISE,180000,37000,160,15,0.8504,6146.7
CRUISE,180000,37000,160,20,0.8504,6177
CRUISE,180000,37000,170,-20,0.8528,5985.1
CRUISE,180000,37000,170,-15,0.8528,6015.7
CRUISE,180000,37000,170,-10,0.8528,6046.2
CRUISE,180000,37000,170,-5,0.8528,6076.8
CRUISE,180000,37000,170,0,0.8528,6107.3
CRUISE,180000,37000,170,5,0.8528,6137.8
CRUISE,180000,37000,170,10,0.8528,6168.4
CRUISE,180000,37000,170,15,0.8528,6198.9
CRUISE,180000,37000,170,20,0.8528,6229.4
CRUISE,180000,37000,180,-20,0.8552,6035.8
CRUISE,180000,37000,180,-15,0.8552,6066.6
CRUISE,180000,37000,180,-10,0.8552,6097.4
CRUISE,180000,37000,180,-5,0.8552,6128.2
CRUISE,180000,37000,180,0,0.8552,6159
CRUISE,180000,37000,180,5,0.8552,6189.8
CRUISE,180000,37000,180,10,0.8552,6220.6
CRUISE,180000,37000,180,15,0.8552,6251.4
CRUISE,180000,37000,180,20,0.8552,6282.2
CRUISE,180000,37000,190,-20,0.8576,6086.8
CRUISE,180000,37000,190,-15,0.8576,6117.8
CRUISE,180000,37000,190,-10,0.8576,6148.9
CRUISE,180000,37000,190,-5,0.8576,6179.9
CRUISE,180000,37000,190,0,0.8576,6211
CRUISE,180000,37000,190,5,0.8576,6242.1
CRUISE,180000,37000,190,10,0.8576,6273.1
CRUISE,180000,37000,190,15,0.8576,6304.2
CRUISE,180000,37000,190,20,0.8576,6335.2
CRUISE,180000,37000,200,-20,0.86,6138
CRUISE,180000,37000,200,-15,0.86,6169.3
CRUISE,180000,37000,200,-10,0.86,6200.7
CRUISE,180000,37000,200,-5,0.86,6232
CRUISE,180000,37000,200,0,0.86,6263.3
CRUISE,180000,37000,200,5,0.86,6294.6
CRUISE,180000,37000,200,10,0.86,6325.9
CRUISE,180000,37000,200,15,0.86,6357.2
CRUISE,180000,37000,200,20,0.86,6388.6
CRUISE,180000,39000,0,-20,0.831,5162.6
CRUISE,180000,39000,0,-15,0.831,5189
CRUISE,180000,39000,0,-10,0.831,5215.3
CRUISE,180000,39000,0,-5,0.831,5241.7
CRUISE,180000,39000,0,0,0.831,5268
CRUISE,180000,39000,0,5,0.831,5294.3
CRUISE,180000,39000,0,10,0.831,5320.7
CRUISE,180000,39000,0,15,0.831,5347
CRUISE,180000,39000,0,20,0.831,5373.4
CRUISE,180000,39000,10,-20,0.8324,5189.7
CRUISE,180000,39000,10,-15,0.8324,5216.2
CRUISE,180000,39000,10,-10,0.8324,5242.7
CRUISE,180000,39000,10,-5,0.8324,5269.1
CRUISE,180000,39000,10,0,0.8324,5295.6
CRUISE,180000,39000,10,5,0.8324,5322.1
CRUISE,180000,39000,10,10,0.8324,5348.6
CRUISE,180000,39000,10,15,0.8324,5375.1
CRUISE,180000,39000,10,20,0.8324,5401.5
CRUISE,180000,39000,20,-20,0.8339,5216.9
CRUISE,180000,39000,20,-15,0.8339,5243.5
CRUISE,180000,39000,20,-10,0.8339,5270.1
CRUISE,180000,39000,20,-5,0.8339,5296.7
CRUISE,180000,39000,20,0,0.8339,5323.3
CRUISE,180000,39000,20,5,0.8339,5350
CRUISE,180000,39000,20,10,0.8339,5376.6
CRUISE,180000,39000,20,15,0.8339,5403.2
CRUISE,180000,39000,20,20,0.8339,5429.8
CRUISE,180000,39000,30,-20,0.8353,5244.1
CRUISE,180000,39000,30,-15,0.8353,5270.9
CRUISE,180000,39000,30,-10,0.8353,5297.7
CRUISE,180000,39000,30,-5,0.8353,5324.4
CRUISE,180000,39000,30,0,0.8353,5351.2
CRUISE,180000,39000,30,5,0.8353,5377.9
CRUISE,180000,39000,30,10,0.8353,5404.7
CRUISE,180000,39000,30,15,0.8353,5431.4
CRUISE,180000,39000,30,20,0.8353,5458.2
CRUISE,180000,39000,40,-20,0.8368,5271.5
CRUISE,180000,39000,40,-15,0.8368,5298.4
CRUISE,180000,39000,40,-10,0.8368,5325.3
CRUISE,180000,39000,40,-5,0.8368,5352.2
CRUISE,180000,39000,40,0,0.8368,5379.1
CRUISE,180000,39000,40,5,0.8368,5406
CRUISE,180000,39000,40,10,0.8368,5432.9
CRUISE,180000,39000,40,15,0.8368,5459.8
CRUISE,180000,39000,40,20,0.8368,5486.7
CRUISE,180000,39000,50,-20,0.8382,5298.9
CRUISE,180000,39000,50,-15,0.8382,5326
CRUISE,180000,39000,50,-10,0.8382,5353
CRUISE,180000,39000,50,-5,0.8382,5380.1
CRUISE,180000,39000,50,0,0.8382,5407.1
CRUISE,180000,39000,50,5,0.8382,5434.1
CRUISE,180000,39000,50,10,0.8382,5461.2
CRUISE,180000,39000,50,15,0.8382,5488.2
CRUISE,180000,39000,50,20,0.8382,5515.2
CRUISE,180000,39000,60,-20,0.8397,5326.5
CRUISE,180000,39000,60,-15,0.8397,5353.7
CRUISE,180000,39000,60,-10,0.8397,5380.8
CRUISE,180000,39000,60,-5,0.8397,5408
CRUISE,180000,39000,60,0,0.8397,5435.2
CRUISE,180000,39000,60,5,0.8397,5462.4
CRUISE,180000,39000,60,10,0.8397,5489.5
CRUISE,180000,39000,60,15,0.8397,5516.7
CRUISE,180000,39000,60,20,0.8397,5543.9
CRUISE,180000,39000,70,-20,0.8411,5354.1
CRUISE,180000,39000,70,-15,0.8411,5381.4
CRUISE,180000,39000,70,-10,0.8411,5408.8
CRUISE,180000,39000,70,-5,0.8411,5436.1
CRUISE,180000,39000,70,0,0.8411,5463.4
CRUISE,180000,39000,70,5,0.8411,5490.7
CRUISE,180000,39000,70,10,0.8411,5518
CRUISE,180000,39000,70,15,0.8411,5545.4
CRUISE,180000,39000,70,20,0.8411,5572.7
CRUISE,180000,39000,80,-20,0.8426,5381.9
CRUISE,180000,39000,80,-15,0.8426,5409.3
CRUISE,180000,39000,80,-10,0.8426,5436.8
CRUISE,180000,39000,80,-5,0.8426,5464.2
CRUISE,180000,39000,80,0,0.8426,5491.7
CRUISE,180000,39000,80,5,0.8426,5519.2
CRUISE,180000,39000,80,10,0.8426,5546.6
CRUISE,180000,39000,80,15,0.8426,5574.1
CRUISE,180000,39000,80,20,0.8426,5601.5
CRUISE,180000,39000,90,-20,0.844,5409.7
CRUISE,180000,39000,90,-15,0.844,5437.3
CRUISE,180000,39000,90,-10,0.844,5464.9
CRUISE,180000,39000,90,-5,0.844,5492.5
CRUISE,180000,39000,90,0,0.844,5520.1
CRUISE,180000,39000,90,5,0.844,5547.7
CRUISE,180000,39000,90,10,0.844,5575.3
CRUISE,180000,39000,90,15,0.844,5602.9
CRUISE,180000,39000,90,20,0.844,5630.5
CRUISE,180000,39000,100,-20,0.8455,5437.6
CRUISE,180000,39000,100,-15,0.8455,5465.4
CRUISE,180000,39000,100,-10,0.8455,5493.1
CRUISE,180000,39000,100,-5,0.8455,5520.9
CRUISE,180000,39000,100,0,0.8455,5548.6
CRUISE,180000,39000,100,5,0.8455,5576.3
CRUISE,180000,39000,100,10,0.8455,5604.1
CRUISE,180000,39000,100,15,0.8455,5631.8
CRUISE,180000,39000,100,20,0.8455,5659.6
CRUISE,180000,39000,110,-20,0.8469,5465.7
CRUISE,180000,39000,110,-15,0.8469,5493.5
CRUISE,180000,39000,110,-10,0.8469,5521.4
CRUISE,180000,39000,110,-5,0.8469,5549.3
CRUISE,180000,39000,110,0,0.8469,5577.2
CRUISE,180000,39000,110,5,0.8469,5605.1
CRUISE,180000,39000,110,10,0.8469,5633
CRUISE,180000,39000,110,15,0.8469,5660.9
CRUISE,180000,39000,110,20,0.8469,5688.7
CRUISE,180000,39000,120,-20,0.8484,5493.8
CRUISE,180000,39000,120,-15,0.8484,5521.8
CRUISE,180000,39000,120,-10,0.8484,5549.8
CRUISE,180000,39000,120,-5,0.8484,5577.9
CRUISE,180000,39000,120,0,0.8484,5605.9
CRUISE,180000,39000,120,5,0.8484,5633.9
CRUISE,180000,39000,120,10,0.8484,5662
CRUISE,180000,39000,120,15,0.8484,5690
CRUISE,180000,39000,120,20,0.8484,5718
CRUISE,180000,39000,130,-20,0.8498,5522
CRUISE,180000,39000,130,-15,0.8498,5550.2
CRUISE,180000,39000,130,-10,0.8498,5578.3
CRUISE,180000,39000,130,-5,0.8498,5606.5
CRUISE,180000,39000,130,0,0.8498,5634.7
CRUISE,180000,39000,130,5,0.8498,5662.9
CRUISE,180000,39000,130,10,0.8498,5691
CRUISE,180000,39000,130,15,0.8498,5719.2
CRUISE,180000,39000,130,20,0.8498,5747.4
CRUISE,180000,39000,140,-20,0.8513,5550.3
CRUISE,180000,39000,140,-15,0.8513,5578.6
CRUISE,180000,39000,140,-10,0.8513,5606.9
CRUISE,180000,39000,140,-5,0.8513,5635.3
CRUISE,180000,39000,140,0,0.8513,5663.6
CRUISE,180000,39000,140,5,0.8513,5691.9
CRUISE,180000,39000,140,10,0.8513,5720.2
CRUISE,180000,39000,140,15,0.8513,5748.5
CRUISE,180000,39000,140,20,0.8513,5776.8
CRUISE,180000,39000,150,-20,0.8528,5578.7
CRUISE,180000,39000,150,-15,0.8528,5607.2
CRUISE,180000,39000,150,-10,0.8528,5635.6
CRUISE,180000,39000,150,-5,0.8528,5664.1
CRUISE,180000,39000,150,0,0.8528,5692.6
CRUISE,180000,39000,150,5,0.8528,5721
CRUISE,180000,39000,150,10,0.8528,5749.5
CRUISE,180000,39000,150,15,0.8528,5778
CRUISE,180000,39000,150,20,0.8528,5806.4
CRUISE,180000,39000,160,-20,0.8542,5607.2
CRUISE,180000,39000,160,-15,0.8542,5635.8
CRUISE,180000,39000,160,-10,0.8542,5664.4
CRUISE,180000,39000,160,-5,0.8542,5693
CRUISE,180000,39000,160,0,0.8542,5721.7
CRUISE,180000,39000,160,5,0.8542,5750.3
CRUISE,180000,39000,160,10,0.8542,5778.9
CRUISE,180000,39000,160,15,0.8542,5807.5
CRUISE,180000,39000,160,20,0.8542,5836.1
CRUISE,180000,39000,170,-20,0.8557,5635.8
CRUISE,180000,39000,170,-15,0.8557,5664.6
CRUISE,180000,39000,170,-10,0.8557,5693.3
CRUISE,180000,39000,170,-5,0.8557,5722.1
CRUISE,180000,39000,170,0,0.8557,5750.8
CRUISE,180000,39000,170,5,0.8557,5779.6
CRUISE,180000,39000,170,10,0.8557,5808.3
CRUISE,180000,39000,170,15,0.8557,5837.1
CRUISE,180000,39000,170,20,0.8557,5865.9
CRUISE,180000,39000,180,-20,0.8571,5664.5
CRUISE,180000,39000,180,-15,0.8571,5693.4
CRUISE,180000,39000,180,-10,0.8571,5722.3
CRUISE,180000,39000,180,-5,0.8571,5751.2
CRUISE,180000,39000,180,0,0.8571,5780.1
CRUISE,180000,39000,180,5,0.8571,5809
CRUISE,180000,39000,180,10,0.8571,5837.9
CRUISE,180000,39000,180,15,0.8571,5866.8
CRUISE,180000,39000,180,20,0.8571,5895.7
CRUISE,180000,39000,190,-20,0.8586,5693.3
CRUISE,180000,39000,190,-15,0.8586,5722.4
CRUISE,180000,39000,190,-10,0.8586,5751.4
CRUISE,180000,39000,190,-5,0.8586,5780.5
CRUISE,180000,39000,190,0,0.8586,5809.5
CRUISE,180000,39000,190,5,0.8586,5838.6
CRUISE,180000,39000,190,10,0.8586,5867.6
CRUISE,180000,39000,190,15,0.8586,5896.7
CRUISE,180000,39000,190,20,0.8586,5925.7
CRUISE,180000,39000,200,-20,0.86,5722.2
CRUISE,180000,39000,200,-15,0.86,5751.4
CRUISE,180000,39000,200,-10,0.86,5780.6
CRUISE,180000,39000,200,-5,0.86,5809.8
CRUISE,180000,39000,200,0,0.86,5839
CRUISE,180000,39000,200,5,0.86,5868.2
CRUISE,180000,39000,200,10,0.86,5897.4
CRUISE,180000,39000,200,15,0.86,5926.6
CRUISE,180000,39000,200,20,0.86,5955.8
CRUISE,180000,41000,0,-20,0.839,5143
CRUISE,180000,41000,0,-15,0.839,5169.3
CRUISE,180000,41000,0,-10,0.839,5195.5
CRUISE,180000,41000,0,-5,0.839,5221.8
CRUISE,180000,41000,0,0,0.839,5248
CRUISE,180000,41000,0,5,0.839,5274.2
CRUISE,180000,41000,0,10,0.839,5300.5
CRUISE,180000,41000,0,15,0.839,5326.7
CRUISE,180000,41000,0,20,0.839,5353
CRUISE,180000,41000,10,-20,0.84,5162.4
CRUISE,180000,41000,10,-15,0.84,5188.7
CRUISE,180000,41000,10,-10,0.84,5215.1
CRUISE,180000,41000,10,-5,0.84,5241.4
CRUISE,180000,41000,10,0,0.84,5267.7
CRUISE,180000,41000,10,5,0.84,5294.1
CRUISE,180000,41000,10,10,0.84,5320.4
CRUISE,180000,41000,10,15,0.84,5346.7
CRUISE,180000,41000,10,20,0.84,5373.1
CRUISE,180000,41000,20,-20,0.8411,5181.8
CRUISE,180000,41000,20,-15,0.8411,5208.2
CRUISE,180000,41000,20,-10,0.8411,5234.6
CRUISE,180000,41000,20,-5,0.8411,5261.1
CRUISE,180000,41000,20,0,0.8411,5287.5
CRUISE,180000,41000,20,5,0.8411,5313.9
CRUISE,180000,41000,20,10,0.8411,5340.4
CRUISE,180000,41000,20,15,0.8411,5366.8
CRUISE,180000,41000,20,20,0.8411,5393.3
CRUISE,180000,41000,30,-20,0.8421,5201.2
CRUISE,180000,41000,30,-15,0.8421,5227.7
CRUISE,180000,41000,30,-10,0.8421,5254.3
CRUISE,180000,41000,30,-5,0.8421,5280.8
CRUISE,180000,41000,30,0,0.8421,5307.3
CRUISE,180000,41000,30,5,0.8421,5333.9
CRUISE,180000,41000,30,10,0.8421,5360.4
CRUISE,180000,41000,30,15,0.8421,5386.9
CRUISE,180000,41000,30,20,0.8421,5413.5
CRUISE,180000,41000,40,-20,0.8432,5220.7
CRUISE,180000,41000,40,-15,0.8432,5247.3
CRUISE,180000,41000,40,-10,0.8432,5273.9
CRUISE,180000,41000,40,-5,0.8432,5300.6
CRUISE,180000,41000,40,0,0.8432,5327.2
CRUISE,180000,41000,40,5,0.8432,5353.8
CRUISE,180000,41000,40,10,0.8432,5380.5
CRUISE,180000,41000,40,15,0.8432,5407.1
CRUISE,180000,41000,40,20,0.8432,5433.8
CRUISE,180000,41000,50,-20,0.8442,5240.2
CRUISE,180000,41000,50,-15,0.8442,5266.9
CRUISE,180000,41000,50,-10,0.8442,5293.7
CRUISE,180000,41000,50,-5,0.8442,5320.4
CRUISE,180000,41000,50,0,0.8442,5347.1
CRUISE,180000,41000,50,5,0.8442,5373.9
CRUISE,180000,41000,50,10,0.8442,5400.6
CRUISE,180000,41000,50,15,0.8442,5427.3
CRUISE,180000,41000,50,20,0.8442,5454.1
CRUISE,180000,41000,60,-20,0.8453,5259.8
CRUISE,180000,41000,60,-15,0.8453,5286.6
CRUISE,180000,41000,60,-10,0.8453,5313.4
CRUISE,180000,41000,60,-5,0.8453,5340.3
CRUISE,180000,41000,60,0,0.8453,5367.1
CRUISE,180000,41000,60,5,0.8453,5393.9
CRUISE,180000,41000,60,10,0.8453,5420.8
CRUISE,180000,41000,60,15,0.8453,5447.6
CRUISE,180000,41000,60,20,0.8453,5474.5
CRUISE,180000,41000,70,-20,0.8463,5279.4
CRUISE,180000,41000,70,-15,0.8463,5306.3
CRUISE,180000,41000,70,-10,0.8463,5333.3
CRUISE,180000,41000,70,-5,0.8463,5360.2
CRUISE,180000,41000,70,0,0.8463,5387.1
CRUISE,180000,41000,70,5,0.8463,5414.1
CRUISE,180000,41000,70,10,0.8463,5441
CRUISE,180000,41000,70,15,0.8463,5467.9
CRUISE,180000,41000,70,20,0.8463,5494.9
CRUISE,180000,41000,80,-20,0.8474,5299.1
CRUISE,180000,41000,80,-15,0.8474,5326.1
CRUISE,180000,41000,80,-10,0.8474,5353.1
CRUISE,180000,41000,80,-5,0.8474,5380.2
CRUISE,180000,41000,80,0,0.8474,5407.2
CRUISE,180000,41000,80,5,0.8474,5434.2
CRUISE,180000,41000,80,10,0.8474,5461.3
CRUISE,180000,41000,80,15,0.8474,5488.3
CRUISE,180000,41000,80,20,0.8474,5515.4
CRUISE,180000,41000,90,-20,0.8484,5318.8
CRUISE,180000,41000,90,-15,0.8484,5345.9
CRUISE,180000,41000,90,-10,0.8484,5373.1
CRUISE,180000,41000,90,-5,0.8484,5400.2
CRUISE,180000,41000,90,0,0.8484,5427.3
CRUISE,180000,41000,90,5,0.8484,5454.5
CRUISE,180000,41000,90,10,0.8484,5481.6
CRUISE,180000,41000,90,15,0.8484,5508.7
CRUISE,180000,41000,90,20,0.8484,5535.9
CRUISE,180000,41000,100,-20,0.8495,5338.6
CRUISE,180000,41000,100,-15,0.8495,5365.8
CRUISE,180000,41000,100,-10,0.8495,5393
CRUISE,180000,41000,100,-5,0.8495,5420.3
CRUISE,180000,41000,100,0,0.8495,5447.5
CRUISE,180000,41000,100,5,0.8495,5474.7
CRUISE,180000,41000,100,10,0.8495,5502
CRUISE,180000,41000,100,15,0.8495,5529.2
CRUISE,180000,41000,100,20,0.8495,5556.5
CRUISE,180000,41000,110,-20,0.8506,5358.4
CRUISE,180000,41000,110,-15,0.8506,5385.7
CRUISE,180000,41000,110,-10,0.8506,5413.1
CRUISE,180000,41000,110,-5,0.8506,5440.4
CRUISE,180000,41000,110,0,0.8506,5467.7
CRUISE,180000,41000,110,5,0.8506,5495.1
CRUISE,180000,41000,110,10,0.8506,5522.4
CRUISE,180000,41000,110,15,0.8506,5549.8
CRUISE,180000,41000,110,20,0.8506,5577.1
CRUISE,180000,41000,120,-20,0.8516,5378.2
CRUISE,180000,41000,120,-15,0.8516,5405.7
CRUISE,180000,41000,120,-10,0.8516,5433.1
CRUISE,180000,41000,120,-5,0.8516,5460.6
CRUISE,180000,41000,120,0,0.8516,5488
CRUISE,180000,41000,120,5,0.8516,5515.5
CRUISE,180000,41000,120,10,0.8516,5542.9
CRUISE,180000,41000,120,15,0.8516,5570.3
CRUISE,180000,41000,120,20,0.8516,5597.8
CRUISE,180000,41000,130,-20,0.8527,5398.2
CRUISE,180000,41000,130,-15,0.8527,5425.7
CRUISE,180000,41000,130,-10,0.8527,5453.3
CRUISE,180000,41000,130,-5,0.8527,5480.8
CRUISE,180000,41000,130,0,0.8527,5508.3
CRUISE,180000,41000,130,5,0.8527,5535.9
CRUISE,180000,41000,130,10,0.8527,5563.4
CRUISE,180000,41000,130,15,0.8527,5591
CRUISE,180000,41000,130,20,0.8527,5618.5
CRUISE,180000,41000,140,-20,0.8537,5418.1
CRUISE,180000,41000,140,-15,0.8537,5445.8
CRUISE,180000,41000,140,-10,0.8537,5473.4
CRUISE,180000,41000,140,-5,0.8537,5501.1
CRUISE,180000,41000,140,0,0.8537,5528.7
CRUISE,180000,41000,140,5,0.8537,5556.4
CRUISE,180000,41000,140,10,0.8537,5584
CRUISE,180000,41000,140,15,0.8537,5611.6
CRUISE,180000,41000,140,20,0.8537,5639.3
CRUISE,180000,41000,150,-20,0.8548,5438.2
CRUISE,180000,41000,150,-15,0.8548,5465.9
CRUISE,180000,41000,150,-10,0.8548,5493.6
CRUISE,180000,41000,150,-5,0.8548,5521.4
CRUISE,180000,41000,150,0,0.8548,5549.1
CRUISE,180000,41000,150,5,0.8548,5576.9
CRUISE,180000,41000,150,10,0.8548,5604.6
CRUISE,180000,41000,150,15,0.8548,5632.4
CRUISE,180000,41000,150,20,0.8548,5660.1
CRUISE,180000,41000,160,-20,0.8558,5458.2
CRUISE,180000,41000,160,-15,0.8558,5486.1
CRUISE,180000,41000,160,-10,0.8558,5513.9
CRUISE,180000,41000,160,-5,0.8558,5541.8
CRUISE,180000,41000,160,0,0.8558,5569.6
CRUISE,180000,41000,160,5,0.8558,5597.5
CRUISE,180000,41000,160,10,0.8558,5625.3
CRUISE,180000,41000,160,15,0.8558,5653.2
CRUISE,180000,41000,160,20,0.8558,5681
CRUISE,180000,41000,170,-20,0.8569,5478.3
CRUISE,180000,41000,170,-15,0.8569,5506.3
CRUISE,180000,41000,170,-10,0.8569,5534.2
CRUISE,180000,41000,170,-5,0.8569,5562.2
CRUISE,180000,41000,170,0,0.8569,5590.1
CRUISE,180000,41000,170,5,0.8569,5618.1
CRUISE,180000,41000,170,10,0.8569,5646
CRUISE,180000,41000,170,15,0.8569,5674
CRUISE,180000,41000,170,20,0.8569,5701.9
CRUISE,180000,41000,180,-20,0.8579,5498.5
CRUISE,180000,41000,180,-15,0.8579,5526.6
CRUISE,180000,41000,180,-10,0.8579,5554.6
CRUISE,180000,41000,180,-5,0.8579,5582.7
CRUISE,180000,41000,180,0,0.8579,5610.7
CRUISE,180000,41000,180,5,0.8579,5638.8
CRUISE,180000,41000,180,10,0.8579,5666.8
CRUISE,180000,41000,180,15,0.8579,5694.9
CRUISE,180000,41000,180,20,0.8579,5722.9
CRUISE,180000,41000,190,-20,0.8589,5518.7
CRUISE,180000,41000,190,-15,0.8589,5546.9
CRUISE,180000,41000,190,-10,0.8589,5575
CRUISE,180000,41000,190,-5,0.8589,5603.2
CRUISE,180000,41000,190,0,0.8589,5631.3
CRUISE,180000,41000,190,5,0.8589,5659.5
CRUISE,180000,41000,190,10,0.8589,5687.7
CRUISE,180000,41000,190,15,0.8589,5715.8
CRUISE,180000,41000,190,20,0.8589,5744
CRUISE,180000,41000,200,-20,0.86,5539
CRUISE,180000,41000,200,-15,0.86,5567.2
CRUISE,180000,41000,200,-10,0.86,5595.5
CRUISE,180000,41000,200,-5,0.86,5623.8
CRUISE,180000,41000,200,0,0.86,5652
CRUISE,180000,41000,200,5,0.86,5680.3
CRUISE,180000,41000,200,10,0.86,5708.5
CRUISE,180000,41000,200,15,0.86,5736.8
CRUISE,180000,41000,200,20,0.86,5765.1
CRUISE,180000,43000,0,-20,0.839,5113.6
CRUISE,180000,43000,0,-15,0.839,5139.7
CRUISE,180000,43000,0,-10,0.839,5165.8
CRUISE,180000,43000,0,-5,0.839,5191.9
CRUISE,180000,43000,0,0,0.839,5218
CRUISE,180000,43000,0,5,0.839,5244.1
CRUISE,180000,43000,0,10,0.839,5270.2
CRUISE,180000,43000,0,15,0.839,5296.3
CRUISE,180000,43000,0,20,0.839,5322.4
CRUISE,180000,43000,10,-20,0.84,5132.9
CRUISE,180000,43000,10,-15,0.84,5159.1
CRUISE,180000,43000,10,-10,0.84,5185.2
CRUISE,180000,43000,10,-5,0.84,5211.4
CRUISE,180000,43000,10,0,0.84,5237.6
CRUISE,180000,43000,10,5,0.84,5263.8
CRUISE,180000,43000,10,10,0.84,5290
CRUISE,180000,43000,10,15,0.84,5316.2
CRUISE,180000,43000,10,20,0.84,5342.4
CRUISE,180000,43000,20,-20,0.8411,5152.1
CRUISE,180000,43000,20,-15,0.8411,5178.4
CRUISE,180000,43000,20,-10,0.8411,5204.7
CRUISE,180000,43000,20,-5,0.8411,5231
CRUISE,180000,43000,20,0,0.8411,5257.3
CRUISE,180000,43000,20,5,0.8411,5283.6
CRUISE,180000,43000,20,10,0.8411,5309.9
CRUISE,180000,43000,20,15,0.8411,5336.1
CRUISE,180000,43000,20,20,0.8411,5362.4
CRUISE,180000,43000,30,-20,0.8421,5171.5
CRUISE,180000,43000,30,-15,0.8421,5197.8
CRUISE,180000,43000,30,-10,0.8421,5224.2
CRUISE,180000,43000,30,-5,0.8421,5250.6
CRUISE,180000,43000,30,0,0.8421,5277
CRUISE,180000,43000,30,5,0.8421,5303.4
CRUISE,180000,43000,30,10,0.8421,5329.8
CRUISE,180000,43000,30,15,0.8421,5356.1
CRUISE,180000,43000,30,20,0.8421,5382.5
CRUISE,180000,43000,40,-20,0.8432,5190.8
CRUISE,180000,43000,40,-15,0.8432,5217.3
CRUISE,180000,43000,40,-10,0.8432,5243.8
CRUISE,180000,43000,40,-5,0.8432,5270.3
CRUISE,180000,43000,40,0,0.8432,5296.8
CRUISE,180000,43000,40,5,0.8432,5323.2
CRUISE,180000,43000,40,10,0.8432,5349.7
CRUISE,180000,43000,40,15,0.8432,5376.2
CRUISE,180000,43000,40,20,0.8432,5402.7
CRUISE,180000,43000,50,-20,0.8442,5210.2
CRUISE,180000,43000,50,-15,0.8442,5236.8
CRUISE,180000,43000,50,-10,0.8442,5263.4
CRUISE,180000,43000,50,-5,0.8442,5290
CRUISE,180000,43000,50,0,0.8442,5316.6
CRUISE,180000,43000,50,5,0.8442,5343.2
CRUISE,180000,43000,50,10,0.8442,5369.7
CRUISE,180000,43000,50,15,0.8442,5396.3
CRUISE,180000,43000,50,20,0.8442,5422.9
CRUISE,180000,43000,60,-20,0.8453,5229.7
CRUISE,180000,43000,60,-15,0.8453,5256.4
CRUISE,180000,43000,60,-10,0.8453,5283.1
CRUISE,180000,43000,60,-5,0.8453,5309.7
CRUISE,180000,43000,60,0,0.8453,5336.4
CRUISE,180000,43000,60,5,0.8453,5363.1
CRUISE,180000,43000,60,10,0.8453,5389.8
CRUISE,180000,43000,60,15,0.8453,5416.5
CRUISE,180000,43000,60,20,0.8453,5443.2
CRUISE,180000,43000,70,-20,0.8463,5249.2
CRUISE,180000,43000,70,-15,0.8463,5276
CRUISE,180000,43000,70,-10,0.8463,5302.8
CRUISE,180000,43000,70,-5,0.8463,5329.6
CRUISE,180000,43000,70,0,0.8463,5356.3
CRUISE,180000,43000,70,5,0.8463,5383.1
CRUISE,180000,43000,70,10,0.8463,5409.9
CRUISE,180000,43000,70,15,0.8463,5436.7
CRUISE,180000,43000,70,20,0.8463,5463.5
CRUISE,180000,43000,80,-20,0.8474,5268.8
CRUISE,180000,43000,80,-15,0.8474,5295.7
CRUISE,180000,43000,80,-10,0.8474,5322.5
CRUISE,180000,43000,80,-5,0.8474,5349.4
CRUISE,180000,43000,80,0,0.8474,5376.3
CRUISE,180000,43000,80,5,0.8474,5403.2
CRUISE,180000,43000,80,10,0.8474,5430.1
CRUISE,180000,43000,80,15,0.8474,5456.9
CRUISE,180000,43000,80,20,0.8474,5483.8
CRUISE,180000,43000,90,-20,0.8484,5288.4
CRUISE,180000,43000,90,-15,0.8484,5315.4
CRUISE,180000,43000,90,-10,0.8484,5342.3
CRUISE,180000,43000,90,-5,0.8484,5369.3
CRUISE,180000,43000,90,0,0.8484,5396.3
CRUISE,180000,43000,90,5,0.8484,5423.3
CRUISE,180000,43000,90,10,0.8484,5450.3
CRUISE,180000,43000,90,15,0.8484,5477.3
CRUISE,180000,43000,90,20,0.8484,5504.2
CRUISE,180000,43000,100,-20,0.8495,5308
CRUISE,180000,43000,100,-15,0.8495,5335.1
CRUISE,180000,43000,100,-10,0.8495,5362.2
CRUISE,180000,43000,100,-5,0.8495,5389.3
CRUISE,180000,43000,100,0,0.8495,5416.4
CRUISE,180000,43000,100,5,0.8495,5443.5
CRUISE,180000,43000,100,10,0.8495,5470.5
CRUISE,180000,43000,100,15,0.8495,5497.6
CRUISE,180000,43000,100,20,0.8495,5524.7
CRUISE,180000,43000,110,-20,0.8506,5327.7
CRUISE,180000,43000,110,-15,0.8506,5354.9
CRUISE,180000,43000,110,-10,0.8506,5382.1
CRUISE,180000,43000,110,-5,0.8506,5409.3
CRUISE,180000,43000,110,0,0.8506,5436.5
CRUISE,180000,43000,110,5,0.8506,5463.7
CRUISE,180000,43000,110,10,0.8506,5490.8
CRUISE,180000,43000,110,15,0.8506,5518
CRUISE,180000,43000,110,20,0.8506,5545.2
CRUISE,180000,43000,120,-20,0.8516,5347.5
CRUISE,180000,43000,120,-15,0.8516,5374.8
CRUISE,180000,43000,120,-10,0.8516,5402.1
CRUISE,180000,43000,120,-5,0.8516,5429.4
CRUISE,180000,43000,120,0,0.8516,5456.6
CRUISE,180000,43000,120,5,0.8516,5483.9
CRUISE,180000,43000,120,10,0.8516,5511.2
CRUISE,180000,43000,120,15,0.8516,5538.5
CRUISE,180000,43000,120,20,0.8516,5565.8
CRUISE,180000,43000,130,-20,0.8527,5367.3
CRUISE,180000,43000,130,-15,0.8527,5394.7
CRUISE,180000,43000,130,-10,0.8527,5422.1
CRUISE,180000,43000,130,-5,0.8527,5449.5
CRUISE,180000,43000,130,0,0.8527,5476.8
CRUISE,180000,43000,130,5,0.8527,5504.2
CRUISE,180000,43000,130,10,0.8527,5531.6
CRUISE,180000,43000,130,15,0.8527,5559
CRUISE,180000,43000,130,20,0.8527,5586.4
CRUISE,180000,43000,140,-20,0.8537,5387.2
CRUISE,180000,43000,140,-15,0.8537,5414.6
CRUISE,180000,43000,140,-10,0.8537,5442.1
CRUISE,180000,43000,140,-5,0.8537,5469.6
CRUISE,180000,43000,140,0,0.8537,5497.1
CRUISE,180000,43000,140,5,0.8537,5524.6
CRUISE,180000,43000,140,10,0.8537,5552.1
CRUISE,180000,43000,140,15,0.8537,5579.6
CRUISE,180000,43000,140,20,0.8537,5607
CRUISE,180000,43000,150,-20,0.8548,5407.1
CRUISE,180000,43000,150,-15,0.8548,5434.7
CRUISE,180000,43000,150,-10,0.8548,5462.2
CRUISE,180000,43000,150,-5,0.8548,5489.8
CRUISE,180000,43000,150,0,0.8548,5517.4
CRUISE,180000,43000,150,5,0.8548,5545
CRUISE,180000,43000,150,10,0.8548,5572.6
CRUISE,180000,43000,150,15,0.8548,5600.2
CRUISE,180000,43000,150,20,0.8548,5627.8
CRUISE,180000,43000,160,-20,0.8558,5427
CRUISE,180000,43000,160,-15,0.8558,5454.7
CRUISE,180000,43000,160,-10,0.8558,5482.4
CRUISE,180000,43000,160,-5,0.8558,5510.1
CRUISE,180000,43000,160,0,0.8558,5537.8
CRUISE,180000,43000,160,5,0.8558,5565.5
CRUISE,180000,43000,160,10,0.8558,5593.1
CRUISE,180000,43000,160,15,0.8558,5620.8
CRUISE,180000,43000,160,20,0.8558,5648.5
CRUISE,180000,43000,170,-20,0.8569,5447
CRUISE,180000,43000,170,-15,0.8569,5474.8
CRUISE,180000,43000,170,-10,0.8569,5502.6
CRUISE,180000,43000,170,-5,0.8569,5530.4
CRUISE,180000,43000,170,0,0.8569,5558.2
CRUISE,180000,43000,170,5,0.8569,5586
CRUISE,180000,43000,170,10,0.8569,5613.8
CRUISE,180000,43000,170,15,0.8569,5641.6
CRUISE,180000,43000,170,20,0.8569,5669.3
CRUISE,180000,43000,180,-20,0.8579,5467.1
CRUISE,180000,43000,180,-15,0.8579,5495
CRUISE,180000,43000,180,-10,0.8579,5522.9
CRUISE,180000,43000,180,-5,0.8579,5550.7
CRUISE,180000,43000,180,0,0.8579,5578.6
CRUISE,180000,43000,180,5,0.8579,5606.5
CRUISE,180000,43000,180,10,0.8579,5634.4
CRUISE,180000,43000,180,15,0.8579,5662.3
CRUISE,180000,43000,180,20,0.8579,5690.2
CRUISE,180000,43000,190,-20,0.8589,5487.2
CRUISE,180000,43000,190,-15,0.8589,5515.2
CRUISE,180000,43000,190,-10,0.8589,5543.2
CRUISE,180000,43000,190,-5,0.8589,5571.2
CRUISE,180000,43000,190,0,0.8589,5599.1
CRUISE,180000,43000,190,5,0.8589,5627.1
CRUISE,180000,43000,190,10,0.8589,5655.1
CRUISE,180000,43000,190,15,0.8589,5683.1
CRUISE,180000,43000,190,20,0.8589,5711.1
CRUISE,180000,43000,200,-20,0.86,5507.3
CRUISE,180000,43000,200,-15,0.86,5535.4
CRUISE,180000,43000,200,-10,0.86,5563.5
CRUISE,180000,43000,200,-5,0.86,5591.6
CRUISE,180000,43000,200,0,0.86,5619.7
CRUISE,180000,43000,200,5,0.86,5647.8
CRUISE,180000,43000,200,10,0.86,5675.9
CRUISE,180000,43000,200,15,0.86,5704
CRUISE,180000,43000,200,20,0.86,5732.1
CRUISE,200000,25000,0,-20,0.68,5797.7
CRUISE,200000,25000,0,-15,0.68,5827.3
CRUISE,200000,25000,0,-10,0.68,5856.8
CRUISE,200000,25000,0,-5,0.68,5886.4
CRUISE,200000,25000,0,0,0.68,5916
CRUISE,200000,25000,0,5,0.68,5945.6
CRUISE,200000,25000,0,10,0.68,5975.2
CRUISE,200000,25000,0,15,0.68,6004.7
CRUISE,200000,25000,0,20,0.68,6034.3
CRUISE,200000,25000,10,-20,0.689,6030.9
CRUISE,200000,25000,10,-15,0.689,6061.7
CRUISE,200000,25000,10,-10,0.689,6092.5
CRUISE,200000,25000,10,-5,0.689,6123.3
CRUISE,200000,25000,10,0,0.689,6154
CRUISE,200000,25000,10,5,0.689,6184.8
CRUISE,200000,25000,10,10,0.689,6215.6
CRUISE,200000,25000,10,15,0.689,6246.3
CRUISE,200000,25000,10,20,0.689,6277.1
CRUISE,200000,25000,20,-20,0.698,6270.4
CRUISE,200000,25000,20,-15,0.698,6302.4
CRUISE,200000,25000,20,-10,0.698,6334.4
CRUISE,200000,25000,20,-5,0.698,6366.4
CRUISE,200000,25000,20,0,0.698,6398.3
CRUISE,200000,25000,20,5,0.698,6430.3
CRUISE,200000,25000,20,10,0.698,6462.3
CRUISE,200000,25000,20,15,0.698,6494.3
CRUISE,200000,25000,20,20,0.698,6526.3
CRUISE,200000,25000,30,-20,0.707,6516.1
CRUISE,200000,25000,30,-15,0.707,6549.3
CRUISE,200000,25000,30,-10,0.707,6582.6
CRUISE,200000,25000,30,-5,0.707,6615.8
CRUISE,200000,25000,30,0,0.707,6649.1
CRUISE,200000,25000,30,5,0.707,6682.3
CRUISE,200000,25000,30,10,0.707,6715.5
CRUISE,200000,25000,30,15,0.707,6748.8
CRUISE,200000,25000,30,20,0.707,6782
CRUISE,200000,25000,40,-20,0.716,6768.1
CRUISE,200000,25000,40,-15,0.716,6802.6
CRUISE,200000,25000,40,-10,0.716,6837.2
CRUISE,200000,25000,40,-5,0.716,6871.7
CRUISE,200000,25000,40,0,0.716,6906.2
CRUISE,200000,25000,40,5,0.716,6940.8
CRUISE,200000,25000,40,10,0.716,6975.3
CRUISE,200000,25000,40,15,0.716,7009.8
CRUISE,200000,25000,40,20,0.716,7044.3
CRUISE,200000,25000,50,-20,0.725,7026.5
CRUISE,200000,25000,50,-15,0.725,7062.4
CRUISE,200000,25000,50,-10,0.725,7098.2
CRUISE,200000,25000,50,-5,0.725,7134.1
CRUISE,200000,25000,50,0,0.725,7169.9
CRUISE,200000,25000,50,5,0.725,7205.8
CRUISE,200000,25000,50,10,0.725,7241.6
CRUISE,200000,25000,50,15,0.725,7277.5
CRUISE,200000,25000,50,20,0.725,7313.3
CRUISE,200000,25000,60,-20,0.734,7291.5
CRUISE,200000,25000,60,-15,0.734,7328.7
CRUISE,200000,25000,60,-10,0.734,7365.9
CRUISE,200000,25000,60,-5,0.734,7403.1
CRUISE,200000,25000,60,0,0.734,7440.3
CRUISE,200000,25000,60,5,0.734,7477.5
CRUISE,200000,25000,60,10,0.734,7514.7
CRUISE,200000,25000,60,15,0.734,7551.9
CRUISE,200000,25000,60,20,0.734,7589.1
CRUISE,200000,25000,70,-20,0.743,7563
CRUISE,200000,25000,70,-15,0.743,7601.6
CRUISE,200000,25000,70,-10,0.743,7640.2
CRUISE,200000,25000,70,-5,0.743,7678.8
CRUISE,200000,25000,70,0,0.743,7717.3
CRUISE,200000,25000,70,5,0.743,7755.9
CRUISE,200000,25000,70,10,0.743,7794.5
CRUISE,200000,25000,70,15,0.743,7833.1
CRUISE,200000,25000,70,20,0.743,7871.7
CRUISE,200000,25000,80,-20,0.752,7841.2
CRUISE,200000,25000,80,-15,0.752,7881.2
CRUISE,200000,25000,80,-10,0.752,7921.2
CRUISE,200000,25000,80,-5,0.752,7961.2
CRUISE,200000,25000,80,0,0.752,8001.2
CRUISE,200000,25000,80,5,0.752,8041.2
CRUISE,200000,25000,80,10,0.752,8081.2
CRUISE,200000,25000,80,15,0.752,8121.2
CRUISE,200000,25000,80,20,0.752,8161.2
CRUISE,200000,25000,90,-20,0.761,8126.1
CRUISE,200000,25000,90,-15,0.761,8167.5
CRUISE,200000,25000,90,-10,0.761,8209
CRUISE,200000,25000,90,-5,0.761,8250.5
CRUISE,200000,25000,90,0,0.761,8291.9
CRUISE,200000,25000,90,5,0.761,8333.4
CRUISE,200000,25000,90,10,0.761,8374.8
CRUISE,200000,25000,90,15,0.761,8416.3
CRUISE,200000,25000,90,20,0.761,8457.8
CRUISE,200000,25000,100,-20,0.77,8417.8
CRUISE,200000,25000,100,-15,0.77,8460.8
CRUISE,200000,25000,100,-10,0.77,8503.7
CRUISE,200000,25000,100,-5,0.77,8546.7
CRUISE,200000,25000,100,0,0.77,8589.6
CRUISE,200000,25000,100,5,0.77,8632.6
CRUISE,200000,25000,100,10,0.77,8675.5
CRUISE,200000,25000,100,15,0.77,8718.5
CRUISE,200000,25000,100,20,0.77,8761.4
CRUISE,200000,25000,110,-20,0.779,8716.5
CRUISE,200000,25000,110,-15,0.779,8760.9
CRUISE,200000,25000,110,-10,0.779,8805.4
CRUISE,200000,25000,110,-5,0.779,8849.9
CRUISE,200000,25000,110,0,0.779,8894.3
CRUISE,200000,25000,110,5,0.779,8938.8
CRUISE,200000,25000,110,10,0.779,8983.3
CRUISE,200000,25000,110,15,0.779,9027.8
CRUISE,200000,25000,110,20,0.779,9072.2
CRUISE,200000,25000,120,-20,0.788,9022.1
CRUISE,200000,25000,120,-15,0.788,9068.1
CRUISE,200000,25000,120,-10,0.788,9114.1
CRUISE,200000,25000,120,-5,0.788,9160.2
CRUISE,200000,25000,120,0,0.788,9206.2
CRUISE,200000,25000,120,5,0.788,9252.2
CRUISE,200000,25000,120,10,0.788,9298.3
CRUISE,200000,25000,120,15,0.788,9344.3
CRUISE,200000,25000,120,20,0.788,9390.3
CRUISE,200000,25000,130,-20,0.797,9334.7
CRUISE,200000,25000,130,-15,0.797,9382.4
CRUISE,200000,25000,130,-10,0.797,9430
CRUISE,200000,25000,130,-5,0.797,9477.6
CRUISE,200000,25000,130,0,0.797,9525.3
CRUISE,200000,25000,130,5,0.797,9572.9
CRUISE,200000,25000,130,10,0.797,9620.5
CRUISE,200000,25000,130,15,0.797,9668.1
CRUISE,200000,25000,130,20,0.797,9715.8
CRUISE,200000,25000,140,-20,0.806,9654.6
CRUISE,200000,25000,140,-15,0.806,9703.8
CRUISE,200000,25000,140,-10,0.806,9753.1
CRUISE,200000,25000,140,-5,0.806,9802.3
CRUISE,200000,25000,140,0,0.806,9851.6
CRUISE,200000,25000,140,5,0.806,9900.9
CRUISE,200000,25000,140,10,0.806,9950.1
CRUISE,200000,25000,140,15,0.806,9999.4
CRUISE,200000,25000,140,20,0.806,10048.6
CRUISE,200000,25000,150,-20,0.815,9981.6
CRUISE,200000,25000,150,-15,0.815,10032.5
CRUISE,200000,25000,150,-10,0.815,10083.5
CRUISE,200000,25000,150,-5,0.815,10134.4
CRUISE,200000,25000,150,0,0.815,10185.3
CRUISE,200000,25000,150,5,0.815,10236.2
CRUISE,200000,25000,150,10,0.815,10287.2
CRUISE,200000,25000,150,15,0.815,10338.1
CRUISE,200000,25000,150,20,0.815,10389
CRUISE,200000,25000,160,-20,0.824,10315.9
CRUISE,200000,25000,160,-15,0.824,10368.6
CRUISE,200000,25000,160,-10,0.824,10421.2
CRUISE,200000,25000,160,-5,0.824,10473.8
CRUISE,200000,25000,160,0,0.824,10526.5
CRUISE,200000,25000,160,5,0.824,10579.1
CRUISE,200000,25000,160,10,0.824,10631.7
CRUISE,200000,25000,160,15,0.824,10684.4
CRUISE,200000,25000,160,20,0.824,10737
CRUISE,200000,25000,170,-20,0.833,10657.7
CRUISE,200000,25000,170,-15,0.833,10712.1
CRUISE,200000,25000,170,-10,0.833,10766.4
CRUISE,200000,25000,170,-5,0.833,10820.8
CRUISE,200000,25000,170,0,0.833,10875.2
CRUISE,200000,25000,170,5,0.833,10929.6
CRUISE,200000,25000,170,10,0.833,10983.9
CRUISE,200000,25000,170,15,0.833,11038.3
CRUISE,200000,25000,170,20,0.833,11092.7
CRUISE,200000,25000,180,-20,0.842,11006.9
CRUISE,200000,25000,180,-15,0.842,11063
CRUISE,200000,25000,180,-10,0.842,11119.2
CRUISE,200000,25000,180,-5,0.842,11175.3
CRUISE,200000,25000,180,0,0.842,11231.5
CRUISE,200000,25000,180,5,0.842,11287.7
CRUISE,200000,25000,180,10,0.842,11343.8
CRUISE,200000,25000,180,15,0.842,11400
CRUISE,200000,25000,180,20,0.842,11456.1
CRUISE,200000,25000,190,-20,0.851,11363.6
CRUISE,200000,25000,190,-15,0.851,11421.6
CRUISE,200000,25000,190,-10,0.851,11479.6
CRUISE,200000,25000,190,-5,0.851,11537.5
CRUISE,200000,25000,190,0,0.851,11595.5
CRUISE,200000,25000,190,5,0.851,11653.5
CRUISE,200000,25000,190,10,0.851,11711.5
CRUISE,200000,25000,190,15,0.851,11769.4
CRUISE,200000,25000,190,20,0.851,11827.4
CRUISE,200000,25000,200,-20,0.86,11728
CRUISE,200000,25000,200,-15,0.86,11787.8
CRUISE,200000,25000,200,-10,0.86,11847.6
CRUISE,200000,25000,200,-5,0.86,11907.5
CRUISE,200000,25000,200,0,0.86,11967.3
CRUISE,200000,25000,200,5,0.86,12027.2
CRUISE,200000,25000,200,10,0.86,12087
CRUISE,200000,25000,200,15,0.86,12146.8
CRUISE,200000,25000,200,20,0.86,12206.7
CRUISE,200000,27000,0,-20,0.7,5713.4
CRUISE,200000,27000,0,-15,0.7,5742.6
CRUISE,200000,27000,0,-10,0.7,5771.7
CRUISE,200000,27000,0,-5,0.7,5800.9
CRUISE,200000,27000,0,0,0.7,5830
CRUISE,200000,27000,0,5,0.7,5859.1
CRUISE,200000,27000,0,10,0.7,5888.3
CRUISE,200000,27000,0,15,0.7,5917.4
CRUISE,200000,27000,0,20,0.7,5946.6
CRUISE,200000,27000,10,-20,0.708,5911.5
CRUISE,200000,27000,10,-15,0.708,5941.7
CRUISE,200000,27000,10,-10,0.708,5971.9
CRUISE,200000,27000,10,-5,0.708,6002
CRUISE,200000,27000,10,0,0.708,6032.2
CRUISE,200000,27000,10,5,0.708,6062.3
CRUISE,200000,27000,10,10,0.708,6092.5
CRUISE,200000,27000,10,15,0.708,6122.7
CRUISE,200000,27000,10,20,0.708,6152.8
CRUISE,200000,27000,20,-20,0.716,6114.2
CRUISE,200000,27000,20,-15,0.716,6145.4
CRUISE,200000,27000,20,-10,0.716,6176.6
CRUISE,200000,27000,20,-5,0.716,6207.8
CRUISE,200000,27000,20,0,0.716,6239
CRUISE,200000,27000,20,5,0.716,6270.2
CRUISE,200000,27000,20,10,0.716,6301.4
CRUISE,200000,27000,20,15,0.716,6332.6
CRUISE,200000,27000,20,20,0.716,6363.8
CRUISE,200000,27000,30,-20,0.724,6321.4
CRUISE,200000,27000,30,-15,0.724,6353.7
CRUISE,200000,27000,30,-10,0.724,6385.9
CRUISE,200000,27000,30,-5,0.724,6418.2
CRUISE,200000,27000,30,0,0.724,6450.5
CRUISE,200000,27000,30,5,0.724,6482.7
CRUISE,200000,27000,30,10,0.724,6515
CRUISE,200000,27000,30,15,0.724,6547.2
CRUISE,200000,27000,30,20,0.724,6579.5
CRUISE,200000,27000,40,-20,0.732,6533.3
CRUISE,200000,27000,40,-15,0.732,6566.7
CRUISE,200000,27000,40,-10,0.732,6600
CRUISE,200000,27000,40,-5,0.732,6633.3
CRUISE,200000,27000,40,0,0.732,6666.7
CRUISE,200000,27000,40,5,0.732,6700
CRUISE,200000,27000,40,10,0.732,6733.3
CRUISE,200000,27000,40,15,0.732,6766.7
CRUISE,200000,27000,40,20,0.732,6800
CRUISE,200000,27000,50,-20,0.74,6749.9
CRUISE,200000,27000,50,-15,0.74,6784.3
CRUISE,200000,27000,50,-10,0.74,6818.8
CRUISE,200000,27000,50,-5,0.74,6853.2
CRUISE,200000,27000,50,0,0.74,6887.6
CRUISE,200000,27000,50,5,0.74,6922.1
CRUISE,200000,27000,50,10,0.74,6956.5
CRUISE,200000,27000,50,15,0.74,6990.9
CRUISE,200000,27000,50,20,0.74,7025.4
CRUISE,200000,27000,60,-20,0.748,6971.2
CRUISE,200000,27000,60,-15,0.748,7006.7
CRUISE,200000,27000,60,-10,0.748,7042.3
CRUISE,200000,27000,60,-5,0.748,7077.9
CRUISE,200000,27000,60,0,0.748,7113.4
CRUISE,200000,27000,60,5,0.748,7149
CRUISE,200000,27000,60,10,0.748,7184.6
CRUISE,200000,27000,60,15,0.748,7220.1
CRUISE,200000,27000,60,20,0.748,7255.7
CRUISE,200000,27000,70,-20,0.756,7197.2
CRUISE,200000,27000,70,-15,0.756,7234
CRUISE,200000,27000,70,-10,0.756,7270.7
CRUISE,200000,27000,70,-5,0.756,7307.4
CRUISE,200000,27000,70,0,0.756,7344.1
CRUISE,200000,27000,70,5,0.756,7380.8
CRUISE,200000,27000,70,10,0.756,7417.6
CRUISE,200000,27000,70,15,0.756,7454.3
CRUISE,200000,27000,70,20,0.756,7491
CRUISE,200000,27000,80,-20,0.764,7428.1
CRUISE,200000,27000,80,-15,0.764,7466
CRUISE,200000,27000,80,-10,0.764,7503.9
CRUISE,200000,27000,80,-5,0.764,7541.8
CRUISE,200000,27000,80,0,0.764,7579.7
CRUISE,200000,27000,80,5,0.764,7617.6
CRUISE,200000,27000,80,10,0.764,7655.5
CRUISE,200000,27000,80,15,0.764,7693.4
CRUISE,200000,27000,80,20,0.764,7731.3
CRUISE,200000,27000,90,-20,0.772,7663.9
CRUISE,200000,27000,90,-15,0.772,7703
CRUISE,200000,27000,90,-10,0.772,7742.1
CRUISE,200000,27000,90,-5,0.772,7781.3
CRUISE,200000,27000,90,0,0.772,7820.4
CRUISE,200000,27000,90,5,0.772,7859.5
CRUISE,200000,27000,90,10,0.772,7898.6
CRUISE,200000,27000,90,15,0.772,7937.7
CRUISE,200000,27000,90,20,0.772,7976.8
CRUISE,200000,27000,100,-20,0.78,7904.7
CRUISE,200000,27000,100,-15,0.78,7945
CRUISE,200000,27000,100,-10,0.78,7985.3
CRUISE,200000,27000,100,-5,0.78,8025.7
CRUISE,200000,27000,100,0,0.78,8066
CRUISE,200000,27000,100,5,0.78,8106.3
CRUISE,200000,27000,100,10,0.78,8146.7
CRUISE,200000,27000,100,15,0.78,8187
CRUISE,200000,27000,100,20,0.78,8227.3
CRUISE,200000,27000,110,-20,0.788,8150.4
CRUISE,200000,27000,110,-15,0.788,8192
CRUISE,200000,27000,110,-10,0.788,8233.6
CRUISE,200000,27000,110,-5,0.788,8275.2
CRUISE,200000,27000,110,0,0.788,8316.7
CRUISE,200000,27000,110,5,0.788,8358.3
CRUISE,200000,27000,110,10,0.788,8399.9
CRUISE,200000,27000,110,15,0.788,8441.5
CRUISE,200000,27000,110,20,0.788,8483.1
CRUISE,200000,27000,120,-20,0.796,8401.2
CRUISE,200000,27000,120,-15,0.796,8444
CRUISE,200000,27000,120,-10,0.796,8486.9
CRUISE,200000,27000,120,-5,0.796,8529.8
CRUISE,200000,27000,120,0,0.796,8572.6
CRUISE,200000,27000,120,5,0.796,8615.5
CRUISE,200000,27000,120,10,0.796,8658.3
CRUISE,200000,27000,120,15,0.796,8701.2
CRUISE,200000,27000,120,20,0.796,8744.1
CRUISE,200000,27000,130,-20,0.804,8657
CRUISE,200000,27000,130,-15,0.804,8701.2
CRUISE,200000,27000,130,-10,0.804,8745.4
CRUISE,200000,27000,130,-5,0.804,8789.5
CRUISE,200000,27000,130,0,0.804,8833.7
CRUISE,200000,27000,130,5,0.804,8877.9
CRUISE,200000,27000,130,10,0.804,8922
CRUISE,200000,27000,130,15,0.804,8966.2
CRUISE,200000,27000,130,20,0.804,9010.4
CRUISE,200000,27000,140,-20,0.812,8918
CRUISE,200000,27000,140,-15,0.812,8963.5
CRUISE,200000,27000,140,-10,0.812,9009
CRUISE,200000,27000,140,-5,0.812,9054.5
CRUISE,200000,27000,140,0,0.812,9100
CRUISE,200000,27000,140,5,0.812,9145.5
CRUISE,200000,27000,140,10,0.812,9191
CRUISE,200000,27000,140,15,0.812,9236.5
CRUISE,200000,27000,140,20,0.812,9282
CRUISE,200000,27000,150,-20,0.82,9184.2
CRUISE,200000,27000,150,-15,0.82,9231.1
CRUISE,200000,27000,150,-10,0.82,9277.9
CRUISE,200000,27000,150,-5,0.82,9324.8
CRUISE,200000,27000,150,0,0.82,9371.6
CRUISE,200000,27000,150,5,0.82,9418.5
CRUISE,200000,27000,150,10,0.82,9465.4
CRUISE,200000,27000,150,15,0.82,9512.2
CRUISE,200000,27000,150,20,0.82,9559.1
CRUISE,200000,27000,160,-20,0.828,9455.7
CRUISE,200000,27000,160,-15,0.828,9503.9
CRUISE,200000,27000,160,-10,0.828,9552.1
CRUISE,200000,27000,160,-5,0.828,9600.4
CRUISE,200000,27000,160,0,0.828,9648.6
CRUISE,200000,27000,160,5,0.828,9696.9
CRUISE,200000,27000,160,10,0.828,9745.1
CRUISE,200000,27000,160,15,0.828,9793.4
CRUISE,200000,27000,160,20,0.828,9841.6
CRUISE,200000,27000,170,-20,0.836,9732.4
CRUISE,200000,27000,170,-15,0.836,9782
CRUISE,200000,27000,170,-10,0.836,9831.7
CRUISE,200000,27000,170,-5,0.836,9881.4
CRUISE,200000,27000,170,0,0.836,9931
CRUISE,200000,27000,170,5,0.836,9980.7
CRUISE,200000,27000,170,10,0.836,10030.3
CRUISE,200000,27000,170,15,0.836,10080
CRUISE,200000,27000,170,20,0.836,10129.6
CRUISE,200000,27000,180,-20,0.844,10014.5
CRUISE,200000,27000,180,-15,0.844,10065.6
CRUISE,200000,27000,180,-10,0.844,10116.7
CRUISE,200000,27000,180,-5,0.844,10167.7
CRUISE,200000,27000,180,0,0.844,10218.8
CRUISE,200000,27000,180,5,0.844,10269.9
CRUISE,200000,27000,180,10,0.844,10321
CRUISE,200000,27000,180,15,0.844,10372.1
CRUISE,200000,27000,180,20,0.844,10423.2
CRUISE,200000,27000,190,-20,0.852,10301.9
CRUISE,200000,27000,190,-15,0.852,10354.5
CRUISE,200000,27000,190,-10,0.852,10407.1
CRUISE,200000,27000,190,-5,0.852,10459.6
CRUISE,200000,27000,190,0,0.852,10512.2
CRUISE,200000,27000,190,5,0.852,10564.8
CRUISE,200000,27000,190,10,0.852,10617.3
CRUISE,200000,27000,190,15,0.852,10669.9
CRUISE,200000,27000,190,20,0.852,10722.4
CRUISE,200000,27000,200,-20,0.86,10594.9
CRUISE,200000,27000,200,-15,0.86,10648.9
CRUISE,200000,27000,200,-10,0.86,10703
CRUISE,200000,27000,200,-5,0.86,10757
CRUISE,200000,27000,200,0,0.86,10811.1
CRUISE,200000,27000,200,5,0.86,10865.2
CRUISE,200000,27000,200,10,0.86,10919.2
CRUISE,200000,27000,200,15,0.86,10973.3
CRUISE,200000,27000,200,20,0.86,11027.3
CRUISE,200000,29000,0,-20,0.719,5629.1
CRUISE,200000,29000,0,-15,0.719,5657.8
CRUISE,200000,29000,0,-10,0.719,5686.6
CRUISE,200000,29000,0,-5,0.719,5715.3
CRUISE,200000,29000,0,0,0.719,5744
CRUISE,200000,29000,0,5,0.719,5772.7
CRUISE,200000,29000,0,10,0.719,5801.4
CRUISE,200000,29000,0,15,0.719,5830.2
CRUISE,200000,29000,0,20,0.719,5858.9
CRUISE,200000,29000,10,-20,0.726,5796.3
CRUISE,200000,29000,10,-15,0.726,5825.9
CRUISE,200000,29000,10,-10,0.726,5855.5
CRUISE,200000,29000,10,-5,0.726,5885.1
CRUISE,200000,29000,10,0,0.726,5914.6
CRUISE,200000,29000,10,5,0.726,5944.2
CRUISE,200000,29000,10,10,0.726,5973.8
CRUISE,200000,29000,10,15,0.726,6003.3
CRUISE,200000,29000,10,20,0.726,6032.9
CRUISE,200000,29000,20,-20,0.7331,5966.8
CRUISE,200000,29000,20,-15,0.7331,5997.3
CRUISE,200000,29000,20,-10,0.7331,6027.7
CRUISE,200000,29000,20,-5,0.7331,6058.2
CRUISE,200000,29000,20,0,0.7331,6088.6
CRUISE,200000,29000,20,5,0.7331,6119
CRUISE,200000,29000,20,10,0.7331,6149.5
CRUISE,200000,29000,20,15,0.7331,6179.9
CRUISE,200000,29000,20,20,0.7331,6210.4
CRUISE,200000,29000,30,-20,0.7401,6140.6
CRUISE,200000,29000,30,-15,0.7401,6172
CRUISE,200000,29000,30,-10,0.7401,6203.3
CRUISE,200000,29000,30,-5,0.7401,6234.6
CRUISE,200000,29000,30,0,0.7401,6266
CRUISE,200000,29000,30,5,0.7401,6297.3
CRUISE,200000,29000,30,10,0.7401,6328.6
CRUISE,200000,29000,30,15,0.7401,6359.9
CRUISE,200000,29000,30,20,0.7401,6391.3
CRUISE,200000,29000,40,-20,0.7472,6317.8
CRUISE,200000,29000,40,-15,0.7472,6350
CRUISE,200000,29000,40,-10,0.7472,6382.2
CRUISE,200000,29000,40,-5,0.7472,6414.5
CRUISE,200000,29000,40,0,0.7472,6446.7
CRUISE,200000,29000,40,5,0.7472,6478.9
CRUISE,200000,29000,40,10,0.7472,6511.2
CRUISE,200000,29000,40,15,0.7472,6543.4
CRUISE,200000,29000,40,20,0.7472,6575.6
CRUISE,200000,29000,50,-20,0.7542,6498.3
CRUISE,200000,29000,50,-15,0.7542,6531.5
CRUISE,200000,29000,50,-10,0.7542,6564.6
CRUISE,200000,29000,50,-5,0.7542,6597.8
CRUISE,200000,29000,50,0,0.7542,6630.9
CRUISE,200000,29000,50,5,0.7542,6664.1
CRUISE,200000,29000,50,10,0.7542,6697.2
CRUISE,200000,29000,50,15,0.7542,6730.4
CRUISE,200000,29000,50,20,0.7542,6763.5
CRUISE,200000,29000,60,-20,0.7613,6682.2
CRUISE,200000,29000,60,-15,0.7613,6716.3
CRUISE,200000,29000,60,-10,0.7613,6750.4
CRUISE,200000,29000,60,-5,0.7613,6784.5
CRUISE,200000,29000,60,0,0.7613,6818.6
CRUISE,200000,29000,60,5,0.7613,6852.7
CRUISE,200000,29000,60,10,0.7613,6886.8
CRUISE,200000,29000,60,15,0.7613,6920.9
CRUISE,200000,29000,60,20,0.7613,6955
CRUISE,200000,29000,70,-20,0.7683,6869.6
CRUISE,200000,29000,70,-15,0.7683,6904.6
CRUISE,200000,29000,70,-10,0.7683,6939.7
CRUISE,200000,29000,70,-5,0.7683,6974.7
CRUISE,200000,29000,70,0,0.7683,7009.8
CRUISE,200000,29000,70,5,0.7683,7044.8
CRUISE,200000,29000,70,10,0.7683,7079.9
CRUISE,200000,29000,70,15,0.7683,7114.9
CRUISE,200000,29000,70,20,0.7683,7150
CRUISE,200000,29000,80,-20,0.7754,7060.4
CRUISE,200000,29000,80,-15,0.7754,7096.5
CRUISE,200000,29000,80,-10,0.7754,7132.5
CRUISE,200000,29000,80,-5,0.7754,7168.5
CRUISE,200000,29000,80,0,0.7754,7204.5
CRUISE,200000,29000,80,5,0.7754,7240.5
CRUISE,200000,29000,80,10,0.7754,7276.6
CRUISE,200000,29000,80,15,0.7754,7312.6
CRUISE,200000,29000,80,20,0.7754,7348.6
CRUISE,200000,29000,90,-20,0.7824,7254.8
CRUISE,200000,29000,90,-15,0.7824,7291.8
CRUISE,200000,29000,90,-10,0.7824,7328.8
CRUISE,200000,29000,90,-5,0.7824,7365.8
CRUISE,200000,29000,90,0,0.7824,7402.8
CRUISE,200000,29000,90,5,0.7824,7439.8
CRUISE,200000,29000,90,10,0.7824,7476.9
CRUISE,200000,29000,90,15,0.7824,7513.9
CRUISE,200000,29000,90,20,0.7824,7550.9
CRUISE,200000,29000,100,-20,0.7895,7452.6
CRUISE,200000,29000,100,-15,0.7895,7490.7
CRUISE,200000,29000,100,-10,0.7895,7528.7
CRUISE,200000,29000,100,-5,0.7895,7566.7
CRUISE,200000,29000,100,0,0.7895,7604.7
CRUISE,200000,29000,100,5,0.7895,7642.8
CRUISE,200000,29000,100,10,0.7895,7680.8
CRUISE,200000,29000,100,15,0.7895,7718.8
CRUISE,200000,29000,100,20,0.7895,7756.8
CRUISE,200000,29000,110,-20,0.7965,7654.1
CRUISE,200000,29000,110,-15,0.7965,7693.1
CRUISE,200000,29000,110,-10,0.7965,7732.2
CRUISE,200000,29000,110,-5,0.7965,7771.2
CRUISE,200000,29000,110,0,0.7965,7810.3
CRUISE,200000,29000,110,5,0.7965,7849.3
CRUISE,200000,29000,110,10,0.7965,7888.4
CRUISE,200000,29000,110,15,0.7965,7927.4
CRUISE,200000,29000,110,20,0.7965,7966.5
CRUISE,200000,29000,120,-20,0.8036,7859.1
CRUISE,200000,29000,120,-15,0.8036,7899.2
CRUISE,200000,29000,120,-10,0.8036,7939.3
CRUISE,200000,29000,120,-5,0.8036,7979.4
CRUISE,200000,29000,120,0,0.8036,8019.5
CRUISE,200000,29000,120,5,0.8036,8059.6
CRUISE,200000,29000,120,10,0.8036,8099.7
CRUISE,200000,29000,120,15,0.8036,8139.8
CRUISE,200000,29000,120,20,0.8036,8179.9
CRUISE,200000,29000,130,-20,0.8106,8067.8
CRUISE,200000,29000,130,-15,0.8106,8108.9
CRUISE,200000,29000,130,-10,0.8106,8150.1
CRUISE,200000,29000,130,-5,0.8106,8191.3
CRUISE,200000,29000,130,0,0.8106,8232.4
CRUISE,200000,29000,130,5,0.8106,8273.6
CRUISE,200000,29000,130,10,0.8106,8314.8
CRUISE,200000,29000,130,15,0.8106,8355.9
CRUISE,200000,29000,130,20,0.8106,8397.1
CRUISE,200000,29000,140,-20,0.8177,8280.1
CRUISE,200000,29000,140,-15,0.8177,8322.4
CRUISE,200000,29000,140,-10,0.8177,8364.6
CRUISE,200000,29000,140,-5,0.8177,8406.8
CRUISE,200000,29000,140,0,0.8177,8449.1
CRUISE,200000,29000,140,5,0.8177,8491.3
CRUISE,200000,29000,140,10,0.8177,8533.6
CRUISE,200000,29000,140,15,0.8177,8575.8
CRUISE,200000,29000,140,20,0.8177,8618.1
CRUISE,200000,29000,150,-20,0.8247,8496.1
CRUISE,200000,29000,150,-15,0.8247,8539.5
CRUISE,200000,29000,150,-10,0.8247,8582.8
CRUISE,200000,29000,150,-5,0.8247,8626.2
CRUISE,200000,29000,150,0,0.8247,8669.5
CRUISE,200000,29000,150,5,0.8247,8712.9
CRUISE,200000,29000,150,10,0.8247,8756.2
CRUISE,200000,29000,150,15,0.8247,8799.6
CRUISE,200000,29000,150,20,0.8247,8842.9
CRUISE,200000,29000,160,-20,0.8318,8715.9
CRUISE,200000,29000,160,-15,0.8318,8760.3
CRUISE,200000,29000,160,-10,0.8318,8804.8
CRUISE,200000,29000,160,-5,0.8318,8849.3
CRUISE,200000,29000,160,0,0.8318,8893.7
CRUISE,200000,29000,160,5,0.8318,8938.2
CRUISE,200000,29000,160,10,0.8318,8982.7
CRUISE,200000,29000,160,15,0.8318,9027.1
CRUISE,200000,29000,160,20,0.8318,9071.6
CRUISE,200000,29000,170,-20,0.8388,8939.4
CRUISE,200000,29000,170,-15,0.8388,8985
CRUISE,200000,29000,170,-10,0.8388,9030.6
CRUISE,200000,29000,170,-5,0.8388,9076.2
CRUISE,200000,29000,170,0,0.8388,9121.8
CRUISE,200000,29000,170,5,0.8388,9167.4
CRUISE,200000,29000,170,10,0.8388,9213
CRUISE,200000,29000,170,15,0.8388,9258.6
CRUISE,200000,29000,170,20,0.8388,9304.2
CRUISE,200000,29000,180,-20,0.8459,9166.7
CRUISE,200000,29000,180,-15,0.8459,9213.4
CRUISE,200000,29000,180,-10,0.8459,9260.2
CRUISE,200000,29000,180,-5,0.8459,9307
CRUISE,200000,29000,180,0,0.8459,9353.7
CRUISE,200000,29000,180,5,0.8459,9400.5
CRUISE,200000,29000,180,10,0.8459,9447.3
CRUISE,200000,29000,180,15,0.8459,9494
CRUISE,200000,29000,180,20,0.8459,9540.8
CRUISE,200000,29000,190,-20,0.8529,9397.8
CRUISE,200000,29000,190,-15,0.8529,9445.7
CRUISE,200000,29000,190,-10,0.8529,9493.7
CRUISE,200000,29000,190,-5,0.8529,9541.6
CRUISE,200000,29000,190,0,0.8529,9589.6
CRUISE,200000,29000,190,5,0.8529,9637.5
CRUISE,200000,29000,190,10,0.8529,9685.5
CRUISE,200000,29000,190,15,0.8529,9733.4
CRUISE,200000,29000,190,20,0.8529,9781.3
CRUISE,200000,29000,200,-20,0.86,9632.7
CRUISE,200000,29000,200,-15,0.86,9681.9
CRUISE,200000,29000,200,-10,0.86,9731
CRUISE,200000,29000,200,-5,0.86,9780.2
CRUISE,200000,29000,200,0,0.86,9829.3
CRUISE,200000,29000,200,5,0.86,9878.5
CRUISE,200000,29000,200,10,0.86,9927.6
CRUISE,200000,29000,200,15,0.86,9976.8
CRUISE,200000,29000,200,20,0.86,10025.9
CRUISE,200000,31000,0,-20,0.748,5656.6
CRUISE,200000,31000,0,-15,0.748,5685.4
CRUISE,200000,31000,0,-10,0.748,5714.3
CRUISE,200000,31000,0,-5,0.748,5743.1
CRUISE,200000,31000,0,0,0.748,5772
CRUISE,200000,31000,0,5,0.748,5800.9
CRUISE,200000,31000,0,10,0.748,5829.7
CRUISE,200000,31000,0,15,0.748,5858.6
CRUISE,200000,31000,0,20,0.748,5887.4
CRUISE,200000,31000,10,-20,0.7536,5784.6
CRUISE,200000,31000,10,-15,0.7536,5814.1
CRUISE,200000,31000,10,-10,0.7536,5843.6
CRUISE,200000,31000,10,-5,0.7536,5873.1
CRUISE,200000,31000,10,0,0.7536,5902.6
CRUISE,200000,31000,10,5,0.7536,5932.1
CRUISE,200000,31000,10,10,0.7536,5961.6
CRUISE,200000,31000,10,15,0.7536,5991.2
CRUISE,200000,31000,10,20,0.7536,6020.7
CRUISE,200000,31000,20,-20,0.7592,5914.5
CRUISE,200000,31000,20,-15,0.7592,5944.7
CRUISE,200000,31000,20,-10,0.7592,5974.8
CRUISE,200000,31000,20,-5,0.7592,6005
CRUISE,200000,31000,20,0,0.7592,6035.2
CRUISE,200000,31000,20,5,0.7592,6065.4
CRUISE,200000,31000,20,10,0.7592,6095.5
CRUISE,200000,31000,20,15,0.7592,6125.7
CRUISE,200000,31000,20,20,0.7592,6155.9
CRUISE,200000,31000,30,-20,0.7648,6046.3
CRUISE,200000,31000,30,-15,0.7648,6077.2
CRUISE,200000,31000,30,-10,0.7648,6108
CRUISE,200000,31000,30,-5,0.7648,6138.9
CRUISE,200000,31000,30,0,0.7648,6169.7
CRUISE,200000,31000,30,5,0.7648,6200.6
CRUISE,200000,31000,30,10,0.7648,6231.4
CRUISE,200000,31000,30,15,0.7648,6262.3
CRUISE,200000,31000,30,20,0.7648,6293.1
CRUISE,200000,31000,40,-20,0.7704,6180.1
CRUISE,200000,31000,40,-15,0.7704,6211.6
CRUISE,200000,31000,40,-10,0.7704,6243.2
CRUISE,200000,31000,40,-5,0.7704,6274.7
CRUISE,200000,31000,40,0,0.7704,6306.2
CRUISE,200000,31000,40,5,0.7704,6337.8
CRUISE,200000,31000,40,10,0.7704,6369.3
CRUISE,200000,31000,40,15,0.7704,6400.8
CRUISE,200000,31000,40,20,0.7704,6432.4
CRUISE,200000,31000,50,-20,0.776,6315.9
CRUISE,200000,31000,50,-15,0.776,6348.1
CRUISE,200000,31000,50,-10,0.776,6380.3
CRUISE,200000,31000,50,-5,0.776,6412.5
CRUISE,200000,31000,50,0,0.776,6444.8
CRUISE,200000,31000,50,5,0.776,6477
CRUISE,200000,31000,50,10,0.776,6509.2
CRUISE,200000,31000,50,15,0.776,6541.4
CRUISE,200000,31000,50,20,0.776,6573.7
CRUISE,200000,31000,60,-20,0.7816,6453.6
CRUISE,200000,31000,60,-15,0.7816,6486.5
CRUISE,200000,31000,60,-10,0.7816,6519.4
CRUISE,200000,31000,60,-5,0.7816,6552.4
CRUISE,200000,31000,60,0,0.7816,6585.3
CRUISE,200000,31000,60,5,0.7816,6618.2
CRUISE,200000,31000,60,10,0.7816,6651.1
CRUISE,200000,31000,60,15,0.7816,6684.1
CRUISE,200000,31000,60,20,0.7816,6717
CRUISE,200000,31000,70,-20,0.7872,6593.3
CRUISE,200000,31000,70,-15,0.7872,6626.9
CRUISE,200000,31000,70,-10,0.7872,6660.6
CRUISE,200000,31000,70,-5,0.7872,6694.2
CRUISE,200000,31000,70,0,0.7872,6727.9
CRUISE,200000,31000,70,5,0.7872,6761.5
CRUISE,200000,31000,70,10,0.7872,6795.1
CRUISE,200000,31000,70,15,0.7872,6828.8
CRUISE,200000,31000,70,20,0.7872,6862.4
CRUISE,200000,31000,80,-20,0.7928,6735
CRUISE,200000,31000,80,-15,0.7928,6769.4
CRUISE,200000,31000,80,-10,0.7928,6803.7
CRUISE,200000,31000,80,-5,0.7928,6838.1
CRUISE,200000,31000,80,0,0.7928,6872.5
CRUISE,200000,31000,80,5,0.7928,6906.8
CRUISE,200000,31000,80,10,0.7928,6941.2
CRUISE,200000,31000,80,15,0.7928,6975.6
CRUISE,200000,31000,80,20,0.7928,7009.9
CRUISE,200000,31000,90,-20,0.7984,6878.7
CRUISE,200000,31000,90,-15,0.7984,6913.8
CRUISE,200000,31000,90,-10,0.7984,6948.9
CRUISE,200000,31000,90,-5,0.7984,6984
CRUISE,200000,31000,90,0,0.7984,7019.1
CRUISE,200000,31000,90,5,0.7984,7054.2
CRUISE,200000,31000,90,10,0.7984,7089.3
CRUISE,200000,31000,90,15,0.7984,7124.4
CRUISE,200000,31000,90,20,0.7984,7159.5
CRUISE,200000,31000,100,-20,0.804,7024.5
CRUISE,200000,31000,100,-15,0.804,7060.3
CRUISE,200000,31000,100,-10,0.804,7096.2
CRUISE,200000,31000,100,-5,0.804,7132
CRUISE,200000,31000,100,0,0.804,7167.9
CRUISE,200000,31000,100,5,0.804,7203.7
CRUISE,200000,31000,100,10,0.804,7239.5
CRUISE,200000,31000,100,15,0.804,7275.4
CRUISE,200000,31000,100,20,0.804,7311.2
CRUISE,200000,31000,110,-20,0.8096,7172.3
CRUISE,200000,31000,110,-15,0.8096,7208.9
CRUISE,200000,31000,110,-10,0.8096,7245.5
CRUISE,200000,31000,110,-5,0.8096,7282.1
CRUISE,200000,31000,110,0,0.8096,7318.7
CRUISE,200000,31000,110,5,0.8096,7355.3
CRUISE,200000,31000,110,10,0.8096,7391.9
CRUISE,200000,31000,110,15,0.8096,7428.5
CRUISE,200000,31000,110,20,0.8096,7465.1
CRUISE,200000,31000,120,-20,0.8152,7322.2
CRUISE,200000,31000,120,-15,0.8152,7359.5
CRUISE,200000,31000,120,-10,0.8152,7396.9
CRUISE,200000,31000,120,-5,0.8152,7434.2
CRUISE,200000,31000,120,0,0.8152,7471.6
CRUISE,200000,31000,120,5,0.8152,7509
CRUISE,200000,31000,120,10,0.8152,7546.3
CRUISE,200000,31000,120,15,0.8152,7583.7
CRUISE,200000,31000,120,20,0.8152,7621
CRUISE,200000,31000,130,-20,0.8208,7474.1
CRUISE,200000,31000,130,-15,0.8208,7512.2
CRUISE,200000,31000,130,-10,0.8208,7550.4
CRUISE,200000,31000,130,-5,0.8208,7588.5
CRUISE,200000,31000,130,0,0.8208,7626.6
CRUISE,200000,31000,130,5,0.8208,7664.8
CRUISE,200000,31000,130,10,0.8208,7702.9
CRUISE,200000,31000,130,15,0.8208,7741
CRUISE,200000,31000,130,20,0.8208,7779.2
CRUISE,200000,31000,140,-20,0.8264,7628.1
CRUISE,200000,31000,140,-15,0.8264,7667.1
CRUISE,200000,31000,140,-10,0.8264,7706
CRUISE,200000,31000,140,-5,0.8264,7744.9
CRUISE,200000,31000,140,0,0.8264,7783.8
CRUISE,200000,31000,140,5,0.8264,7822.7
CRUISE,200000,31000,140,10,0.8264,7861.7
CRUISE,200000,31000,140,15,0.8264,7900.6
CRUISE,200000,31000,140,20,0.8264,7939.5
CRUISE,200000,31000,150,-20,0.832,7784.3
CRUISE,200000,31000,150,-15,0.832,7824
CRUISE,200000,31000,150,-10,0.832,7863.7
CRUISE,200000,31000,150,-5,0.832,7903.4
CRUISE,200000,31000,150,0,0.832,7943.1
CRUISE,200000,31000,150,5,0.832,7982.8
CRUISE,200000,31000,150,10,0.832,8022.6
CRUISE,200000,31000,150,15,0.832,8062.3
CRUISE,200000,31000,150,20,0.832,8102
CRUISE,200000,31000,160,-20,0.8376,7942.5
CRUISE,200000,31000,160,-15,0.8376,7983
CRUISE,200000,31000,160,-10,0.8376,8023.6
CRUISE,200000,31000,160,-5,0.8376,8064.1
CRUISE,200000,31000,160,0,0.8376,8104.6
CRUISE,200000,31000,160,5,0.8376,8145.1
CRUISE,200000,31000,160,10,0.8376,8185.6
CRUISE,200000,31000,160,15,0.8376,8226.2
CRUISE,200000,31000,160,20,0.8376,8266.7
CRUISE,200000,31000,170,-20,0.8432,8102.9
CRUISE,200000,31000,170,-15,0.8432,8144.2
CRUISE,200000,31000,170,-10,0.8432,8185.6
CRUISE,200000,31000,170,-5,0.8432,8226.9
CRUISE,200000,31000,170,0,0.8432,8268.2
CRUISE,200000,31000,170,5,0.8432,8309.6
CRUISE,200000,31000,170,10,0.8432,8350.9
CRUISE,200000,31000,170,15,0.8432,8392.3
CRUISE,200000,31000,170,20,0.8432,8433.6
CRUISE,200000,31000,180,-20,0.8488,8265.4
CRUISE,200000,31000,180,-15,0.8488,8307.6
CRUISE,200000,31000,180,-10,0.8488,8349.7
CRUISE,200000,31000,180,-5,0.8488,8391.9
CRUISE,200000,31000,180,0,0.8488,8434.1
CRUISE,200000,31000,180,5,0.8488,8476.2
CRUISE,200000,31000,180,10,0.8488,8518.4
CRUISE,200000,31000,180,15,0.8488,8560.6
CRUISE,200000,31000,180,20,0.8488,8602.8
CRUISE,200000,31000,190,-20,0.8544,8430.1
CRUISE,200000,31000,190,-15,0.8544,8473.1
CRUISE,200000,31000,190,-10,0.8544,8516.1
CRUISE,200000,31000,190,-5,0.8544,8559.1
CRUISE,200000,31000,190,0,0.8544,8602.1
CRUISE,200000,31000,190,5,0.8544,8645.1
CRUISE,200000,31000,190,10,0.8544,8688.1
CRUISE,200000,31000,190,15,0.8544,8731.1
CRUISE,200000,31000,190,20,0.8544,8774.2
CRUISE,200000,31000,200,-20,0.86,8596.9
CRUISE,200000,31000,200,-15,0.86,8640.8
CRUISE,200000,31000,200,-10,0.86,8684.6
CRUISE,200000,31000,200,-5,0.86,8728.5
CRUISE,200000,31000,200,0,0.86,8772.4
CRUISE,200000,31000,200,5,0.86,8816.2
CRUISE,200000,31000,200,10,0.86,8860.1
CRUISE,200000,31000,200,15,0.86,8904
CRUISE,200000,31000,200,20,0.86,8947.8
CRUISE,200000,33000,0,-20,0.784,5717.3
CRUISE,200000,33000,0,-15,0.784,5746.5
CRUISE,200000,33000,0,-10,0.784,5775.7
CRUISE,200000,33000,0,-5,0.784,5804.8
CRUISE,200000,33000,0,0,0.784,5834
CRUISE,200000,33000,0,5,0.784,5863.2
CRUISE,200000,33000,0,10,0.784,5892.3
CRUISE,200000,33000,0,15,0.784,5921.5
CRUISE,200000,33000,0,20,0.784,5950.7
CRUISE,200000,33000,10,-20,0.7878,5800.9
CRUISE,200000,33000,10,-15,0.7878,5830.5
CRUISE,200000,33000,10,-10,0.7878,5860.1
CRUISE,200000,33000,10,-5,0.7878,5889.6
CRUISE,200000,33000,10,0,0.7878,5919.2
CRUISE,200000,33000,10,5,0.7878,5948.8
CRUISE,200000,33000,10,10,0.7878,5978.4
CRUISE,200000,33000,10,15,0.7878,6008
CRUISE,200000,33000,10,20,0.7878,6037.6
CRUISE,200000,33000,20,-20,0.7916,5885.2
CRUISE,200000,33000,20,-15,0.7916,5915.2
CRUISE,200000,33000,20,-10,0.7916,5945.3
CRUISE,200000,33000,20,-5,0.7916,5975.3
CRUISE,200000,33000,20,0,0.7916,6005.3
CRUISE,200000,33000,20,5,0.7916,6035.3
CRUISE,200000,33000,20,10,0.7916,6065.4
CRUISE,200000,33000,20,15,0.7916,6095.4
CRUISE,200000,33000,20,20,0.7916,6125.4
CRUISE,200000,33000,30,-20,0.7954,5970.4
CRUISE,200000,33000,30,-15,0.7954,6000.8
CRUISE,200000,33000,30,-10,0.7954,6031.3
CRUISE,200000,33000,30,-5,0.7954,6061.8
CRUISE,200000,33000,30,0,0.7954,6092.2
CRUISE,200000,33000,30,5,0.7954,6122.7
CRUISE,200000,33000,30,10,0.7954,6153.1
CRUISE,200000,33000,30,15,0.7954,6183.6
CRUISE,200000,33000,30,20,0.7954,6214.1
CRUISE,200000,33000,40,-20,0.7992,6056.3
CRUISE,200000,33000,40,-15,0.7992,6087.2
CRUISE,200000,33000,40,-10,0.7992,6118.1
CRUISE,200000,33000,40,-5,0.7992,6149
CRUISE,200000,33000,40,0,0.7992,6179.9
CRUISE,200000,33000,40,5,0.7992,6210.8
CRUISE,200000,33000,40,10,0.7992,6241.7
CRUISE,200000,33000,40,15,0.7992,6272.6
CRUISE,200000,33000,40,20,0.7992,6303.5
CRUISE,200000,33000,50,-20,0.803,6143.1
CRUISE,200000,33000,50,-15,0.803,6174.5
CRUISE,200000,33000,50,-10,0.803,6205.8
CRUISE,200000,33000,50,-5,0.803,6237.2
CRUISE,200000,33000,50,0,0.803,6268.5
CRUISE,200000,33000,50,5,0.803,6299.9
CRUISE,200000,33000,50,10,0.803,6331.2
CRUISE,200000,33000,50,15,0.803,6362.5
CRUISE,200000,33000,50,20,0.803,6393.9
CRUISE,200000,33000,60,-20,0.8068,6230.8
CRUISE,200000,33000,60,-15,0.8068,6262.6
CRUISE,200000,33000,60,-10,0.8068,6294.4
CRUISE,200000,33000,60,-5,0.8068,6326.1
CRUISE,200000,33000,60,0,0.8068,6357.9
CRUISE,200000,33000,60,5,0.8068,6389.7
CRUISE,200000,33000,60,10,0.8068,6421.5
CRUISE,200000,33000,60,15,0.8068,6453.3
CRUISE,200000,33000,60,20,0.8068,6485.1
CRUISE,200000,33000,70,-20,0.8106,6319.2
CRUISE,200000,33000,70,-15,0.8106,6351.5
CRUISE,200000,33000,70,-10,0.8106,6383.7
CRUISE,200000,33000,70,-5,0.8106,6416
CRUISE,200000,33000,70,0,0.8106,6448.2
CRUISE,200000,33000,70,5,0.8106,6480.4
CRUISE,200000,33000,70,10,0.8106,6512.7
CRUISE,200000,33000,70,15,0.8106,6544.9
CRUISE,200000,33000,70,20,0.8106,6577.2
CRUISE,200000,33000,80,-20,0.8144,6408.5
CRUISE,200000,33000,80,-15,0.8144,6441.2
CRUISE,200000,33000,80,-10,0.8144,6473.9
CRUISE,200000,33000,80,-5,0.8144,6506.6
CRUISE,200000,33000,80,0,0.8144,6539.3
CRUISE,200000,33000,80,5,0.8144,6572
CRUISE,200000,33000,80,10,0.8144,6604.7
CRUISE,200000,33000,80,15,0.8144,6637.4
CRUISE,200000,33000,80,20,0.8144,6670.1
CRUISE,200000,33000,90,-20,0.8182,6498.6
CRUISE,200000,33000,90,-15,0.8182,6531.8
CRUISE,200000,33000,90,-10,0.8182,6565
CRUISE,200000,33000,90,-5,0.8182,6598.1
CRUISE,200000,33000,90,0,0.8182,6631.3
CRUISE,200000,33000,90,5,0.8182,6664.4
CRUISE,200000,33000,90,10,0.8182,6697.6
CRUISE,200000,33000,90,15,0.8182,6730.7
CRUISE,200000,33000,90,20,0.8182,6763.9
CRUISE,200000,33000,100,-20,0.822,6589.6
CRUISE,200000,33000,100,-15,0.822,6623.2
CRUISE,200000,33000,100,-10,0.822,6656.9
CRUISE,200000,33000,100,-5,0.822,6690.5
CRUISE,200000,33000,100,0,0.822,6724.1
CRUISE,200000,33000,100,5,0.822,6757.7
CRUISE,200000,33000,100,10,0.822,6791.3
CRUISE,200000,33000,100,15,0.822,6825
CRUISE,200000,33000,100,20,0.822,6858.6
CRUISE,200000,33000,110,-20,0.8258,6681.4
CRUISE,200000,33000,110,-15,0.8258,6715.5
CRUISE,200000,33000,110,-10,0.8258,6749.6
CRUISE,200000,33000,110,-5,0.8258,6783.7
CRUISE,200000,33000,110,0,0.8258,6817.8
CRUISE,200000,33000,110,5,0.8258,6851.9
CRUISE,200000,33000,110,10,0.8258,6886
CRUISE,200000,33000,110,15,0.8258,6920
CRUISE,200000,33000,110,20,0.8258,6954.1
CRUISE,200000,33000,120,-20,0.8296,6774.1
CRUISE,200000,33000,120,-15,0.8296,6808.6
CRUISE,200000,33000,120,-10,0.8296,6843.2
CRUISE,200000,33000,120,-5,0.8296,6877.8
CRUISE,200000,33000,120,0,0.8296,6912.3
CRUISE,200000,33000,120,5,0.8296,6946.9
CRUISE,200000,33000,120,10,0.8296,6981.5
CRUISE,200000,33000,120,15,0.8296,7016
CRUISE,200000,33000,120,20,0.8296,7050.6
CRUISE,200000,33000,130,-20,0.8334,6867.6
CRUISE,200000,33000,130,-15,0.8334,6902.6
CRUISE,200000,33000,130,-10,0.8334,6937.7
CRUISE,200000,33000,130,-5,0.8334,6972.7
CRUISE,200000,33000,130,0,0.8334,7007.8
CRUISE,200000,33000,130,5,0.8334,7042.8
CRUISE,200000,33000,130,10,0.8334,7077.8
CRUISE,200000,33000,130,15,0.8334,7112.9
CRUISE,200000,33000,130,20,0.8334,7147.9
CRUISE,200000,33000,140,-20,0.8372,6962
CRUISE,200000,33000,140,-15,0.8372,6997.5
CRUISE,200000,33000,140,-10,0.8372,7033
CRUISE,200000,33000,140,-5,0.8372,7068.5
CRUISE,200000,33000,140,0,0.8372,7104
CRUISE,200000,33000,140,5,0.8372,7139.6
CRUISE,200000,33000,140,10,0.8372,7175.1
CRUISE,200000,33000,140,15,0.8372,7210.6
CRUISE,200000,33000,140,20,0.8372,7246.1
CRUISE,200000,33000,150,-20,0.841,7057.2
CRUISE,200000,33000,150,-15,0.841,7093.2
CRUISE,200000,33000,150,-10,0.841,7129.2
CRUISE,200000,33000,150,-5,0.841,7165.2
CRUISE,200000,33000,150,0,0.841,7201.2
CRUISE,200000,33000,150,5,0.841,7237.2
CRUISE,200000,33000,150,10,0.841,7273.2
CRUISE,200000,33000,150,15,0.841,7309.2
CRUISE,200000,33000,150,20,0.841,7345.2
CRUISE,200000,33000,160,-20,0.8448,7153.3
CRUISE,200000,33000,160,-15,0.8448,7189.8
CRUISE,200000,33000,160,-10,0.8448,7226.3
CRUISE,200000,33000,160,-5,0.8448,7262.8
CRUISE,200000,33000,160,0,0.8448,7299.3
CRUISE,200000,33000,160,5,0.8448,7335.8
CRUISE,200000,33000,160,10,0.8448,7372.3
CRUISE,200000,33000,160,15,0.8448,7408.8
CRUISE,200000,33000,160,20,0.8448,7445.3
CRUISE,200000,33000,170,-20,0.8486,7250.3
CRUISE,200000,33000,170,-15,0.8486,7287.2
CRUISE,200000,33000,170,-10,0.8486,7324.2
CRUISE,200000,33000,170,-5,0.8486,7361.2
CRUISE,200000,33000,170,0,0.8486,7398.2
CRUISE,200000,33000,170,5,0.8486,7435.2
CRUISE,200000,33000,170,10,0.8486,7472.2
CRUISE,200000,33000,170,15,0.8486,7509.2
CRUISE,200000,33000,170,20,0.8486,7546.2
CRUISE,200000,33000,180,-20,0.8524,7348.1
CRUISE,200000,33000,180,-15,0.8524,7385.6
CRUISE,200000,33000,180,-10,0.8524,7423.1
CRUISE,200000,33000,180,-5,0.8524,7460.6
CRUISE,200000,33000,180,0,0.8524,7498.1
CRUISE,200000,33000,180,5,0.8524,7535.5
CRUISE,200000,33000,180,10,0.8524,7573
CRUISE,200000,33000,180,15,0.8524,7610.5
CRUISE,200000,33000,180,20,0.8524,7648
CRUISE,200000,33000,190,-20,0.8562,7446.8
CRUISE,200000,33000,190,-15,0.8562,7484.8
CRUISE,200000,33000,190,-10,0.8562,7522.8
CRUISE,200000,33000,190,-5,0.8562,7560.8
CRUISE,200000,33000,190,0,0.8562,7598.8
CRUISE,200000,33000,190,5,0.8562,7636.8
CRUISE,200000,33000,190,10,0.8562,7674.8
CRUISE,200000,33000,190,15,0.8562,7712.8
CRUISE,200000,33000,190,20,0.8562,7750.8
CRUISE,200000,33000,200,-20,0.86,7546.4
CRUISE,200000,33000,200,-15,0.86,7584.9
CRUISE,200000,33000,200,-10,0.86,7623.4
CRUISE,200000,33000,200,-5,0.86,7661.9
CRUISE,200000,33000,200,0,0.86,7700.4
CRUISE,200000,33000,200,5,0.86,7738.9
CRUISE,200000,33000,200,10,0.86,7777.4
CRUISE,200000,33000,200,15,0.86,7815.9
CRUISE,200000,33000,200,20,0.86,7854.4
CRUISE,200000,35000,0,-20,0.814,5719.3
CRUISE,200000,35000,0,-15,0.814,5748.5
CRUISE,200000,35000,0,-10,0.814,5777.6
CRUISE,200000,35000,0,-5,0.814,5806.8
CRUISE,200000,35000,0,0,0.814,5836
CRUISE,200000,35000,0,5,0.814,5865.2
CRUISE,200000,35000,0,10,0.814,5894.4
CRUISE,200000,35000,0,15,0.814,5923.5
CRUISE,200000,35000,0,20,0.814,5952.7
CRUISE,200000,35000,10,-20,0.8163,5767.9
CRUISE,200000,35000,10,-15,0.8163,5797.3
CRUISE,200000,35000,10,-10,0.8163,5826.8
CRUISE,200000,35000,10,-5,0.8163,5856.2
CRUISE,200000,35000,10,0,0.8163,5885.6
CRUISE,200000,35000,10,5,0.8163,5915
CRUISE,200000,35000,10,10,0.8163,5944.5
CRUISE,200000,35000,10,15,0.8163,5973.9
CRUISE,200000,35000,10,20,0.8163,6003.3
CRUISE,200000,35000,20,-20,0.8186,5816.8
CRUISE,200000,35000,20,-15,0.8186,5846.5
CRUISE,200000,35000,20,-10,0.8186,5876.1
CRUISE,200000,35000,20,-5,0.8186,5905.8
CRUISE,200000,35000,20,0,0.8186,5935.5
CRUISE,200000,35000,20,5,0.8186,5965.2
CRUISE,200000,35000,20,10,0.8186,5994.9
CRUISE,200000,35000,20,15,0.8186,6024.5
CRUISE,200000,35000,20,20,0.8186,6054.2
CRUISE,200000,35000,30,-20,0.8209,5866
CRUISE,200000,35000,30,-15,0.8209,5895.9
CRUISE,200000,35000,30,-10,0.8209,5925.8
CRUISE,200000,35000,30,-5,0.8209,5955.7
CRUISE,200000,35000,30,0,0.8209,5985.7
CRUISE,200000,35000,30,5,0.8209,6015.6
CRUISE,200000,35000,30,10,0.8209,6045.5
CRUISE,200000,35000,30,15,0.8209,6075.5
CRUISE,200000,35000,30,20,0.8209,6105.4
CRUISE,200000,35000,40,-20,0.8232,5915.4
CRUISE,200000,35000,40,-15,0.8232,5945.6
CRUISE,200000,35000,40,-10,0.8232,5975.8
CRUISE,200000,35000,40,-5,0.8232,6005.9
CRUISE,200000,35000,40,0,0.8232,6036.1
CRUISE,200000,35000,40,5,0.8232,6066.3
CRUISE,200000,35000,40,10,0.8232,6096.5
CRUISE,200000,35000,40,15,0.8232,6126.7
CRUISE,200000,35000,40,20,0.8232,6156.8
CRUISE,200000,35000,50,-20,0.8255,5965.1
CRUISE,200000,35000,50,-15,0.8255,5995.6
CRUISE,200000,35000,50,-10,0.8255,6026
CRUISE,200000,35000,50,-5,0.8255,6056.4
CRUISE,200000,35000,50,0,0.8255,6086.9
CRUISE,200000,35000,50,5,0.8255,6117.3
CRUISE,200000,35000,50,10,0.8255,6147.7
CRUISE,200000,35000,50,15,0.8255,6178.2
CRUISE,200000,35000,50,20,0.8255,6208.6
CRUISE,200000,35000,60,-20,0.8278,6015.1
CRUISE,200000,35000,60,-15,0.8278,6045.8
CRUISE,200000,35000,60,-10,0.8278,6076.5
CRUISE,200000,35000,60,-5,0.8278,6107.2
CRUISE,200000,35000,60,0,0.8278,6137.9
CRUISE,200000,35000,60,5,0.8278,6168.6
CRUISE,200000,35000,60,10,0.8278,6199.3
CRUISE,200000,35000,60,15,0.8278,6229.9
CRUISE,200000,35000,60,20,0.8278,6260.6
CRUISE,200000,35000,70,-20,0.8301,6065.4
CRUISE,200000,35000,70,-15,0.8301,6096.3
CRUISE,200000,35000,70,-10,0.8301,6127.3
CRUISE,200000,35000,70,-5,0.8301,6158.2
CRUISE,200000,35000,70,0,0.8301,6189.2
CRUISE,200000,35000,70,5,0.8301,6220.1
CRUISE,200000,35000,70,10,0.8301,6251.1
CRUISE,200000,35000,70,15,0.8301,6282
CRUISE,200000,35000,70,20,0.8301,6313
CRUISE,200000,35000,80,-20,0.8324,6116
CRUISE,200000,35000,80,-15,0.8324,6147.2
CRUISE,200000,35000,80,-10,0.8324,6178.4
CRUISE,200000,35000,80,-5,0.8324,6209.6
CRUISE,200000,35000,80,0,0.8324,6240.8
CRUISE,200000,35000,80,5,0.8324,6272
CRUISE,200000,35000,80,10,0.8324,6303.2
CRUISE,200000,35000,80,15,0.8324,6334.4
CRUISE,200000,35000,80,20,0.8324,6365.6
CRUISE,200000,35000,90,-20,0.8347,6166.8
CRUISE,200000,35000,90,-15,0.8347,6198.3
CRUISE,200000,35000,90,-10,0.8347,6229.7
CRUISE,200000,35000,90,-5,0.8347,6261.2
CRUISE,200000,35000,90,0,0.8347,6292.6
CRUISE,200000,35000,90,5,0.8347,6324.1
CRUISE,200000,35000,90,10,0.8347,6355.6
CRUISE,200000,35000,90,15,0.8347,6387
CRUISE,200000,35000,90,20,0.8347,6418.5
CRUISE,200000,35000,100,-20,0.837,6217.9
CRUISE,200000,35000,100,-15,0.837,6249.6
CRUISE,200000,35000,100,-10,0.837,6281.4
CRUISE,200000,35000,100,-5,0.837,6313.1
CRUISE,200000,35000,100,0,0.837,6344.8
CRUISE,200000,35000,100,5,0.837,6376.5
CRUISE,200000,35000,100,10,0.837,6408.3
CRUISE,200000,35000,100,15,0.837,6440
CRUISE,200000,35000,100,20,0.837,6471.7
CRUISE,200000,35000,110,-20,0.8393,6269.3
CRUISE,200000,35000,110,-15,0.8393,6301.3
CRUISE,200000,35000,110,-10,0.8393,6333.3
CRUISE,200000,35000,110,-5,0.8393,6365.3
CRUISE,200000,35000,110,0,0.8393,6397.3
CRUISE,200000,35000,110,5,0.8393,6429.2
CRUISE,200000,35000,110,10,0.8393,6461.2
CRUISE,200000,35000,110,15,0.8393,6493.2
CRUISE,200000,35000,110,20,0.8393,6525.2
CRUISE,200000,35000,120,-20,0.8416,6321
CRUISE,200000,35000,120,-15,0.8416,6353.2
CRUISE,200000,35000,120,-10,0.8416,6385.5
CRUISE,200000,35000,120,-5,0.8416,6417.7
CRUISE,200000,35000,120,0,0.8416,6450
CRUISE,200000,35000,120,5,0.8416,6482.2
CRUISE,200000,35000,120,10,0.8416,6514.5
CRUISE,200000,35000,120,15,0.8416,6546.7
CRUISE,200000,35000,120,20,0.8416,6579
CRUISE,200000,35000,130,-20,0.8439,6373
CRUISE,200000,35000,130,-15,0.8439,6405.5
CRUISE,200000,35000,130,-10,0.8439,6438
CRUISE,200000,35000,130,-5,0.8439,6470.5
CRUISE,200000,35000,130,0,0.8439,6503
CRUISE,200000,35000,130,5,0.8439,6535.5
CRUISE,200000,35000,130,10,0.8439,6568
CRUISE,200000,35000,130,15,0.8439,6600.6
CRUISE,200000,35000,130,20,0.8439,6633.1
CRUISE,200000,35000,140,-20,0.8462,6425.2
CRUISE,200000,35000,140,-15,0.8462,6458
CRUISE,200000,35000,140,-10,0.8462,6490.8
CRUISE,200000,35000,140,-5,0.8462,6523.6
CRUISE,200000,35000,140,0,0.8462,6556.3
CRUISE,200000,35000,140,5,0.8462,6589.1
CRUISE,200000,35000,140,10,0.8462,6621.9
CRUISE,200000,35000,140,15,0.8462,6654.7
CRUISE,200000,35000,140,20,0.8462,6687.5
CRUISE,200000,35000,150,-20,0.8485,6477.7
CRUISE,200000,35000,150,-15,0.8485,6510.8
CRUISE,200000,35000,150,-10,0.8485,6543.8
CRUISE,200000,35000,150,-5,0.8485,6576.9
CRUISE,200000,35000,150,0,0.8485,6609.9
CRUISE,200000,35000,150,5,0.8485,6643
CRUISE,200000,35000,150,10,0.8485,6676
CRUISE,200000,35000,150,15,0.8485,6709.1
CRUISE,200000,35000,150,20,0.8485,6742.1
CRUISE,200000,35000,160,-20,0.8508,6530.6
CRUISE,200000,35000,160,-15,0.8508,6563.9
CRUISE,200000,35000,160,-10,0.8508,6597.2
CRUISE,200000,35000,160,-5,0.8508,6630.5
CRUISE,200000,35000,160,0,0.8508,6663.8
CRUISE,200000,35000,160,5,0.8508,6697.2
CRUISE,200000,35000,160,10,0.8508,6730.5
CRUISE,200000,35000,160,15,0.8508,6763.8
CRUISE,200000,35000,160,20,0.8508,6797.1
CRUISE,200000,35000,170,-20,0.8531,6583.7
CRUISE,200000,35000,170,-15,0.8531,6617.3
CRUISE,200000,35000,170,-10,0.8531,6650.8
CRUISE,200000,35000,170,-5,0.8531,6684.4
CRUISE,200000,35000,170,0,0.8531,6718
CRUISE,200000,35000,170,5,0.8531,6751.6
CRUISE,200000,35000,170,10,0.8531,6785.2
CRUISE,200000,35000,170,15,0.8531,6818.8
CRUISE,200000,35000,170,20,0.8531,6852.4
CRUISE,200000,35000,180,-20,0.8554,6637.1
CRUISE,200000,35000,180,-15,0.8554,6670.9
CRUISE,200000,35000,180,-10,0.8554,6704.8
CRUISE,200000,35000,180,-5,0.8554,6738.6
CRUISE,200000,35000,180,0,0.8554,6772.5
CRUISE,200000,35000,180,5,0.8554,6806.4
CRUISE,200000,35000,180,10,0.8554,6840.2
CRUISE,200000,35000,180,15,0.8554,6874.1
CRUISE,200000,35000,180,20,0.8554,6908
CRUISE,200000,35000,190,-20,0.8577,6690.7
CRUISE,200000,35000,190,-15,0.8577,6724.9
CRUISE,200000,35000,190,-10,0.8577,6759
CRUISE,200000,35000,190,-5,0.8577,6793.2
CRUISE,200000,35000,190,0,0.8577,6827.3
CRUISE,200000,35000,190,5,0.8577,6861.4
CRUISE,200000,35000,190,10,0.8577,6895.6
CRUISE,200000,35000,190,15,0.8577,6929.7
CRUISE,200000,35000,190,20,0.8577,6963.8
CRUISE,200000,35000,200,-20,0.86,6744.7
CRUISE,200000,35000,200,-15,0.86,6779.1
CRUISE,200000,35000,200,-10,0.86,6813.5
CRUISE,200000,35000,200,-5,0.86,6847.9
CRUISE,200000,35000,200,0,0.86,6882.4
CRUISE,200000,35000,200,5,0.86,6916.8
CRUISE,200000,35000,200,10,0.86,6951.2
CRUISE,200000,35000,200,15,0.86,6985.6
CRUISE,200000,35000,200,20,0.86,7020
CRUISE,200000,37000,0,-20,0.832,5660.5
CRUISE,200000,37000,0,-15,0.832,5689.4
CRUISE,200000,37000,0,-10,0.832,5718.2
CRUISE,200000,37000,0,-5,0.832,5747.1
CRUISE,200000,37000,0,0,0.832,5776
CRUISE,200000,37000,0,5,0.832,5804.9
CRUISE,200000,37000,0,10,0.832,5833.8
CRUISE,200000,37000,0,15,0.832,5862.6
CRUISE,200000,37000,0,20,0.832,5891.5
CRUISE,200000,37000,10,-20,0.8334,5689.1
CRUISE,200000,37000,10,-15,0.8334,5718.1
CRUISE,200000,37000,10,-10,0.8334,5747.2
CRUISE,200000,37000,10,-5,0.8334,5776.2
CRUISE,200000,37000,10,0,0.8334,5805.2
CRUISE,200000,37000,10,5,0.8334,5834.2
CRUISE,200000,37000,10,10,0.8334,5863.3
CRUISE,200000,37000,10,15,0.8334,5892.3
CRUISE,200000,37000,10,20,0.8334,5921.3
CRUISE,200000,37000,20,-20,0.8348,5717.8
CRUISE,200000,37000,20,-15,0.8348,5747
CRUISE,200000,37000,20,-10,0.8348,5776.2
CRUISE,200000,37000,20,-5,0.8348,5805.3
CRUISE,200000,37000,20,0,0.8348,5834.5
CRUISE,200000,37000,20,5,0.8348,5863.7
CRUISE,200000,37000,20,10,0.8348,5892.9
CRUISE,200000,37000,20,15,0.8348,5922
CRUISE,200000,37000,20,20,0.8348,5951.2
CRUISE,200000,37000,30,-20,0.8362,5746.6
CRUISE,200000,37000,30,-15,0.8362,5776
CRUISE,200000,37000,30,-10,0.8362,5805.3
CRUISE,200000,37000,30,-5,0.8362,5834.6
CRUISE,200000,37000,30,0,0.8362,5863.9
CRUISE,200000,37000,30,5,0.8362,5893.2
CRUISE,200000,37000,30,10,0.8362,5922.6
CRUISE,200000,37000,30,15,0.8362,5951.9
CRUISE,200000,37000,30,20,0.8362,5981.2
CRUISE,200000,37000,40,-20,0.8376,5775.5
CRUISE,200000,37000,40,-15,0.8376,5805
CRUISE,200000,37000,40,-10,0.8376,5834.5
CRUISE,200000,37000,40,-5,0.8376,5864
CRUISE,200000,37000,40,0,0.8376,5893.4
CRUISE,200000,37000,40,5,0.8376,5922.9
CRUISE,200000,37000,40,10,0.8376,5952.4
CRUISE,200000,37000,40,15,0.8376,5981.8
CRUISE,200000,37000,40,20,0.8376,6011.3
CRUISE,200000,37000,50,-20,0.839,5804.6
CRUISE,200000,37000,50,-15,0.839,5834.2
CRUISE,200000,37000,50,-10,0.839,5863.8
CRUISE,200000,37000,50,-5,0.839,5893.4
CRUISE,200000,37000,50,0,0.839,5923
CRUISE,200000,37000,50,5,0.839,5952.6
CRUISE,200000,37000,50,10,0.839,5982.2
CRUISE,200000,37000,50,15,0.839,6011.9
CRUISE,200000,37000,50,20,0.839,6041.5
CRUISE,200000,37000,60,-20,0.8404,5833.7
CRUISE,200000,37000,60,-15,0.8404,5863.4
CRUISE,200000,37000,60,-10,0.8404,5893.2
CRUISE,200000,37000,60,-5,0.8404,5923
CRUISE,200000,37000,60,0,0.8404,5952.7
CRUISE,200000,37000,60,5,0.8404,5982.5
CRUISE,200000,37000,60,10,0.8404,6012.2
CRUISE,200000,37000,60,15,0.8404,6042
CRUISE,200000,37000,60,20,0.8404,6071.8
CRUISE,200000,37000,70,-20,0.8418,5862.9
CRUISE,200000,37000,70,-15,0.8418,5892.8
CRUISE,200000,37000,70,-10,0.8418,5922.7
CRUISE,200000,37000,70,-5,0.8418,5952.6
CRUISE,200000,37000,70,0,0.8418,5982.5
CRUISE,200000,37000,70,5,0.8418,6012.4
CRUISE,200000,37000,70,10,0.8418,6042.3
CRUISE,200000,37000,70,15,0.8418,6072.3
CRUISE,200000,37000,70,20,0.8418,6102.2
CRUISE,200000,37000,80,-20,0.8432,5892.2
CRUISE,200000,37000,80,-15,0.8432,5922.2
CRUISE,200000,37000,80,-10,0.8432,5952.3
CRUISE,200000,37000,80,-5,0.8432,5982.4
CRUISE,200000,37000,80,0,0.8432,6012.4
CRUISE,200000,37000,80,5,0.8432,6042.5
CRUISE,200000,37000,80,10,0.8432,6072.5
CRUISE,200000,37000,80,15,0.8432,6102.6
CRUISE,200000,37000,80,20,0.8432,6132.7
CRUISE,200000,37000,90,-20,0.8446,5921.6
CRUISE,200000,37000,90,-15,0.8446,5951.8
CRUISE,200000,37000,90,-10,0.8446,5982
CRUISE,200000,37000,90,-5,0.8446,6012.2
CRUISE,200000,37000,90,0,0.8446,6042.4
CRUISE,200000,37000,90,5,0.8446,6072.6
CRUISE,200000,37000,90,10,0.8446,6102.8
CRUISE,200000,37000,90,15,0.8446,6133
CRUISE,200000,37000,90,20,0.8446,6163.3
CRUISE,200000,37000,100,-20,0.846,5951.1
CRUISE,200000,37000,100,-15,0.846,5981.4
CRUISE,200000,37000,100,-10,0.846,6011.8
CRUISE,200000,37000,100,-5,0.846,6042.1
CRUISE,200000,37000,100,0,0.846,6072.5
CRUISE,200000,37000,100,5,0.846,6102.9
CRUISE,200000,37000,100,10,0.846,6133.2
CRUISE,200000,37000,100,15,0.846,6163.6
CRUISE,200000,37000,100,20,0.846,6194
CRUISE,200000,37000,110,-20,0.8474,5980.7
CRUISE,200000,37000,110,-15,0.8474,6011.2
CRUISE,200000,37000,110,-10,0.8474,6041.7
CRUISE,200000,37000,110,-5,0.8474,6072.2
CRUISE,200000,37000,110,0,0.8474,6102.7
CRUISE,200000,37000,110,5,0.8474,6133.2
CRUISE,200000,37000,110,10,0.8474,6163.7
CRUISE,200000,37000,110,15,0.8474,6194.2
CRUISE,200000,37000,110,20,0.8474,6224.8
CRUISE,200000,37000,120,-20,0.8488,6010.3
CRUISE,200000,37000,120,-15,0.8488,6041
CRUISE,200000,37000,120,-10,0.8488,6071.7
CRUISE,200000,37000,120,-5,0.8488,6102.3
CRUISE,200000,37000,120,0,0.8488,6133
CRUISE,200000,37000,120,5,0.8488,6163.7
CRUISE,200000,37000,120,10,0.8488,6194.3
CRUISE,200000,37000,120,15,0.8488,6225
CRUISE,200000,37000,120,20,0.8488,6255.7
CRUISE,200000,37000,130,-20,0.8502,6040.1
CRUISE,200000,37000,130,-15,0.8502,6071
CRUISE,200000,37000,130,-10,0.8502,6101.8
CRUISE,200000,37000,130,-5,0.8502,6132.6
CRUISE,200000,37000,130,0,0.8502,6163.4
CRUISE,200000,37000,130,5,0.8502,6194.2
CRUISE,200000,37000,130,10,0.8502,6225
CRUISE,200000,37000,130,15,0.8502,6255.9
CRUISE,200000,37000,130,20,0.8502,6286.7
CRUISE,200000,37000,140,-20,0.8516,6070
CRUISE,200000,37000,140,-15,0.8516,6101
CRUISE,200000,37000,140,-10,0.8516,6132
CRUISE,200000,37000,140,-5,0.8516,6162.9
CRUISE,200000,37000,140,0,0.8516,6193.9
CRUISE,200000,37000,140,5,0.8516,6224.9
CRUISE,200000,37000,140,10,0.8516,6255.8
CRUISE,200000,37000,140,15,0.8516,6286.8
CRUISE,200000,37000,140,20,0.8516,6317.8
CRUISE,200000,37000,150,-20,0.853,6100
CRUISE,200000,37000,150,-15,0.853,6131.1
CRUISE,200000,37000,150,-10,0.853,6162.3
CRUISE,200000,37000,150,-5,0.853,6193.4
CRUISE,200000,37000,150,0,0.853,6224.5
CRUISE,200000,37000,150,5,0.853,6255.6
CRUISE,200000,37000,150,10,0.853,6286.7
CRUISE,200000,37000,150,15,0.853,6317.9
CRUISE,200000,37000,150,20,0.853,6349
CRUISE,200000,37000,160,-20,0.8544,6130.1
CRUISE,200000,37000,160,-15,0.8544,6161.4
CRUISE,200000,37000,160,-10,0.8544,6192.6
CRUISE,200000,37000,160,-5,0.8544,6223.9
CRUISE,200000,37000,160,0,0.8544,6255.2
CRUISE,200000,37000,160,5,0.8544,6286.5
CRUISE,200000,37000,160,10,0.8544,6317.7
CRUISE,200000,37000,160,15,0.8544,6349
CRUISE,200000,37000,160,20,0.8544,6380.3
CRUISE,200000,37000,170,-20,0.8558,6160.3
CRUISE,200000,37000,170,-15,0.8558,6191.7
CRUISE,200000,37000,170,-10,0.8558,6223.1
CRUISE,200000,37000,170,-5,0.8558,6254.6
CRUISE,200000,37000,170,0,0.8558,6286
CRUISE,200000,37000,170,5,0.8558,6317.4
CRUISE,200000,37000,170,10,0.8558,6348.9
CRUISE,200000,37000,170,15,0.8558,6380.3
CRUISE,200000,37000,170,20,0.8558,6411.7
CRUISE,200000,37000,180,-20,0.8572,6190.6
CRUISE,200000,37000,180,-15,0.8572,6222.1
CRUISE,200000,37000,180,-10,0.8572,6253.7
CRUISE,200000,37000,180,-5,0.8572,6285.3
CRUISE,200000,37000,180,0,0.8572,6316.9
CRUISE,200000,37000,180,5,0.8572,6348.5
CRUISE,200000,37000,180,10,0.8572,6380.1
CRUISE,200000,37000,180,15,0.8572,6411.6
CRUISE,200000,37000,180,20,0.8572,6443.2
CRUISE,200000,37000,190,-20,0.8586,6220.9
CRUISE,200000,37000,190,-15,0.8586,6252.7
CRUISE,200000,37000,190,-10,0.8586,6284.4
CRUISE,200000,37000,190,-5,0.8586,6316.2
CRUISE,200000,37000,190,0,0.8586,6347.9
CRUISE,200000,37000,190,5,0.8586,6379.6
CRUISE,200000,37000,190,10,0.8586,6411.4
CRUISE,200000,37000,190,15,0.8586,6443.1
CRUISE,200000,37000,190,20,0.8586,6474.9
CRUISE,200000,37000,200,-20,0.86,6251.4
CRUISE,200000,37000,200,-15,0.86,6283.3
CRUISE,200000,37000,200,-10,0.86,6315.2
CRUISE,200000,37000,200,-5,0.86,6347.1
CRUISE,200000,37000,200,0,0.86,6379
CRUISE,200000,37000,200,5,0.86,6410.9
CRUISE,200000,37000,200,10,0.86,6442.8
CRUISE,200000,37000,200,15,0.86,6474.7
CRUISE,200000,37000,200,20,0.86,6506.6
CRUISE,200000,39000,0,-20,0.84,5640.9
CRUISE,200000,39000,0,-15,0.84,5669.7
CRUISE,200000,39000,0,-10,0.84,5698.4
CRUISE,200000,39000,0,-5,0.84,5727.2
CRUISE,200000,39000,0,0,0.84,5756
CRUISE,200000,39000,0,5,0.84,5784.8
CRUISE,200000,39000,0,10,0.84,5813.6
CRUISE,200000,39000,0,15,0.84,5842.3
CRUISE,200000,39000,0,20,0.84,5871.1
CRUISE,200000,39000,10,-20,0.841,5661
CRUISE,200000,39000,10,-15,0.841,5689.9
CRUISE,200000,39000,10,-10,0.841,5718.8
CRUISE,200000,39000,10,-5,0.841,5747.7
CRUISE,200000,39000,10,0,0.841,5776.6
CRUISE,200000,39000,10,5,0.841,5805.5
CRUISE,200000,39000,10,10,0.841,5834.3
CRUISE,200000,39000,10,15,0.841,5863.2
CRUISE,200000,39000,10,20,0.841,5892.1
CRUISE,200000,39000,20,-20,0.842,5681.3
CRUISE,200000,39000,20,-15,0.842,5710.3
CRUISE,200000,39000,20,-10,0.842,5739.2
CRUISE,200000,39000,20,-5,0.842,5768.2
CRUISE,200000,39000,20,0,0.842,5797.2
CRUISE,200000,39000,20,5,0.842,5826.2
CRUISE,200000,39000,20,10,0.842,5855.2
CRUISE,200000,39000,20,15,0.842,5884.2
CRUISE,200000,39000,20,20,0.842,5913.2
CRUISE,200000,39000,30,-20,0.843,5701.5
CRUISE,200000,39000,30,-15,0.843,5730.6
CRUISE,200000,39000,30,-10,0.843,5759.7
CRUISE,200000,39000,30,-5,0.843,5788.8
CRUISE,200000,39000,30,0,0.843,5817.9
CRUISE,200000,39000,30,5,0.843,5847
CRUISE,200000,39000,30,10,0.843,5876.1
CRUISE,200000,39000,30,15,0.843,5905.2
CRUISE,200000,39000,30,20,0.843,5934.2
CRUISE,200000,39000,40,-20,0.844,5721.8
CRUISE,200000,39000,40,-15,0.844,5751
CRUISE,200000,39000,40,-10,0.844,5780.2
CRUISE,200000,39000,40,-5,0.844,5809.4
CRUISE,200000,39000,40,0,0.844,5838.6
CRUISE,200000,39000,40,5,0.844,5867.8
CRUISE,200000,39000,40,10,0.844,5897
CRUISE,200000,39000,40,15,0.844,5926.2
CRUISE,200000,39000,40,20,0.844,5955.4
CRUISE,200000,39000,50,-20,0.845,5742.2
CRUISE,200000,39000,50,-15,0.845,5771.5
CRUISE,200000,39000,50,-10,0.845,5800.8
CRUISE,200000,39000,50,-5,0.845,5830.1
CRUISE,200000,39000,50,0,0.845,5859.4
CRUISE,200000,39000,50,5,0.845,5888.7
CRUISE,200000,39000,50,10,0.845,5918
CRUISE,200000,39000,50,15,0.845,5947.3
CRUISE,200000,39000,50,20,0.845,5976.6
CRUISE,200000,39000,60,-20,0.846,5762.6
CRUISE,200000,39000,60,-15,0.846,5792
CRUISE,200000,39000,60,-10,0.846,5821.4
CRUISE,200000,39000,60,-5,0.846,5850.8
CRUISE,200000,39000,60,0,0.846,5880.2
CRUISE,200000,39000,60,5,0.846,5909.6
CRUISE,200000,39000,60,10,0.846,5939
CRUISE,200000,39000,60,15,0.846,5968.4
CRUISE,200000,39000,60,20,0.846,5997.8
CRUISE,200000,39000,70,-20,0.847,5783.1
CRUISE,200000,39000,70,-15,0.847,5812.6
CRUISE,200000,39000,70,-10,0.847,5842.1
CRUISE,200000,39000,70,-5,0.847,5871.6
CRUISE,200000,39000,70,0,0.847,5901.1
CRUISE,200000,39000,70,5,0.847,5930.6
CRUISE,200000,39000,70,10,0.847,5960.1
CRUISE,200000,39000,70,15,0.847,5989.6
CRUISE,200000,39000,70,20,0.847,6019.1
CRUISE,200000,39000,80,-20,0.848,5803.6
CRUISE,200000,39000,80,-15,0.848,5833.2
CRUISE,200000,39000,80,-10,0.848,5862.8
CRUISE,200000,39000,80,-5,0.848,5892.4
CRUISE,200000,39000,80,0,0.848,5922
CRUISE,200000,39000,80,5,0.848,5951.6
CRUISE,200000,39000,80,10,0.848,5981.2
CRUISE,200000,39000,80,15,0.848,6010.9
CRUISE,200000,39000,80,20,0.848,6040.5
CRUISE,200000,39000,90,-20,0.849,5824.1
CRUISE,200000,39000,90,-15,0.849,5853.9
CRUISE,200000,39000,90,-10,0.849,5883.6
CRUISE,200000,39000,90,-5,0.849,5913.3
CRUISE,200000,39000,90,0,0.849,5943
CRUISE,200000,39000,90,5,0.849,5972.7
CRUISE,200000,39000,90,10,0.849,6002.4
CRUISE,200000,39000,90,15,0.849,6032.1
CRUISE,200000,39000,90,20,0.849,6061.9
CRUISE,200000,39000,100,-20,0.85,5844.7
CRUISE,200000,39000,100,-15,0.85,5874.6
CRUISE,200000,39000,100,-10,0.85,5904.4
CRUISE,200000,39000,100,-5,0.85,5934.2
CRUISE,200000,39000,100,0,0.85,5964
CRUISE,200000,39000,100,5,0.85,5993.8
CRUISE,200000,39000,100,10,0.85,6023.7
CRUISE,200000,39000,100,15,0.85,6053.5
CRUISE,200000,39000,100,20,0.85,6083.3
CRUISE,200000,39000,110,-20,0.851,5865.4
CRUISE,200000,39000,110,-15,0.851,5895.3
CRUISE,200000,39000,110,-10,0.851,5925.3
CRUISE,200000,39000,110,-5,0.851,5955.2
CRUISE,200000,39000,110,0,0.851,5985.1
CRUISE,200000,39000,110,5,0.851,6015
CRUISE,200000,39000,110,10,0.851,6045
CRUISE,200000,39000,110,15,0.851,6074.9
CRUISE,200000,39000,110,20,0.851,6104.8
CRUISE,200000,39000,120,-20,0.852,5886.1
CRUISE,200000,39000,120,-15,0.852,5916.1
CRUISE,200000,39000,120,-10,0.852,5946.2
CRUISE,200000,39000,120,-5,0.852,5976.2
CRUISE,200000,39000,120,0,0.852,6006.2
CRUISE,200000,39000,120,5,0.852,6036.3
CRUISE,200000,39000,120,10,0.852,6066.3
CRUISE,200000,39000,120,15,0.852,6096.3
CRUISE,200000,39000,120,20,0.852,6126.4
CRUISE,200000,39000,130,-20,0.853,5906.9
CRUISE,200000,39000,130,-15,0.853,5937
CRUISE,200000,39000,130,-10,0.853,5967.1
CRUISE,200000,39000,130,-5,0.853,5997.3
CRUISE,200000,39000,130,0,0.853,6027.4
CRUISE,200000,39000,130,5,0.853,6057.5
CRUISE,200000,39000,130,10,0.853,6087.7
CRUISE,200000,39000,130,15,0.853,6117.8
CRUISE,200000,39000,130,20,0.853,6147.9
CRUISE,200000,39000,140,-20,0.854,5927.7
CRUISE,200000,39000,140,-15,0.854,5957.9
CRUISE,200000,39000,140,-10,0.854,5988.1
CRUISE,200000,39000,140,-5,0.854,6018.4
CRUISE,200000,39000,140,0,0.854,6048.6
CRUISE,200000,39000,140,5,0.854,6078.9
CRUISE,200000,39000,140,10,0.854,6109.1
CRUISE,200000,39000,140,15,0.854,6139.4
CRUISE,200000,39000,140,20,0.854,6169.6
CRUISE,200000,39000,150,-20,0.855,5948.5
CRUISE,200000,39000,150,-15,0.855,5978.8
CRUISE,200000,39000,150,-10,0.855,6009.2
CRUISE,200000,39000,150,-5,0.855,6039.5
CRUISE,200000,39000,150,0,0.855,6069.9
CRUISE,200000,39000,150,5,0.855,6100.2
CRUISE,200000,39000,150,10,0.855,6130.6
CRUISE,200000,39000,150,15,0.855,6160.9
CRUISE,200000,39000,150,20,0.855,6191.3
CRUISE,200000,39000,160,-20,0.856,5969.4
CRUISE,200000,39000,160,-15,0.856,5999.9
CRUISE,200000,39000,160,-10,0.856,6030.3
CRUISE,200000,39000,160,-5,0.856,6060.8
CRUISE,200000,39000,160,0,0.856,6091.2
CRUISE,200000,39000,160,5,0.856,6121.7
CRUISE,200000,39000,160,10,0.856,6152.1
CRUISE,200000,39000,160,15,0.856,6182.6
CRUISE,200000,39000,160,20,0.856,6213
CRUISE,200000,39000,170,-20,0.857,5990.3
CRUISE,200000,39000,170,-15,0.857,6020.9
CRUISE,200000,39000,170,-10,0.857,6051.5
CRUISE,200000,39000,170,-5,0.857,6082
CRUISE,200000,39000,170,0,0.857,6112.6
CRUISE,200000,39000,170,5,0.857,6143.2
CRUISE,200000,39000,170,10,0.857,6173.7
CRUISE,200000,39000,170,15,0.857,6204.3
CRUISE,200000,39000,170,20,0.857,6234.8
CRUISE,200000,39000,180,-20,0.858,6011.3
CRUISE,200000,39000,180,-15,0.858,6042
CRUISE,200000,39000,180,-10,0.858,6072.7
CRUISE,200000,39000,180,-5,0.858,6103.3
CRUISE,200000,39000,180,0,0.858,6134
CRUISE,200000,39000,180,5,0.858,6164.7
CRUISE,200000,39000,180,10,0.858,6195.4
CRUISE,200000,39000,180,15,0.858,6226
CRUISE,200000,39000,180,20,0.858,6256.7
CRUISE,200000,39000,190,-20,0.859,6032.4
CRUISE,200000,39000,190,-15,0.859,6063.2
CRUISE,200000,39000,190,-10,0.859,6093.9
CRUISE,200000,39000,190,-5,0.859,6124.7
CRUISE,200000,39000,190,0,0.859,6155.5
CRUISE,200000,39000,190,5,0.859,6186.3
CRUISE,200000,39000,190,10,0.859,6217
CRUISE,200000,39000,190,15,0.859,6247.8
CRUISE,200000,39000,190,20,0.859,6278.6
CRUISE,200000,39000,200,-20,0.86,6053.5
CRUISE,200000,39000,200,-15,0.86,6084.4
CRUISE,200000,39000,200,-10,0.86,6115.2
CRUISE,200000,39000,200,-5,0.86,6146.1
CRUISE,200000,39000,200,0,0.86,6177
CRUISE,200000,39000,200,5,0.86,6207.9
CRUISE,200000,39000,200,10,0.86,6238.8
CRUISE,200000,39000,200,15,0.86,6269.7
CRUISE,200000,39000,200,20,0.86,6300.5
CRUISE,200000,41000,0,-20,0.838,5642.8
CRUISE,200000,41000,0,-15,0.838,5671.6
CRUISE,200000,41000,0,-10,0.838,5700.4
CRUISE,200000,41000,0,-5,0.838,5729.2
CRUISE,200000,41000,0,0,0.838,5758
CRUISE,200000,41000,0,5,0.838,5786.8
CRUISE,200000,41000,0,10,0.838,5815.6
CRUISE,200000,41000,0,15,0.838,5844.4
CRUISE,200000,41000,0,20,0.838,5873.2
CRUISE,200000,41000,10,-20,0.8391,5665.1
CRUISE,200000,41000,10,-15,0.8391,5694
CRUISE,200000,41000,10,-10,0.8391,5722.9
CRUISE,200000,41000,10,-5,0.8391,5751.8
CRUISE,200000,41000,10,0,0.8391,5780.7
CRUISE,200000,41000,10,5,0.8391,5809.6
CRUISE,200000,41000,10,10,0.8391,5838.5
CRUISE,200000,41000,10,15,0.8391,5867.4
CRUISE,200000,41000,10,20,0.8391,5896.3
CRUISE,200000,41000,20,-20,0.8402,5687.4
CRUISE,200000,41000,20,-15,0.8402,5716.4
CRUISE,200000,41000,20,-10,0.8402,5745.4
CRUISE,200000,41000,20,-5,0.8402,5774.5
CRUISE,200000,41000,20,0,0.8402,5803.5
CRUISE,200000,41000,20,5,0.8402,5832.5
CRUISE,200000,41000,20,10,0.8402,5861.5
CRUISE,200000,41000,20,15,0.8402,5890.5
CRUISE,200000,41000,20,20,0.8402,5919.5
CRUISE,200000,41000,30,-20,0.8413,5709.8
CRUISE,200000,41000,30,-15,0.8413,5738.9
CRUISE,200000,41000,30,-10,0.8413,5768
CRUISE,200000,41000,30,-5,0.8413,5797.2
CRUISE,200000,41000,30,0,0.8413,5826.3
CRUISE,200000,41000,30,5,0.8413,5855.4
CRUISE,200000,41000,30,10,0.8413,5884.6
CRUISE,200000,41000,30,15,0.8413,5913.7
CRUISE,200000,41000,30,20,0.8413,5942.8
CRUISE,200000,41000,40,-20,0.8424,5732.2
CRUISE,200000,41000,40,-15,0.8424,5761.4
CRUISE,200000,41000,40,-10,0.8424,5790.7
CRUISE,200000,41000,40,-5,0.8424,5819.9
CRUISE,200000,41000,40,0,0.8424,5849.2
CRUISE,200000,41000,40,5,0.8424,5878.4
CRUISE,200000,41000,40,10,0.8424,5907.7
CRUISE,200000,41000,40,15,0.8424,5936.9
CRUISE,200000,41000,40,20,0.8424,5966.2
CRUISE,200000,41000,50,-20,0.8435,5754.7
CRUISE,200000,41000,50,-15,0.8435,5784
CRUISE,200000,41000,50,-10,0.8435,5813.4
CRUISE,200000,41000,50,-5,0.8435,5842.8
CRUISE,200000,41000,50,0,0.8435,5872.1
CRUISE,200000,41000,50,5,0.8435,5901.5
CRUISE,200000,41000,50,10,0.8435,5930.8
CRUISE,200000,41000,50,15,0.8435,5960.2
CRUISE,200000,41000,50,20,0.8435,5989.6
CRUISE,200000,41000,60,-20,0.8446,5777.2
CRUISE,200000,41000,60,-15,0.8446,5806.7
CRUISE,200000,41000,60,-10,0.8446,5836.2
CRUISE,200000,41000,60,-5,0.8446,5865.6
CRUISE,200000,41000,60,0,0.8446,5895.1
CRUISE,200000,41000,60,5,0.8446,5924.6
CRUISE,200000,41000,60,10,0.8446,5954.1
CRUISE,200000,41000,60,15,0.8446,5983.5
CRUISE,200000,41000,60,20,0.8446,6013
CRUISE,200000,41000,70,-20,0.8457,5799.8
CRUISE,200000,41000,70,-15,0.8457,5829.4
CRUISE,200000,41000,70,-10,0.8457,5859
CRUISE,200000,41000,70,-5,0.8457,5888.6
CRUISE,200000,41000,70,0,0.8457,5918.2
CRUISE,200000,41000,70,5,0.8457,5947.8
CRUISE,200000,41000,70,10,0.8457,5977.4
CRUISE,200000,41000,70,15,0.8457,6007
CRUISE,200000,41000,70,20,0.8457,6036.5
CRUISE,200000,41000,80,-20,0.8468,5822.5
CRUISE,200000,41000,80,-15,0.8468,5852.2
CRUISE,200000,41000,80,-10,0.8468,5881.9
CRUISE,200000,41000,80,-5,0.8468,5911.6
CRUISE,200000,41000,80,0,0.8468,5941.3
CRUISE,200000,41000,80,5,0.8468,5971
CRUISE,200000,41000,80,10,0.8468,6000.7
CRUISE,200000,41000,80,15,0.8468,6030.4
CRUISE,200000,41000,80,20,0.8468,6060.1
CRUISE,200000,41000,90,-20,0.8479,5845.2
CRUISE,200000,41000,90,-15,0.8479,5875
CRUISE,200000,41000,90,-10,0.8479,5904.8
CRUISE,200000,41000,90,-5,0.8479,5934.7
CRUISE,200000,41000,90,0,0.8479,5964.5
CRUISE,200000,41000,90,5,0.8479,5994.3
CRUISE,200000,41000,90,10,0.8479,6024.1
CRUISE,200000,41000,90,15,0.8479,6054
CRUISE,200000,41000,90,20,0.8479,6083.8
CRUISE,200000,41000,100,-20,0.849,5868
CRUISE,200000,41000,100,-15,0.849,5897.9
CRUISE,200000,41000,100,-10,0.849,5927.9
CRUISE,200000,41000,100,-5,0.849,5957.8
CRUISE,200000,41000,100,0,0.849,5987.7
CRUISE,200000,41000,100,5,0.849,6017.7
CRUISE,200000,41000,100,10,0.849,6047.6
CRUISE,200000,41000,100,15,0.849,6077.6
CRUISE,200000,41000,100,20,0.849,6107.5
CRUISE,200000,41000,110,-20,0.8501,5890.8
CRUISE,200000,41000,110,-15,0.8501,5920.9
CRUISE,200000,41000,110,-10,0.8501,5950.9
CRUISE,200000,41000,110,-5,0.8501,5981
CRUISE,200000,41000,110,0,0.8501,6011
CRUISE,200000,41000,110,5,0.8501,6041.1
CRUISE,200000,41000,110,10,0.8501,6071.2
CRUISE,200000,41000,110,15,0.8501,6101.2
CRUISE,200000,41000,110,20,0.8501,6131.3
CRUISE,200000,41000,120,-20,0.8512,5913.7
CRUISE,200000,41000,120,-15,0.8512,5943.9
CRUISE,200000,41000,120,-10,0.8512,5974.1
CRUISE,200000,41000,120,-5,0.8512,6004.2
CRUISE,200000,41000,120,0,0.8512,6034.4
CRUISE,200000,41000,120,5,0.8512,6064.6
CRUISE,200000,41000,120,10,0.8512,6094.7
CRUISE,200000,41000,120,15,0.8512,6124.9
CRUISE,200000,41000,120,20,0.8512,6155.1
CRUISE,200000,41000,130,-20,0.8523,5936.7
CRUISE,200000,41000,130,-15,0.8523,5967
CRUISE,200000,41000,130,-10,0.8523,5997.3
CRUISE,200000,41000,130,-5,0.8523,6027.5
CRUISE,200000,41000,130,0,0.8523,6057.8
CRUISE,200000,41000,130,5,0.8523,6088.1
CRUISE,200000,41000,130,10,0.8523,6118.4
CRUISE,200000,41000,130,15,0.8523,6148.7
CRUISE,200000,41000,130,20,0.8523,6179
CRUISE,200000,41000,140,-20,0.8534,5959.7
CRUISE,200000,41000,140,-15,0.8534,5990.1
CRUISE,200000,41000,140,-10,0.8534,6020.5
CRUISE,200000,41000,140,-5,0.8534,6050.9
CRUISE,200000,41000,140,0,0.8534,6081.3
CRUISE,200000,41000,140,5,0.8534,6111.7
CRUISE,200000,41000,140,10,0.8534,6142.1
CRUISE,200000,41000,140,15,0.8534,6172.5
CRUISE,200000,41000,140,20,0.8534,6202.9
CRUISE,200000,41000,150,-20,0.8545,5982.8
CRUISE,200000,41000,150,-15,0.8545,6013.3
CRUISE,200000,41000,150,-10,0.8545,6043.8
CRUISE,200000,41000,150,-5,0.8545,6074.3
CRUISE,200000,41000,150,0,0.8545,6104.9
CRUISE,200000,41000,150,5,0.8545,6135.4
CRUISE,200000,41000,150,10,0.8545,6165.9
CRUISE,200000,41000,150,15,0.8545,6196.4
CRUISE,200000,41000,150,20,0.8545,6227
CRUISE,200000,41000,160,-20,0.8556,6005.9
CRUISE,200000,41000,160,-15,0.8556,6036.5
CRUISE,200000,41000,160,-10,0.8556,6067.2
CRUISE,200000,41000,160,-5,0.8556,6097.8
CRUISE,200000,41000,160,0,0.8556,6128.5
CRUISE,200000,41000,160,5,0.8556,6159.1
CRUISE,200000,41000,160,10,0.8556,6189.8
CRUISE,200000,41000,160,15,0.8556,6220.4
CRUISE,200000,41000,160,20,0.8556,6251
CRUISE,200000,41000,170,-20,0.8567,6029.1
CRUISE,200000,41000,170,-15,0.8567,6059.9
CRUISE,200000,41000,170,-10,0.8567,6090.6
CRUISE,200000,41000,170,-5,0.8567,6121.4
CRUISE,200000,41000,170,0,0.8567,6152.1
CRUISE,200000,41000,170,5,0.8567,6182.9
CRUISE,200000,41000,170,10,0.8567,6213.7
CRUISE,200000,41000,170,15,0.8567,6244.4
CRUISE,200000,41000,170,20,0.8567,6275.2
CRUISE,200000,41000,180,-20,0.8578,6052.3
CRUISE,200000,41000,180,-15,0.8578,6083.2
CRUISE,200000,41000,180,-10,0.8578,6114.1
CRUISE,200000,41000,180,-5,0.8578,6145
CRUISE,200000,41000,180,0,0.8578,6175.9
CRUISE,200000,41000,180,5,0.8578,6206.7
CRUISE,200000,41000,180,10,0.8578,6237.6
CRUISE,200000,41000,180,15,0.8578,6268.5
CRUISE,200000,41000,180,20,0.8578,6299.4
CRUISE,200000,41000,190,-20,0.8589,6075.7
CRUISE,200000,41000,190,-15,0.8589,6106.7
CRUISE,200000,41000,190,-10,0.8589,6137.7
CRUISE,200000,41000,190,-5,0.8589,6168.7
CRUISE,200000,41000,190,0,0.8589,6199.7
CRUISE,200000,41000,190,5,0.8589,6230.7
CRUISE,200000,41000,190,10,0.8589,6261.6
CRUISE,200000,41000,190,15,0.8589,6292.6
CRUISE,200000,41000,190,20,0.8589,6323.6
CRUISE,200000,41000,200,-20,0.86,6099
CRUISE,200000,41000,200,-15,0.86,6130.2
CRUISE,200000,41000,200,-10,0.86,6161.3
CRUISE,200000,41000,200,-5,0.86,6192.4
CRUISE,200000,41000,200,0,0.86,6223.5
CRUISE,200000,41000,200,5,0.86,6254.6
CRUISE,200000,41000,200,10,0.86,6285.7
CRUISE,200000,41000,200,15,0.86,6316.9
CRUISE,200000,41000,200,20,0.86,6348
CRUISE,220000,25000,0,-20,0.701,6277.9
CRUISE,220000,25000,0,-15,0.701,6309.9
CRUISE,220000,25000,0,-10,0.701,6341.9
CRUISE,220000,25000,0,-5,0.701,6374
CRUISE,220000,25000,0,0,0.701,6406
CRUISE,220000,25000,0,5,0.701,6438
CRUISE,220000,25000,0,10,0.701,6470.1
CRUISE,220000,25000,0,15,0.701,6502.1
CRUISE,220000,25000,0,20,0.701,6534.1
CRUISE,220000,25000,10,-20,0.7089,6493.9
CRUISE,220000,25000,10,-15,0.7089,6527
CRUISE,220000,25000,10,-10,0.7089,6560.2
CRUISE,220000,25000,10,-5,0.7089,6593.3
CRUISE,220000,25000,10,0,0.7089,6626.4
CRUISE,220000,25000,10,5,0.7089,6659.6
CRUISE,220000,25000,10,10,0.7089,6692.7
CRUISE,220000,25000,10,15,0.7089,6725.8
CRUISE,220000,25000,10,20,0.7089,6759
CRUISE,220000,25000,20,-20,0.7169,6714.8
CRUISE,220000,25000,20,-15,0.7169,6749.1
CRUISE,220000,25000,20,-10,0.7169,6783.3
CRUISE,220000,25000,20,-5,0.7169,6817.6
CRUISE,220000,25000,20,0,0.7169,6851.9
CRUISE,220000,25000,20,5,0.7169,6886.1
CRUISE,220000,25000,20,10,0.7169,6920.4
CRUISE,220000,25000,20,15,0.7169,6954.6
CRUISE,220000,25000,20,20,0.7169,6988.9
CRUISE,220000,25000,30,-20,0.7248,6940.7
CRUISE,220000,25000,30,-15,0.7248,6976.1
CRUISE,220000,25000,30,-10,0.7248,7011.5
CRUISE,220000,25000,30,-5,0.7248,7046.9
CRUISE,220000,25000,30,0,0.7248,7082.3
CRUISE,220000,25000,30,5,0.7248,7117.8
CRUISE,220000,25000,30,10,0.7248,7153.2
CRUISE,220000,25000,30,15,0.7248,7188.6
CRUISE,220000,25000,30,20,0.7248,7224
CRUISE,220000,25000,40,-20,0.7328,7171.6
CRUISE,220000,25000,40,-15,0.7328,7208.2
CRUISE,220000,25000,40,-10,0.7328,7244.8
CRUISE,220000,25000,40,-5,0.7328,7281.4
CRUISE,220000,25000,40,0,0.7328,7317.9
CRUISE,220000,25000,40,5,0.7328,7354.5
CRUISE,220000,25000,40,10,0.7328,7391.1
CRUISE,220000,25000,40,15,0.7328,7427.7
CRUISE,220000,25000,40,20,0.7328,7464.3
CRUISE,220000,25000,50,-20,0.7408,7407.5
CRUISE,220000,25000,50,-15,0.7408,7445.3
CRUISE,220000,25000,50,-10,0.7408,7483.1
CRUISE,220000,25000,50,-5,0.7408,7520.9
CRUISE,220000,25000,50,0,0.7408,7558.7
CRUISE,220000,25000,50,5,0.7408,7596.5
CRUISE,220000,25000,50,10,0.7408,7634.3
CRUISE,220000,25000,50,15,0.7408,7672.1
CRUISE,220000,25000,50,20,0.7408,7709.9
CRUISE,220000,25000,60,-20,0.7487,7648.6
CRUISE,220000,25000,60,-15,0.7487,7687.6
CRUISE,220000,25000,60,-10,0.7487,7726.7
CRUISE,220000,25000,60,-5,0.7487,7765.7
CRUISE,220000,25000,60,0,0.7487,7804.7
CRUISE,220000,25000,60,5,0.7487,7843.7
CRUISE,220000,25000,60,10,0.7487,7882.8
CRUISE,220000,25000,60,15,0.7487,7921.8
CRUISE,220000,25000,60,20,0.7487,7960.8
CRUISE,220000,25000,70,-20,0.7566,7894.9
CRUISE,220000,25000,70,-15,0.7566,7935.1
CRUISE,220000,25000,70,-10,0.7566,7975.4
CRUISE,220000,25000,70,-5,0.7566,8015.7
CRUISE,220000,25000,70,0,0.7566,8056
CRUISE,220000,25000,70,5,0.7566,8096.3
CRUISE,220000,25000,70,10,0.7566,8136.5
CRUISE,220000,25000,70,15,0.7566,8176.8
CRUISE,220000,25000,70,20,0.7566,8217.1
CRUISE,220000,25000,80,-20,0.7646,8146.3
CRUISE,220000,25000,80,-15,0.7646,8187.9
CRUISE,220000,25000,80,-10,0.7646,8229.5
CRUISE,220000,25000,80,-5,0.7646,8271
CRUISE,220000,25000,80,0,0.7646,8312.6
CRUISE,220000,25000,80,5,0.7646,8354.1
CRUISE,220000,25000,80,10,0.7646,8395.7
CRUISE,220000,25000,80,15,0.7646,8437.3
CRUISE,220000,25000,80,20,0.7646,8478.8
CRUISE,220000,25000,90,-20,0.7725,8403.1
CRUISE,220000,25000,90,-15,0.7725,8446
CRUISE,220000,25000,90,-10,0.7725,8488.8
CRUISE,220000,25000,90,-5,0.7725,8531.7
CRUISE,220000,25000,90,0,0.7725,8574.6
CRUISE,220000,25000,90,5,0.7725,8617.4
CRUISE,220000,25000,90,10,0.7725,8660.3
CRUISE,220000,25000,90,15,0.7725,8703.2
CRUISE,220000,25000,90,20,0.7725,8746.1
CRUISE,220000,25000,100,-20,0.7805,8665.2
CRUISE,220000,25000,100,-15,0.7805,8709.4
CRUISE,220000,25000,100,-10,0.7805,8753.6
CRUISE,220000,25000,100,-5,0.7805,8797.8
CRUISE,220000,25000,100,0,0.7805,8842
CRUISE,220000,25000,100,5,0.7805,8886.2
CRUISE,220000,25000,100,10,0.7805,8930.4
CRUISE,220000,25000,100,15,0.7805,8974.7
CRUISE,220000,25000,100,20,0.7805,9018.9
CRUISE,220000,25000,110,-20,0.7884,8932.7
CRUISE,220000,25000,110,-15,0.7884,8978.2
CRUISE,220000,25000,110,-10,0.7884,9023.8
CRUISE,220000,25000,110,-5,0.7884,9069.4
CRUISE,220000,25000,110,0,0.7884,9115
CRUISE,220000,25000,110,5,0.7884,9160.5
CRUISE,220000,25000,110,10,0.7884,9206.1
CRUISE,220000,25000,110,15,0.7884,9251.7
CRUISE,220000,25000,110,20,0.7884,9297.3
CRUISE,220000,25000,120,-20,0.7964,9205.6
CRUISE,220000,25000,120,-15,0.7964,9252.6
CRUISE,220000,25000,120,-10,0.7964,9299.5
CRUISE,220000,25000,120,-5,0.7964,9346.5
CRUISE,220000,25000,120,0,0.7964,9393.5
CRUISE,220000,25000,120,5,0.7964,9440.4
CRUISE,220000,25000,120,10,0.7964,9487.4
CRUISE,220000,25000,120,15,0.7964,9534.4
CRUISE,220000,25000,120,20,0.7964,9581.4
CRUISE,220000,25000,130,-20,0.8044,9484.1
CRUISE,220000,25000,130,-15,0.8044,9532.4
CRUISE,220000,25000,130,-10,0.8044,9580.8
CRUISE,220000,25000,130,-5,0.8044,9629.2
CRUISE,220000,25000,130,0,0.8044,9677.6
CRUISE,220000,25000,130,5,0.8044,9726
CRUISE,220000,25000,130,10,0.8044,9774.4
CRUISE,220000,25000,130,15,0.8044,9822.8
CRUISE,220000,25000,130,20,0.8044,9871.2
CRUISE,220000,25000,140,-20,0.8123,9768.1
CRUISE,220000,25000,140,-15,0.8123,9817.9
CRUISE,220000,25000,140,-10,0.8123,9867.7
CRUISE,220000,25000,140,-5,0.8123,9917.6
CRUISE,220000,25000,140,0,0.8123,9967.4
CRUISE,220000,25000,140,5,0.8123,10017.2
CRUISE,220000,25000,140,10,0.8123,10067.1
CRUISE,220000,25000,140,15,0.8123,10116.9
CRUISE,220000,25000,140,20,0.8123,10166.8
CRUISE,220000,25000,150,-20,0.8202,10057.7
CRUISE,220000,25000,150,-15,0.8202,10109
CRUISE,220000,25000,150,-10,0.8202,10160.3
CRUISE,220000,25000,150,-5,0.8202,10211.6
CRUISE,220000,25000,150,0,0.8202,10262.9
CRUISE,220000,25000,150,5,0.8202,10314.3
CRUISE,220000,25000,150,10,0.8202,10365.6
CRUISE,220000,25000,150,15,0.8202,10416.9
CRUISE,220000,25000,150,20,0.8202,10468.2
CRUISE,220000,25000,160,-20,0.8282,10353
CRUISE,220000,25000,160,-15,0.8282,10405.8
CRUISE,220000,25000,160,-10,0.8282,10458.6
CRUISE,220000,25000,160,-5,0.8282,10511.4
CRUISE,220000,25000,160,0,0.8282,10564.2
CRUISE,220000,25000,160,5,0.8282,10617.1
CRUISE,220000,25000,160,10,0.8282,10669.9
CRUISE,220000,25000,160,15,0.8282,10722.7
CRUISE,220000,25000,160,20,0.8282,10775.5
CRUISE,220000,25000,170,-20,0.8361,10654
CRUISE,220000,25000,170,-15,0.8361,10708.3
CRUISE,220000,25000,170,-10,0.8361,10762.7
CRUISE,220000,25000,170,-5,0.8361,10817
CRUISE,220000,25000,170,0,0.8361,10871.4
CRUISE,220000,25000,170,5,0.8361,10925.8
CRUISE,220000,25000,170,10,0.8361,10980.1
CRUISE,220000,25000,170,15,0.8361,11034.5
CRUISE,220000,25000,170,20,0.8361,11088.8
CRUISE,220000,25000,180,-20,0.8441,10960.8
CRUISE,220000,25000,180,-15,0.8441,11016.7
CRUISE,220000,25000,180,-10,0.8441,11072.6
CRUISE,220000,25000,180,-5,0.8441,11128.5
CRUISE,220000,25000,180,0,0.8441,11184.4
CRUISE,220000,25000,180,5,0.8441,11240.4
CRUISE,220000,25000,180,10,0.8441,11296.3
CRUISE,220000,25000,180,15,0.8441,11352.2
CRUISE,220000,25000,180,20,0.8441,11408.1
CRUISE,220000,25000,190,-20,0.852,11273.4
CRUISE,220000,25000,190,-15,0.852,11330.9
CRUISE,220000,25000,190,-10,0.852,11388.4
CRUISE,220000,25000,190,-5,0.852,11445.9
CRUISE,220000,25000,190,0,0.852,11503.5
CRUISE,220000,25000,190,5,0.852,11561
CRUISE,220000,25000,190,10,0.852,11618.5
CRUISE,220000,25000,190,15,0.852,11676
CRUISE,220000,25000,190,20,0.852,11733.5
CRUISE,220000,25000,200,-20,0.86,11591.9
CRUISE,220000,25000,200,-15,0.86,11651
CRUISE,220000,25000,200,-10,0.86,11710.2
CRUISE,220000,25000,200,-5,0.86,11769.3
CRUISE,220000,25000,200,0,0.86,11828.5
CRUISE,220000,25000,200,5,0.86,11887.6
CRUISE,220000,25000,200,10,0.86,11946.7
CRUISE,220000,25000,200,15,0.86,12005.9
CRUISE,220000,25000,200,20,0.86,12065
CRUISE,220000,27000,0,-20,0.721,6189.7
CRUISE,220000,27000,0,-15,0.721,6221.3
CRUISE,220000,27000,0,-10,0.721,6252.8
CRUISE,220000,27000,0,-5,0.721,6284.4
CRUISE,220000,27000,0,0,0.721,6316
CRUISE,220000,27000,0,5,0.721,6347.6
CRUISE,220000,27000,0,10,0.721,6379.2
CRUISE,220000,27000,0,15,0.721,6410.7
CRUISE,220000,27000,0,20,0.721,6442.3
CRUISE,220000,27000,10,-20,0.7279,6370.4
CRUISE,220000,27000,10,-15,0.7279,6402.9
CRUISE,220000,27000,10,-10,0.7279,6435.4
CRUISE,220000,27000,10,-5,0.7279,6467.9
CRUISE,220000,27000,10,0,0.7279,6500.4
CRUISE,220000,27000,10,5,0.7279,6532.9
CRUISE,220000,27000,10,10,0.7279,6565.4
CRUISE,220000,27000,10,15,0.7279,6597.9
CRUISE,220000,27000,10,20,0.7279,6630.4
CRUISE,220000,27000,20,-20,0.7349,6554.6
CRUISE,220000,27000,20,-15,0.7349,6588.1
CRUISE,220000,27000,20,-10,0.7349,6621.5
CRUISE,220000,27000,20,-5,0.7349,6654.9
CRUISE,220000,27000,20,0,0.7349,6688.4
CRUISE,220000,27000,20,5,0.7349,6721.8
CRUISE,220000,27000,20,10,0.7349,6755.3
CRUISE,220000,27000,20,15,0.7349,6788.7
CRUISE,220000,27000,20,20,0.7349,6822.1
CRUISE,220000,27000,30,-20,0.7419,6742.3
CRUISE,220000,27000,30,-15,0.7419,6776.7
CRUISE,220000,27000,30,-10,0.7419,6811.1
CRUISE,220000,27000,30,-5,0.7419,6845.5
CRUISE,220000,27000,30,0,0.7419,6879.9
CRUISE,220000,27000,30,5,0.7419,6914.3
CRUISE,220000,27000,30,10,0.7419,6948.7
CRUISE,220000,27000,30,15,0.7419,6983.1
CRUISE,220000,27000,30,20,0.7419,7017.5
CRUISE,220000,27000,40,-20,0.7488,6933.6
CRUISE,220000,27000,40,-15,0.7488,6969
CRUISE,220000,27000,40,-10,0.7488,7004.4
CRUISE,220000,27000,40,-5,0.7488,7039.7
CRUISE,220000,27000,40,0,0.7488,7075.1
CRUISE,220000,27000,40,5,0.7488,7110.5
CRUISE,220000,27000,40,10,0.7488,7145.9
CRUISE,220000,27000,40,15,0.7488,7181.2
CRUISE,220000,27000,40,20,0.7488,7216.6
CRUISE,220000,27000,50,-20,0.7557,7128.5
CRUISE,220000,27000,50,-15,0.7557,7164.8
CRUISE,220000,27000,50,-10,0.7557,7201.2
CRUISE,220000,27000,50,-5,0.7557,7237.6
CRUISE,220000,27000,50,0,0.7557,7274
CRUISE,220000,27000,50,5,0.7557,7310.3
CRUISE,220000,27000,50,10,0.7557,7346.7
CRUISE,220000,27000,50,15,0.7557,7383.1
CRUISE,220000,27000,50,20,0.7557,7419.4
CRUISE,220000,27000,60,-20,0.7627,7327
CRUISE,220000,27000,60,-15,0.7627,7364.3
CRUISE,220000,27000,60,-10,0.7627,7401.7
CRUISE,220000,27000,60,-5,0.7627,7439.1
CRUISE,220000,27000,60,0,0.7627,7476.5
CRUISE,220000,27000,60,5,0.7627,7513.9
CRUISE,220000,27000,60,10,0.7627,7551.3
CRUISE,220000,27000,60,15,0.7627,7588.6
CRUISE,220000,27000,60,20,0.7627,7626
CRUISE,220000,27000,70,-20,0.7696,7529.1
CRUISE,220000,27000,70,-15,0.7696,7567.5
CRUISE,220000,27000,70,-10,0.7696,7605.9
CRUISE,220000,27000,70,-5,0.7696,7644.3
CRUISE,220000,27000,70,0,0.7696,7682.7
CRUISE,220000,27000,70,5,0.7696,7721.2
CRUISE,220000,27000,70,10,0.7696,7759.6
CRUISE,220000,27000,70,15,0.7696,7798
CRUISE,220000,27000,70,20,0.7696,7836.4
CRUISE,220000,27000,80,-20,0.7766,7734.9
CRUISE,220000,27000,80,-15,0.7766,7774.4
CRUISE,220000,27000,80,-10,0.7766,7813.8
CRUISE,220000,27000,80,-5,0.7766,7853.3
CRUISE,220000,27000,80,0,0.7766,7892.8
CRUISE,220000,27000,80,5,0.7766,7932.2
CRUISE,220000,27000,80,10,0.7766,7971.7
CRUISE,220000,27000,80,15,0.7766,8011.1
CRUISE,220000,27000,80,20,0.7766,8050.6
CRUISE,220000,27000,90,-20,0.7835,7944.4
CRUISE,220000,27000,90,-15,0.7835,7985
CRUISE,220000,27000,90,-10,0.7835,8025.5
CRUISE,220000,27000,90,-5,0.7835,8066
CRUISE,220000,27000,90,0,0.7835,8106.6
CRUISE,220000,27000,90,5,0.7835,8147.1
CRUISE,220000,27000,90,10,0.7835,8187.6
CRUISE,220000,27000,90,15,0.7835,8228.2
CRUISE,220000,27000,90,20,0.7835,8268.7
CRUISE,220000,27000,100,-20,0.7905,8157.7
CRUISE,220000,27000,100,-15,0.7905,8199.3
CRUISE,220000,27000,100,-10,0.7905,8240.9
CRUISE,220000,27000,100,-5,0.7905,8282.6
CRUISE,220000,27000,100,0,0.7905,8324.2
CRUISE,220000,27000,100,5,0.7905,8365.8
CRUISE,220000,27000,100,10,0.7905,8407.4
CRUISE,220000,27000,100,15,0.7905,8449.1
CRUISE,220000,27000,100,20,0.7905,8490.7
CRUISE,220000,27000,110,-20,0.7974,8374.8
CRUISE,220000,27000,110,-15,0.7974,8417.5
CRUISE,220000,27000,110,-10,0.7974,8460.2
CRUISE,220000,27000,110,-5,0.7974,8503
CRUISE,220000,27000,110,0,0.7974,8545.7
CRUISE,220000,27000,110,5,0.7974,8588.4
CRUISE,220000,27000,110,10,0.7974,8631.1
CRUISE,220000,27000,110,15,0.7974,8673.9
CRUISE,220000,27000,110,20,0.7974,8716.6
CRUISE,220000,27000,120,-20,0.8044,8595.6
CRUISE,220000,27000,120,-15,0.8044,8639.5
CRUISE,220000,27000,120,-10,0.8044,8683.4
CRUISE,220000,27000,120,-5,0.8044,8727.2
CRUISE,220000,27000,120,0,0.8044,8771.1
CRUISE,220000,27000,120,5,0.8044,8814.9
CRUISE,220000,27000,120,10,0.8044,8858.8
CRUISE,220000,27000,120,15,0.8044,8902.6
CRUISE,220000,27000,120,20,0.8044,8946.5
CRUISE,220000,27000,130,-20,0.8114,8820.4
CRUISE,220000,27000,130,-15,0.8114,8865.4
CRUISE,220000,27000,130,-10,0.8114,8910.4
CRUISE,220000,27000,130,-5,0.8114,8955.4
CRUISE,220000,27000,130,0,0.8114,9000.4
CRUISE,220000,27000,130,5,0.8114,9045.4
CRUISE,220000,27000,130,10,0.8114,9090.4
CRUISE,220000,27000,130,15,0.8114,9135.4
CRUISE,220000,27000,130,20,0.8114,9180.4
CRUISE,220000,27000,140,-20,0.8183,9049
CRUISE,220000,27000,140,-15,0.8183,9095.2
CRUISE,220000,27000,140,-10,0.8183,9141.3
CRUISE,220000,27000,140,-5,0.8183,9187.5
CRUISE,220000,27000,140,0,0.8183,9233.7
CRUISE,220000,27000,140,5,0.8183,9279.8
CRUISE,220000,27000,140,10,0.8183,9326
CRUISE,220000,27000,140,15,0.8183,9372.2
CRUISE,220000,27000,140,20,0.8183,9418.3
CRUISE,220000,27000,150,-20,0.8253,9281.5
CRUISE,220000,27000,150,-15,0.8253,9328.9
CRUISE,220000,27000,150,-10,0.8253,9376.2
CRUISE,220000,27000,150,-5,0.8253,9423.6
CRUISE,220000,27000,150,0,0.8253,9470.9
CRUISE,220000,27000,150,5,0.8253,9518.3
CRUISE,220000,27000,150,10,0.8253,9565.6
CRUISE,220000,27000,150,15,0.8253,9613
CRUISE,220000,27000,150,20,0.8253,9660.4
CRUISE,220000,27000,160,-20,0.8322,9518
CRUISE,220000,27000,160,-15,0.8322,9566.6
CRUISE,220000,27000,160,-10,0.8322,9615.1
CRUISE,220000,27000,160,-5,0.8322,9663.7
CRUISE,220000,27000,160,0,0.8322,9712.2
CRUISE,220000,27000,160,5,0.8322,9760.8
CRUISE,220000,27000,160,10,0.8322,9809.4
CRUISE,220000,27000,160,15,0.8322,9857.9
CRUISE,220000,27000,160,20,0.8322,9906.5
CRUISE,220000,27000,170,-20,0.8391,9758.5
CRUISE,220000,27000,170,-15,0.8391,9808.2
CRUISE,220000,27000,170,-10,0.8391,9858
CRUISE,220000,27000,170,-5,0.8391,9907.8
CRUISE,220000,27000,170,0,0.8391,9957.6
CRUISE,220000,27000,170,5,0.8391,10007.4
CRUISE,220000,27000,170,10,0.8391,10057.2
CRUISE,220000,27000,170,15,0.8391,10107
CRUISE,220000,27000,170,20,0.8391,10156.8
CRUISE,220000,27000,180,-20,0.8461,10002.9
CRUISE,220000,27000,180,-15,0.8461,10054
CRUISE,220000,27000,180,-10,0.8461,10105
CRUISE,220000,27000,180,-5,0.8461,10156
CRUISE,220000,27000,180,0,0.8461,10207.1
CRUISE,220000,27000,180,5,0.8461,10258.1
CRUISE,220000,27000,180,10,0.8461,10309.1
CRUISE,220000,27000,180,15,0.8461,10360.2
CRUISE,220000,27000,180,20,0.8461,10411.2
CRUISE,220000,27000,190,-20,0.853,10251.5
CRUISE,220000,27000,190,-15,0.853,10303.8
CRUISE,220000,27000,190,-10,0.853,10356.1
CRUISE,220000,27000,190,-5,0.853,10408.4
CRUISE,220000,27000,190,0,0.853,10460.7
CRUISE,220000,27000,190,5,0.853,10513
CRUISE,220000,27000,190,10,0.853,10565.3
CRUISE,220000,27000,190,15,0.853,10617.6
CRUISE,220000,27000,190,20,0.853,10669.9
CRUISE,220000,27000,200,-20,0.86,10504.1
CRUISE,220000,27000,200,-15,0.86,10557.7
CRUISE,220000,27000,200,-10,0.86,10611.3
CRUISE,220000,27000,200,-5,0.86,10664.9
CRUISE,220000,27000,200,0,0.86,10718.4
CRUISE,220000,27000,200,5,0.86,10772
CRUISE,220000,27000,200,10,0.86,10825.6
CRUISE,220000,27000,200,15,0.86,10879.2
CRUISE,220000,27000,200,20,0.86,10932.8
CRUISE,220000,29000,0,-20,0.75,6223
CRUISE,220000,29000,0,-15,0.75,6254.8
CRUISE,220000,29000,0,-10,0.75,6286.5
CRUISE,220000,29000,0,-5,0.75,6318.2
CRUISE,220000,29000,0,0,0.75,6350
CRUISE,220000,29000,0,5,0.75,6381.7
CRUISE,220000,29000,0,10,0.75,6413.5
CRUISE,220000,29000,0,15,0.75,6445.2
CRUISE,220000,29000,0,20,0.75,6477
CRUISE,220000,29000,10,-20,0.7555,6360.9
CRUISE,220000,29000,10,-15,0.7555,6393.4
CRUISE,220000,29000,10,-10,0.7555,6425.8
CRUISE,220000,29000,10,-5,0.7555,6458.3
CRUISE,220000,29000,10,0,0.7555,6490.7
CRUISE,220000,29000,10,5,0.7555,6523.2
CRUISE,220000,29000,10,10,0.7555,6555.6
CRUISE,220000,29000,10,15,0.7555,6588.1
CRUISE,220000,29000,10,20,0.7555,6620.5
CRUISE,220000,29000,20,-20,0.761,6500.8
CRUISE,220000,29000,20,-15,0.761,6534
CRUISE,220000,29000,20,-10,0.761,6567.2
CRUISE,220000,29000,20,-5,0.761,6600.4
CRUISE,220000,29000,20,0,0.761,6633.5
CRUISE,220000,29000,20,5,0.761,6666.7
CRUISE,220000,29000,20,10,0.761,6699.9
CRUISE,220000,29000,20,15,0.761,6733
CRUISE,220000,29000,20,20,0.761,6766.2
CRUISE,220000,29000,30,-20,0.7665,6642.8
CRUISE,220000,29000,30,-15,0.7665,6676.7
CRUISE,220000,29000,30,-10,0.7665,6710.6
CRUISE,220000,29000,30,-5,0.7665,6744.5
CRUISE,220000,29000,30,0,0.7665,6778.4
CRUISE,220000,29000,30,5,0.7665,6812.3
CRUISE,220000,29000,30,10,0.7665,6846.2
CRUISE,220000,29000,30,15,0.7665,6880.1
CRUISE,220000,29000,30,20,0.7665,6914
CRUISE,220000,29000,40,-20,0.772,6786.8
CRUISE,220000,29000,40,-15,0.772,6821.5
CRUISE,220000,29000,40,-10,0.772,6856.1
CRUISE,220000,29000,40,-5,0.772,6890.7
CRUISE,220000,29000,40,0,0.772,6925.4
CRUISE,220000,29000,40,5,0.772,6960
CRUISE,220000,29000,40,10,0.772,6994.6
CRUISE,220000,29000,40,15,0.772,7029.2
CRUISE,220000,29000,40,20,0.772,7063.9
CRUISE,220000,29000,50,-20,0.7775,6932.9
CRUISE,220000,29000,50,-15,0.7775,6968.3
CRUISE,220000,29000,50,-10,0.7775,7003.7
CRUISE,220000,29000,50,-5,0.7775,7039.1
CRUISE,220000,29000,50,0,0.7775,7074.4
CRUISE,220000,29000,50,5,0.7775,7109.8
CRUISE,220000,29000,50,10,0.7775,7145.2
CRUISE,220000,29000,50,15,0.7775,7180.5
CRUISE,220000,29000,50,20,0.7775,7215.9
CRUISE,220000,29000,60,-20,0.783,7081.1
CRUISE,220000,29000,60,-15,0.783,7117.2
CRUISE,220000,29000,60,-10,0.783,7153.4
CRUISE,220000,29000,60,-5,0.783,7189.5
CRUISE,220000,29000,60,0,0.783,7225.6
CRUISE,220000,29000,60,5,0.783,7261.7
CRUISE,220000,29000,60,10,0.783,7297.9
CRUISE,220000,29000,60,15,0.783,7334
CRUISE,220000,29000,60,20,0.783,7370.1
CRUISE,220000,29000,70,-20,0.7885,7231.4
CRUISE,220000,29000,70,-15,0.7885,7268.3
CRUISE,220000,29000,70,-10,0.7885,7305.2
CRUISE,220000,29000,70,-5,0.7885,7342.1
CRUISE,220000,29000,70,0,0.7885,7379
CRUISE,220000,29000,70,5,0.7885,7415.9
CRUISE,220000,29000,70,10,0.7885,7452.7
CRUISE,220000,29000,70,15,0.7885,7489.6
CRUISE,220000,29000,70,20,0.7885,7526.5
CRUISE,220000,29000,80,-20,0.794,7383.8
CRUISE,220000,29000,80,-15,0.794,7421.4
CRUISE,220000,29000,80,-10,0.794,7459.1
CRUISE,220000,29000,80,-5,0.794,7496.8
CRUISE,220000,29000,80,0,0.794,7534.4
CRUISE,220000,29000,80,5,0.794,7572.1
CRUISE,220000,29000,80,10,0.794,7609.8
CRUISE,220000,29000,80,15,0.794,7647.5
CRUISE,220000,29000,80,20,0.794,7685.1
CRUISE,220000,29000,90,-20,0.7995,7538.3
CRUISE,220000,29000,90,-15,0.7995,7576.7
CRUISE,220000,29000,90,-10,0.7995,7615.2
CRUISE,220000,29000,90,-5,0.7995,7653.6
CRUISE,220000,29000,90,0,0.7995,7692.1
CRUISE,220000,29000,90,5,0.7995,7730.6
CRUISE,220000,29000,90,10,0.7995,7769
CRUISE,220000,29000,90,15,0.7995,7807.5
CRUISE,220000,29000,90,20,0.7995,7845.9
CRUISE,220000,29000,100,-20,0.805,7694.9
CRUISE,220000,29000,100,-15,0.805,7734.2
CRUISE,220000,29000,100,-10,0.805,7773.4
CRUISE,220000,29000,100,-5,0.805,7812.7
CRUISE,220000,29000,100,0,0.805,7852
CRUISE,220000,29000,100,5,0.805,7891.2
CRUISE,220000,29000,100,10,0.805,7930.5
CRUISE,220000,29000,100,15,0.805,7969.7
CRUISE,220000,29000,100,20,0.805,8009
CRUISE,220000,29000,110,-20,0.8105,7853.7
CRUISE,220000,29000,110,-15,0.8105,7893.8
CRUISE,220000,29000,110,-10,0.8105,7933.9
CRUISE,220000,29000,110,-5,0.8105,7973.9
CRUISE,220000,29000,110,0,0.8105,8014
CRUISE,220000,29000,110,5,0.8105,8054.1
CRUISE,220000,29000,110,10,0.8105,8094.1
CRUISE,220000,29000,110,15,0.8105,8134.2
CRUISE,220000,29000,110,20,0.8105,8174.3
CRUISE,220000,29000,120,-20,0.816,8014.7
CRUISE,220000,29000,120,-15,0.816,8055.6
CRUISE,220000,29000,120,-10,0.816,8096.5
CRUISE,220000,29000,120,-5,0.816,8137.4
CRUISE,220000,29000,120,0,0.816,8178.3
CRUISE,220000,29000,120,5,0.816,8219.1
CRUISE,220000,29000,120,10,0.816,8260
CRUISE,220000,29000,120,15,0.816,8300.9
CRUISE,220000,29000,120,20,0.816,8341.8
CRUISE,220000,29000,130,-20,0.8215,8177.8
CRUISE,220000,29000,130,-15,0.8215,8219.6
CRUISE,220000,29000,130,-10,0.8215,8261.3
CRUISE,220000,29000,130,-5,0.8215,8303
CRUISE,220000,29000,130,0,0.8215,8344.7
CRUISE,220000,29000,130,5,0.8215,8386.5
CRUISE,220000,29000,130,10,0.8215,8428.2
CRUISE,220000,29000,130,15,0.8215,8469.9
CRUISE,220000,29000,130,20,0.8215,8511.6
CRUISE,220000,29000,140,-20,0.827,8343.2
CRUISE,220000,29000,140,-15,0.827,8385.8
CRUISE,220000,29000,140,-10,0.827,8428.3
CRUISE,220000,29000,140,-5,0.827,8470.9
CRUISE,220000,29000,140,0,0.827,8513.5
CRUISE,220000,29000,140,5,0.827,8556
CRUISE,220000,29000,140,10,0.827,8598.6
CRUISE,220000,29000,140,15,0.827,8641.2
CRUISE,220000,29000,140,20,0.827,8683.7
CRUISE,220000,29000,150,-20,0.8325,8510.8
CRUISE,220000,29000,150,-15,0.8325,8554.2
CRUISE,220000,29000,150,-10,0.8325,8597.6
CRUISE,220000,29000,150,-5,0.8325,8641
CRUISE,220000,29000,150,0,0.8325,8684.5
CRUISE,220000,29000,150,5,0.8325,8727.9
CRUISE,220000,29000,150,10,0.8325,8771.3
CRUISE,220000,29000,150,15,0.8325,8814.7
CRUISE,220000,29000,150,20,0.8325,8858.1
CRUISE,220000,29000,160,-20,0.838,8680.6
CRUISE,220000,29000,160,-15,0.838,8724.9
CRUISE,220000,29000,160,-10,0.838,8769.1
CRUISE,220000,29000,160,-5,0.838,8813.4
CRUISE,220000,29000,160,0,0.838,8857.7
CRUISE,220000,29000,160,5,0.838,8902
CRUISE,220000,29000,160,10,0.838,8946.3
CRUISE,220000,29000,160,15,0.838,8990.6
CRUISE,220000,29000,160,20,0.838,9034.9
CRUISE,220000,29000,170,-20,0.8435,8852.6
CRUISE,220000,29000,170,-15,0.8435,8897.8
CRUISE,220000,29000,170,-10,0.8435,8942.9
CRUISE,220000,29000,170,-5,0.8435,8988.1
CRUISE,220000,29000,170,0,0.8435,9033.3
CRUISE,220000,29000,170,5,0.8435,9078.4
CRUISE,220000,29000,170,10,0.8435,9123.6
CRUISE,220000,29000,170,15,0.8435,9168.8
CRUISE,220000,29000,170,20,0.8435,9213.9
CRUISE,220000,29000,180,-20,0.849,9026.9
CRUISE,220000,29000,180,-15,0.849,9073
CRUISE,220000,29000,180,-10,0.849,9119
CRUISE,220000,29000,180,-5,0.849,9165.1
CRUISE,220000,29000,180,0,0.849,9211.1
CRUISE,220000,29000,180,5,0.849,9257.2
CRUISE,220000,29000,180,10,0.849,9303.2
CRUISE,220000,29000,180,15,0.849,9349.3
CRUISE,220000,29000,180,20,0.849,9395.4
CRUISE,220000,29000,190,-20,0.8545,9203.5
CRUISE,220000,29000,190,-15,0.8545,9250.4
CRUISE,220000,29000,190,-10,0.8545,9297.4
CRUISE,220000,29000,190,-5,0.8545,9344.4
CRUISE,220000,29000,190,0,0.8545,9391.3
CRUISE,220000,29000,190,5,0.8545,9438.3
CRUISE,220000,29000,190,10,0.8545,9485.2
CRUISE,220000,29000,190,15,0.8545,9532.2
CRUISE,220000,29000,190,20,0.8545,9579.1
CRUISE,220000,29000,200,-20,0.86,9382.3
CRUISE,220000,29000,200,-15,0.86,9430.2
CRUISE,220000,29000,200,-10,0.86,9478.1
CRUISE,220000,29000,200,-5,0.86,9526
CRUISE,220000,29000,200,0,0.86,9573.8
CRUISE,220000,29000,200,5,0.86,9621.7
CRUISE,220000,29000,200,10,0.86,9669.6
CRUISE,220000,29000,200,15,0.86,9717.4
CRUISE,220000,29000,200,20,0.86,9765.3
CRUISE,220000,31000,0,-20,0.785,6285.7
CRUISE,220000,31000,0,-15,0.785,6317.8
CRUISE,220000,31000,0,-10,0.785,6349.9
CRUISE,220000,31000,0,-5,0.785,6381.9
CRUISE,220000,31000,0,0,0.785,6414
CRUISE,220000,31000,0,5,0.785,6446.1
CRUISE,220000,31000,0,10,0.785,6478.1
CRUISE,220000,31000,0,15,0.785,6510.2
CRUISE,220000,31000,0,20,0.785,6542.3
CRUISE,220000,31000,10,-20,0.7888,6376.2
CRUISE,220000,31000,10,-15,0.7888,6408.8
CRUISE,220000,31000,10,-10,0.7888,6441.3
CRUISE,220000,31000,10,-5,0.7888,6473.8
CRUISE,220000,31000,10,0,0.7888,6506.4
CRUISE,220000,31000,10,5,0.7888,6538.9
CRUISE,220000,31000,10,10,0.7888,6571.4
CRUISE,220000,31000,10,15,0.7888,6604
CRUISE,220000,31000,10,20,0.7888,6636.5
CRUISE,220000,31000,20,-20,0.7925,6467.6
CRUISE,220000,31000,20,-15,0.7925,6500.6
CRUISE,220000,31000,20,-10,0.7925,6533.6
CRUISE,220000,31000,20,-5,0.7925,6566.6
CRUISE,220000,31000,20,0,0.7925,6599.6
CRUISE,220000,31000,20,5,0.7925,6632.6
CRUISE,220000,31000,20,10,0.7925,6665.6
CRUISE,220000,31000,20,15,0.7925,6698.6
CRUISE,220000,31000,20,20,0.7925,6731.6
CRUISE,220000,31000,30,-20,0.7963,6559.9
CRUISE,220000,31000,30,-15,0.7963,6593.3
CRUISE,220000,31000,30,-10,0.7963,6626.8
CRUISE,220000,31000,30,-5,0.7963,6660.3
CRUISE,220000,31000,30,0,0.7963,6693.7
CRUISE,220000,31000,30,5,0.7963,6727.2
CRUISE,220000,31000,30,10,0.7963,6760.7
CRUISE,220000,31000,30,15,0.7963,6794.1
CRUISE,220000,31000,30,20,0.7963,6827.6
CRUISE,220000,31000,40,-20,0.8,6653
CRUISE,220000,31000,40,-15,0.8,6686.9
CRUISE,220000,31000,40,-10,0.8,6720.9
CRUISE,220000,31000,40,-5,0.8,6754.8
CRUISE,220000,31000,40,0,0.8,6788.8
CRUISE,220000,31000,40,5,0.8,6822.7
CRUISE,220000,31000,40,10,0.8,6856.6
CRUISE,220000,31000,40,15,0.8,6890.6
CRUISE,220000,31000,40,20,0.8,6924.5
CRUISE,220000,31000,50,-20,0.8037,6747
CRUISE,220000,31000,50,-15,0.8037,6781.4
CRUISE,220000,31000,50,-10,0.8037,6815.8
CRUISE,220000,31000,50,-5,0.8037,6850.2
CRUISE,220000,31000,50,0,0.8037,6884.7
CRUISE,220000,31000,50,5,0.8037,6919.1
CRUISE,220000,31000,50,10,0.8037,6953.5
CRUISE,220000,31000,50,15,0.8037,6987.9
CRUISE,220000,31000,50,20,0.8037,7022.4
CRUISE,220000,31000,60,-20,0.8075,6841.9
CRUISE,220000,31000,60,-15,0.8075,6876.8
CRUISE,220000,31000,60,-10,0.8075,6911.7
CRUISE,220000,31000,60,-5,0.8075,6946.6
CRUISE,220000,31000,60,0,0.8075,6981.5
CRUISE,220000,31000,60,5,0.8075,7016.4
CRUISE,220000,31000,60,10,0.8075,7051.3
CRUISE,220000,31000,60,15,0.8075,7086.2
CRUISE,220000,31000,60,20,0.8075,7121.1
CRUISE,220000,31000,70,-20,0.8113,6937.6
CRUISE,220000,31000,70,-15,0.8113,6973
CRUISE,220000,31000,70,-10,0.8113,7008.4
CRUISE,220000,31000,70,-5,0.8113,7043.8
CRUISE,220000,31000,70,0,0.8113,7079.2
CRUISE,220000,31000,70,5,0.8113,7114.6
CRUISE,220000,31000,70,10,0.8113,7150
CRUISE,220000,31000,70,15,0.8113,7185.4
CRUISE,220000,31000,70,20,0.8113,7220.8
CRUISE,220000,31000,80,-20,0.815,7034.3
CRUISE,220000,31000,80,-15,0.815,7070.2
CRUISE,220000,31000,80,-10,0.815,7106
CRUISE,220000,31000,80,-5,0.815,7141.9
CRUISE,220000,31000,80,0,0.815,7177.8
CRUISE,220000,31000,80,5,0.815,7213.7
CRUISE,220000,31000,80,10,0.815,7249.6
CRUISE,220000,31000,80,15,0.815,7285.5
CRUISE,220000,31000,80,20,0.815,7321.4
CRUISE,220000,31000,90,-20,0.8187,7131.8
CRUISE,220000,31000,90,-15,0.8187,7168.2
CRUISE,220000,31000,90,-10,0.8187,7204.6
CRUISE,220000,31000,90,-5,0.8187,7241
CRUISE,220000,31000,90,0,0.8187,7277.4
CRUISE,220000,31000,90,5,0.8187,7313.7
CRUISE,220000,31000,90,10,0.8187,7350.1
CRUISE,220000,31000,90,15,0.8187,7386.5
CRUISE,220000,31000,90,20,0.8187,7422.9
CRUISE,220000,31000,100,-20,0.8225,7230.3
CRUISE,220000,31000,100,-15,0.8225,7267.1
CRUISE,220000,31000,100,-10,0.8225,7304
CRUISE,220000,31000,100,-5,0.8225,7340.9
CRUISE,220000,31000,100,0,0.8225,7377.8
CRUISE,220000,31000,100,5,0.8225,7414.7
CRUISE,220000,31000,100,10,0.8225,7451.6
CRUISE,220000,31000,100,15,0.8225,7488.5
CRUISE,220000,31000,100,20,0.8225,7525.4
CRUISE,220000,31000,110,-20,0.8263,7329.6
CRUISE,220000,31000,110,-15,0.8263,7367
CRUISE,220000,31000,110,-10,0.8263,7404.4
CRUISE,220000,31000,110,-5,0.8263,7441.8
CRUISE,220000,31000,110,0,0.8263,7479.2
CRUISE,220000,31000,110,5,0.8263,7516.6
CRUISE,220000,31000,110,10,0.8263,7554
CRUISE,220000,31000,110,15,0.8263,7591.4
CRUISE,220000,31000,110,20,0.8263,7628.8
CRUISE,220000,31000,120,-20,0.83,7429.9
CRUISE,220000,31000,120,-15,0.83,7467.8
CRUISE,220000,31000,120,-10,0.83,7505.7
CRUISE,220000,31000,120,-5,0.83,7543.6
CRUISE,220000,31000,120,0,0.83,7581.5
CRUISE,220000,31000,120,5,0.83,7619.4
CRUISE,220000,31000,120,10,0.83,7657.3
CRUISE,220000,31000,120,15,0.83,7695.2
CRUISE,220000,31000,120,20,0.83,7733.1
CRUISE,220000,31000,130,-20,0.8337,7531
CRUISE,220000,31000,130,-15,0.8337,7569.4
CRUISE,220000,31000,130,-10,0.8337,7607.9
CRUISE,220000,31000,130,-5,0.8337,7646.3
CRUISE,220000,31000,130,0,0.8337,7684.7
CRUISE,220000,31000,130,5,0.8337,7723.1
CRUISE,220000,31000,130,10,0.8337,7761.6
CRUISE,220000,31000,130,15,0.8337,7800
CRUISE,220000,31000,130,20,0.8337,7838.4
CRUISE,220000,31000,140,-20,0.8375,7633.1
CRUISE,220000,31000,140,-15,0.8375,7672
CRUISE,220000,31000,140,-10,0.8375,7711
CRUISE,220000,31000,140,-5,0.8375,7749.9
CRUISE,220000,31000,140,0,0.8375,7788.9
CRUISE,220000,31000,140,5,0.8375,7827.8
CRUISE,220000,31000,140,10,0.8375,7866.8
CRUISE,220000,31000,140,15,0.8375,7905.7
CRUISE,220000,31000,140,20,0.8375,7944.6
CRUISE,220000,31000,150,-20,0.8413,7736.1
CRUISE,220000,31000,150,-15,0.8413,7775.6
CRUISE,220000,31000,150,-10,0.8413,7815
CRUISE,220000,31000,150,-5,0.8413,7854.5
CRUISE,220000,31000,150,0,0.8413,7894
CRUISE,220000,31000,150,5,0.8413,7933.4
CRUISE,220000,31000,150,10,0.8413,7972.9
CRUISE,220000,31000,150,15,0.8413,8012.4
CRUISE,220000,31000,150,20,0.8413,8051.8
CRUISE,220000,31000,160,-20,0.845,7840
CRUISE,220000,31000,160,-15,0.845,7880
CRUISE,220000,31000,160,-10,0.845,7920
CRUISE,220000,31000,160,-5,0.845,7960
CRUISE,220000,31000,160,0,0.845,8000
CRUISE,220000,31000,160,5,0.845,8040
CRUISE,220000,31000,160,10,0.845,8080
CRUISE,220000,31000,160,15,0.845,8120
CRUISE,220000,31000,160,20,0.845,8160
CRUISE,220000,31000,170,-20,0.8488,7944.8
CRUISE,220000,31000,170,-15,0.8488,7985.4
CRUISE,220000,31000,170,-10,0.8488,8025.9
CRUISE,220000,31000,170,-5,0.8488,8066.4
CRUISE,220000,31000,170,0,0.8488,8107
CRUISE,220000,31000,170,5,0.8488,8147.5
CRUISE,220000,31000,170,10,0.8488,8188.1
CRUISE,220000,31000,170,15,0.8488,8228.6
CRUISE,220000,31000,170,20,0.8488,8269.1
CRUISE,220000,31000,180,-20,0.8525,8050.6
CRUISE,220000,31000,180,-15,0.8525,8091.7
CRUISE,220000,31000,180,-10,0.8525,8132.8
CRUISE,220000,31000,180,-5,0.8525,8173.8
CRUISE,220000,31000,180,0,0.8525,8214.9
CRUISE,220000,31000,180,5,0.8525,8256
CRUISE,220000,31000,180,10,0.8525,8297.1
CRUISE,220000,31000,180,15,0.8525,8338.1
CRUISE,220000,31000,180,20,0.8525,8379.2
CRUISE,220000,31000,190,-20,0.8562,8157.3
CRUISE,220000,31000,190,-15,0.8562,8198.9
CRUISE,220000,31000,190,-10,0.8562,8240.6
CRUISE,220000,31000,190,-5,0.8562,8282.2
CRUISE,220000,31000,190,0,0.8562,8323.8
CRUISE,220000,31000,190,5,0.8562,8365.4
CRUISE,220000,31000,190,10,0.8562,8407
CRUISE,220000,31000,190,15,0.8562,8448.7
CRUISE,220000,31000,190,20,0.8562,8490.3
CRUISE,220000,31000,200,-20,0.86,8265
CRUISE,220000,31000,200,-15,0.86,8307.1
CRUISE,220000,31000,200,-10,0.86,8349.3
CRUISE,220000,31000,200,-5,0.86,8391.5
CRUISE,220000,31000,200,0,0.86,8433.6
CRUISE,220000,31000,200,5,0.86,8475.8
CRUISE,220000,31000,200,10,0.86,8518
CRUISE,220000,31000,200,15,0.86,8560.2
CRUISE,220000,31000,200,20,0.86,8602.3
CRUISE,220000,33000,0,-20,0.815,6293.6
CRUISE,220000,33000,0,-15,0.815,6325.7
CRUISE,220000,33000,0,-10,0.815,6357.8
CRUISE,220000,33000,0,-5,0.815,6389.9
CRUISE,220000,33000,0,0,0.815,6422
CRUISE,220000,33000,0,5,0.815,6454.1
CRUISE,220000,33000,0,10,0.815,6486.2
CRUISE,220000,33000,0,15,0.815,6518.3
CRUISE,220000,33000,0,20,0.815,6550.4
CRUISE,220000,33000,10,-20,0.8172,6345.8
CRUISE,220000,33000,10,-15,0.8172,6378.2
CRUISE,220000,33000,10,-10,0.8172,6410.6
CRUISE,220000,33000,10,-5,0.8172,6443
CRUISE,220000,33000,10,0,0.8172,6475.3
CRUISE,220000,33000,10,5,0.8172,6507.7
CRUISE,220000,33000,10,10,0.8172,6540.1
CRUISE,220000,33000,10,15,0.8172,6572.5
CRUISE,220000,33000,10,20,0.8172,6604.8
CRUISE,220000,33000,20,-20,0.8195,6398.4
CRUISE,220000,33000,20,-15,0.8195,6431
CRUISE,220000,33000,20,-10,0.8195,6463.7
CRUISE,220000,33000,20,-5,0.8195,6496.3
CRUISE,220000,33000,20,0,0.8195,6529
CRUISE,220000,33000,20,5,0.8195,6561.6
CRUISE,220000,33000,20,10,0.8195,6594.3
CRUISE,220000,33000,20,15,0.8195,6626.9
CRUISE,220000,33000,20,20,0.8195,6659.5
CRUISE,220000,33000,30,-20,0.8217,6451.2
CRUISE,220000,33000,30,-15,0.8217,6484.1
CRUISE,220000,33000,30,-10,0.8217,6517.1
CRUISE,220000,33000,30,-5,0.8217,6550
CRUISE,220000,33000,30,0,0.8217,6582.9
CRUISE,220000,33000,30,5,0.8217,6615.8
CRUISE,220000,33000,30,10,0.8217,6648.7
CRUISE,220000,33000,30,15,0.8217,6681.6
CRUISE,220000,33000,30,20,0.8217,6714.5
CRUISE,220000,33000,40,-20,0.824,6504.4
CRUISE,220000,33000,40,-15,0.824,6537.6
CRUISE,220000,33000,40,-10,0.824,6570.7
CRUISE,220000,33000,40,-5,0.824,6603.9
CRUISE,220000,33000,40,0,0.824,6637.1
CRUISE,220000,33000,40,5,0.824,6670.3
CRUISE,220000,33000,40,10,0.824,6703.5
CRUISE,220000,33000,40,15,0.824,6736.7
CRUISE,220000,33000,40,20,0.824,6769.9
CRUISE,220000,33000,50,-20,0.8262,6557.8
CRUISE,220000,33000,50,-15,0.8262,6591.3
CRUISE,220000,33000,50,-10,0.8262,6624.7
CRUISE,220000,33000,50,-5,0.8262,6658.2
CRUISE,220000,33000,50,0,0.8262,6691.6
CRUISE,220000,33000,50,5,0.8262,6725.1
CRUISE,220000,33000,50,10,0.8262,6758.5
CRUISE,220000,33000,50,15,0.8262,6792
CRUISE,220000,33000,50,20,0.8262,6825.5
CRUISE,220000,33000,60,-20,0.8285,6611.5
CRUISE,220000,33000,60,-15,0.8285,6645.2
CRUISE,220000,33000,60,-10,0.8285,6679
CRUISE,220000,33000,60,-5,0.8285,6712.7
CRUISE,220000,33000,60,0,0.8285,6746.4
CRUISE,220000,33000,60,5,0.8285,6780.2
CRUISE,220000,33000,60,10,0.8285,6813.9
CRUISE,220000,33000,60,15,0.8285,6847.6
CRUISE,220000,33000,60,20,0.8285,6881.4
CRUISE,220000,33000,70,-20,0.8307,6665.5
CRUISE,220000,33000,70,-15,0.8307,6699.5
CRUISE,220000,33000,70,-10,0.8307,6733.5
CRUISE,220000,33000,70,-5,0.8307,6767.6
CRUISE,220000,33000,70,0,0.8307,6801.6
CRUISE,220000,33000,70,5,0.8307,6835.6
CRUISE,220000,33000,70,10,0.8307,6869.6
CRUISE,220000,33000,70,15,0.8307,6903.6
CRUISE,220000,33000,70,20,0.8307,6937.6
CRUISE,220000,33000,80,-20,0.833,6719.8
CRUISE,220000,33000,80,-15,0.833,6754.1
CRUISE,220000,33000,80,-10,0.833,6788.4
CRUISE,220000,33000,80,-5,0.833,6822.7
CRUISE,220000,33000,80,0,0.833,6857
CRUISE,220000,33000,80,5,0.833,6891.3
CRUISE,220000,33000,80,10,0.833,6925.5
CRUISE,220000,33000,80,15,0.833,6959.8
CRUISE,220000,33000,80,20,0.833,6994.1
CRUISE,220000,33000,90,-20,0.8352,6774.4
CRUISE,220000,33000,90,-15,0.8352,6809
CRUISE,220000,33000,90,-10,0.8352,6843.6
CRUISE,220000,33000,90,-5,0.8352,6878.1
CRUISE,220000,33000,90,0,0.8352,6912.7
CRUISE,220000,33000,90,5,0.8352,6947.3
CRUISE,220000,33000,90,10,0.8352,6981.8
CRUISE,220000,33000,90,15,0.8352,7016.4
CRUISE,220000,33000,90,20,0.8352,7050.9
CRUISE,220000,33000,100,-20,0.8375,6829.3
CRUISE,220000,33000,100,-15,0.8375,6864.2
CRUISE,220000,33000,100,-10,0.8375,6899
CRUISE,220000,33000,100,-5,0.8375,6933.9
CRUISE,220000,33000,100,0,0.8375,6968.7
CRUISE,220000,33000,100,5,0.8375,7003.5
CRUISE,220000,33000,100,10,0.8375,7038.4
CRUISE,220000,33000,100,15,0.8375,7073.2
CRUISE,220000,33000,100,20,0.8375,7108.1
CRUISE,220000,33000,110,-20,0.8397,6884.5
CRUISE,220000,33000,110,-15,0.8397,6919.6
CRUISE,220000,33000,110,-10,0.8397,6954.8
CRUISE,220000,33000,110,-5,0.8397,6989.9
CRUISE,220000,33000,110,0,0.8397,7025
CRUISE,220000,33000,110,5,0.8397,7060.1
CRUISE,220000,33000,110,10,0.8397,7095.3
CRUISE,220000,33000,110,15,0.8397,7130.4
CRUISE,220000,33000,110,20,0.8397,7165.5
CRUISE,220000,33000,120,-20,0.842,6940
CRUISE,220000,33000,120,-15,0.842,6975.4
CRUISE,220000,33000,120,-10,0.842,7010.8
CRUISE,220000,33000,120,-5,0.842,7046.2
CRUISE,220000,33000,120,0,0.842,7081.6
CRUISE,220000,33000,120,5,0.842,7117
CRUISE,220000,33000,120,10,0.842,7152.5
CRUISE,220000,33000,120,15,0.842,7187.9
CRUISE,220000,33000,120,20,0.842,7223.3
CRUISE,220000,33000,130,-20,0.8442,6995.8
CRUISE,220000,33000,130,-15,0.8442,7031.5
CRUISE,220000,33000,130,-10,0.8442,7067.2
CRUISE,220000,33000,130,-5,0.8442,7102.9
CRUISE,220000,33000,130,0,0.8442,7138.6
CRUISE,220000,33000,130,5,0.8442,7174.3
CRUISE,220000,33000,130,10,0.8442,7209.9
CRUISE,220000,33000,130,15,0.8442,7245.6
CRUISE,220000,33000,130,20,0.8442,7281.3
CRUISE,220000,33000,140,-20,0.8465,7051.9
CRUISE,220000,33000,140,-15,0.8465,7087.9
CRUISE,220000,33000,140,-10,0.8465,7123.8
CRUISE,220000,33000,140,-5,0.8465,7159.8
CRUISE,220000,33000,140,0,0.8465,7195.8
CRUISE,220000,33000,140,5,0.8465,7231.8
CRUISE,220000,33000,140,10,0.8465,7267.7
CRUISE,220000,33000,140,15,0.8465,7303.7
CRUISE,220000,33000,140,20,0.8465,7339.7
CRUISE,220000,33000,150,-20,0.8488,7108.3
CRUISE,220000,33000,150,-15,0.8488,7144.5
CRUISE,220000,33000,150,-10,0.8488,7180.8
CRUISE,220000,33000,150,-5,0.8488,7217.1
CRUISE,220000,33000,150,0,0.8488,7253.3
CRUISE,220000,33000,150,5,0.8488,7289.6
CRUISE,220000,33000,150,10,0.8488,7325.9
CRUISE,220000,33000,150,15,0.8488,7362.1
CRUISE,220000,33000,150,20,0.8488,7398.4
CRUISE,220000,33000,160,-20,0.851,7164.9
CRUISE,220000,33000,160,-15,0.851,7201.5
CRUISE,220000,33000,160,-10,0.851,7238
CRUISE,220000,33000,160,-5,0.851,7274.6
CRUISE,220000,33000,160,0,0.851,7311.2
CRUISE,220000,33000,160,5,0.851,7347.7
CRUISE,220000,33000,160,10,0.851,7384.3
CRUISE,220000,33000,160,15,0.851,7420.8
CRUISE,220000,33000,160,20,0.851,7457.4
CRUISE,220000,33000,170,-20,0.8532,7221.9
CRUISE,220000,33000,170,-15,0.8532,7258.8
CRUISE,220000,33000,170,-10,0.8532,7295.6
CRUISE,220000,33000,170,-5,0.8532,7332.5
CRUISE,220000,33000,170,0,0.8532,7369.3
CRUISE,220000,33000,170,5,0.8532,7406.1
CRUISE,220000,33000,170,10,0.8532,7443
CRUISE,220000,33000,170,15,0.8532,7479.8
CRUISE,220000,33000,170,20,0.8532,7516.7
CRUISE,220000,33000,180,-20,0.8555,7279.2
CRUISE,220000,33000,180,-15,0.8555,7316.3
CRUISE,220000,33000,180,-10,0.8555,7353.5
CRUISE,220000,33000,180,-5,0.8555,7390.6
CRUISE,220000,33000,180,0,0.8555,7427.8
CRUISE,220000,33000,180,5,0.8555,7464.9
CRUISE,220000,33000,180,10,0.8555,7502
CRUISE,220000,33000,180,15,0.8555,7539.2
CRUISE,220000,33000,180,20,0.8555,7576.3
CRUISE,220000,33000,190,-20,0.8578,7336.8
CRUISE,220000,33000,190,-15,0.8578,7374.2
CRUISE,220000,33000,190,-10,0.8578,7411.6
CRUISE,220000,33000,190,-5,0.8578,7449.1
CRUISE,220000,33000,190,0,0.8578,7486.5
CRUISE,220000,33000,190,5,0.8578,7523.9
CRUISE,220000,33000,190,10,0.8578,7561.4
CRUISE,220000,33000,190,15,0.8578,7598.8
CRUISE,220000,33000,190,20,0.8578,7636.2
CRUISE,220000,33000,200,-20,0.86,7394.7
CRUISE,220000,33000,200,-15,0.86,7432.4
CRUISE,220000,33000,200,-10,0.86,7470.1
CRUISE,220000,33000,200,-5,0.86,7507.9
CRUISE,220000,33000,200,0,0.86,7545.6
CRUISE,220000,33000,200,5,0.86,7583.3
CRUISE,220000,33000,200,10,0.86,7621
CRUISE,220000,33000,200,15,0.86,7658.8
CRUISE,220000,33000,200,20,0.86,7696.5
CRUISE,220000,35000,0,-20,0.832,6203.4
CRUISE,220000,35000,0,-15,0.832,6235.1
CRUISE,220000,35000,0,-10,0.832,6266.7
CRUISE,220000,35000,0,-5,0.832,6298.4
CRUISE,220000,35000,0,0,0.832,6330
CRUISE,220000,35000,0,5,0.832,6361.6
CRUISE,220000,35000,0,10,0.832,6393.3
CRUISE,220000,35000,0,15,0.832,6424.9
CRUISE,220000,35000,0,20,0.832,6456.6
CRUISE,220000,35000,10,-20,0.8334,6234.8
CRUISE,220000,35000,10,-15,0.8334,6266.6
CRUISE,220000,35000,10,-10,0.8334,6298.4
CRUISE,220000,35000,10,-5,0.8334,6330.2
CRUISE,220000,35000,10,0,0.8334,6362
CRUISE,220000,35000,10,5,0.8334,6393.8
CRUISE,220000,35000,10,10,0.8334,6425.6
CRUISE,220000,35000,10,15,0.8334,6457.4
CRUISE,220000,35000,10,20,0.8334,6489.2
CRUISE,220000,35000,20,-20,0.8348,6266.2
CRUISE,220000,35000,20,-15,0.8348,6298.2
CRUISE,220000,35000,20,-10,0.8348,6330.2
CRUISE,220000,35000,20,-5,0.8348,6362.2
CRUISE,220000,35000,20,0,0.8348,6394.1
CRUISE,220000,35000,20,5,0.8348,6426.1
CRUISE,220000,35000,20,10,0.8348,6458.1
CRUISE,220000,35000,20,15,0.8348,6490
CRUISE,220000,35000,20,20,0.8348,6522
CRUISE,220000,35000,30,-20,0.8362,6297.8
CRUISE,220000,35000,30,-15,0.8362,6330
CRUISE,220000,35000,30,-10,0.8362,6362.1
CRUISE,220000,35000,30,-5,0.8362,6394.2
CRUISE,220000,35000,30,0,0.8362,6426.3
CRUISE,220000,35000,30,5,0.8362,6458.5
CRUISE,220000,35000,30,10,0.8362,6490.6
CRUISE,220000,35000,30,15,0.8362,6522.7
CRUISE,220000,35000,30,20,0.8362,6554.9
CRUISE,220000,35000,40,-20,0.8376,6329.5
CRUISE,220000,35000,40,-15,0.8376,6361.8
CRUISE,220000,35000,40,-10,0.8376,6394.1
CRUISE,220000,35000,40,-5,0.8376,6426.4
CRUISE,220000,35000,40,0,0.8376,6458.7
CRUISE,220000,35000,40,5,0.8376,6491
CRUISE,220000,35000,40,10,0.8376,6523.3
CRUISE,220000,35000,40,15,0.8376,6555.6
CRUISE,220000,35000,40,20,0.8376,6587.9
CRUISE,220000,35000,50,-20,0.839,6361.3
CRUISE,220000,35000,50,-15,0.839,6393.8
CRUISE,220000,35000,50,-10,0.839,6426.2
CRUISE,220000,35000,50,-5,0.839,6458.7
CRUISE,220000,35000,50,0,0.839,6491.1
CRUISE,220000,35000,50,5,0.839,6523.6
CRUISE,220000,35000,50,10,0.839,6556
CRUISE,220000,35000,50,15,0.839,6588.5
CRUISE,220000,35000,50,20,0.839,6620.9
CRUISE,220000,35000,60,-20,0.8404,6393.2
CRUISE,220000,35000,60,-15,0.8404,6425.8
CRUISE,220000,35000,60,-10,0.8404,6458.4
CRUISE,220000,35000,60,-5,0.8404,6491
CRUISE,220000,35000,60,0,0.8404,6523.7
CRUISE,220000,35000,60,5,0.8404,6556.3
CRUISE,220000,35000,60,10,0.8404,6588.9
CRUISE,220000,35000,60,15,0.8404,6621.5
CRUISE,220000,35000,60,20,0.8404,6654.1
CRUISE,220000,35000,70,-20,0.8418,6425.2
CRUISE,220000,35000,70,-15,0.8418,6458
CRUISE,220000,35000,70,-10,0.8418,6490.8
CRUISE,220000,35000,70,-5,0.8418,6523.5
CRUISE,220000,35000,70,0,0.8418,6556.3
CRUISE,220000,35000,70,5,0.8418,6589.1
CRUISE,220000,35000,70,10,0.8418,6621.9
CRUISE,220000,35000,70,15,0.8418,6654.7
CRUISE,220000,35000,70,20,0.8418,6687.5
CRUISE,220000,35000,80,-20,0.8432,6457.3
CRUISE,220000,35000,80,-15,0.8432,6490.3
CRUISE,220000,35000,80,-10,0.8432,6523.2
CRUISE,220000,35000,80,-5,0.8432,6556.1
CRUISE,220000,35000,80,0,0.8432,6589.1
CRUISE,220000,35000,80,5,0.8432,6622
CRUISE,220000,35000,80,10,0.8432,6655
CRUISE,220000,35000,80,15,0.8432,6687.9
CRUISE,220000,35000,80,20,0.8432,6720.9
CRUISE,220000,35000,90,-20,0.8446,6489.5
CRUISE,220000,35000,90,-15,0.8446,6522.6
CRUISE,220000,35000,90,-10,0.8446,6555.7
CRUISE,220000,35000,90,-5,0.8446,6588.9
CRUISE,220000,35000,90,0,0.8446,6622
CRUISE,220000,35000,90,5,0.8446,6655.1
CRUISE,220000,35000,90,10,0.8446,6688.2
CRUISE,220000,35000,90,15,0.8446,6721.3
CRUISE,220000,35000,90,20,0.8446,6754.4
CRUISE,220000,35000,100,-20,0.846,6521.9
CRUISE,220000,35000,100,-15,0.846,6555.1
CRUISE,220000,35000,100,-10,0.846,6588.4
CRUISE,220000,35000,100,-5,0.846,6621.7
CRUISE,220000,35000,100,0,0.846,6655
CRUISE,220000,35000,100,5,0.846,6688.2
CRUISE,220000,35000,100,10,0.846,6721.5
CRUISE,220000,35000,100,15,0.846,6754.8
CRUISE,220000,35000,100,20,0.846,6788
CRUISE,220000,35000,110,-20,0.8474,6554.3
CRUISE,220000,35000,110,-15,0.8474,6587.7
CRUISE,220000,35000,110,-10,0.8474,6621.2
CRUISE,220000,35000,110,-5,0.8474,6654.6
CRUISE,220000,35000,110,0,0.8474,6688
CRUISE,220000,35000,110,5,0.8474,6721.5
CRUISE,220000,35000,110,10,0.8474,6754.9
CRUISE,220000,35000,110,15,0.8474,6788.4
CRUISE,220000,35000,110,20,0.8474,6821.8
CRUISE,220000,35000,120,-20,0.8488,6586.8
CRUISE,220000,35000,120,-15,0.8488,6620.4
CRUISE,220000,35000,120,-10,0.8488,6654
CRUISE,220000,35000,120,-5,0.8488,6687.6
CRUISE,220000,35000,120,0,0.8488,6721.2
CRUISE,220000,35000,120,5,0.8488,6754.9
CRUISE,220000,35000,120,10,0.8488,6788.5
CRUISE,220000,35000,120,15,0.8488,6822.1
CRUISE,220000,35000,120,20,0.8488,6855.7
CRUISE,220000,35000,130,-20,0.8502,6619.5
CRUISE,220000,35000,130,-15,0.8502,6653.2
CRUISE,220000,35000,130,-10,0.8502,6687
CRUISE,220000,35000,130,-5,0.8502,6720.8
CRUISE,220000,35000,130,0,0.8502,6754.6
CRUISE,220000,35000,130,5,0.8502,6788.3
CRUISE,220000,35000,130,10,0.8502,6822.1
CRUISE,220000,35000,130,15,0.8502,6855.9
CRUISE,220000,35000,130,20,0.8502,6889.7
CRUISE,220000,35000,140,-20,0.8516,6652.2
CRUISE,220000,35000,140,-15,0.8516,6686.2
CRUISE,220000,35000,140,-10,0.8516,6720.1
CRUISE,220000,35000,140,-5,0.8516,6754
CRUISE,220000,35000,140,0,0.8516,6788
CRUISE,220000,35000,140,5,0.8516,6821.9
CRUISE,220000,35000,140,10,0.8516,6855.9
CRUISE,220000,35000,140,15,0.8516,6889.8
CRUISE,220000,35000,140,20,0.8516,6923.7
CRUISE,220000,35000,150,-20,0.853,6685.1
CRUISE,220000,35000,150,-15,0.853,6719.2
CRUISE,220000,35000,150,-10,0.853,6753.3
CRUISE,220000,35000,150,-5,0.853,6787.4
CRUISE,220000,35000,150,0,0.853,6821.5
CRUISE,220000,35000,150,5,0.853,6855.6
CRUISE,220000,35000,150,10,0.853,6889.7
CRUISE,220000,35000,150,15,0.853,6923.8
CRUISE,220000,35000,150,20,0.853,6957.9
CRUISE,220000,35000,160,-20,0.8544,6718.1
CRUISE,220000,35000,160,-15,0.8544,6752.3
CRUISE,220000,35000,160,-10,0.8544,6786.6
CRUISE,220000,35000,160,-5,0.8544,6820.9
CRUISE,220000,35000,160,0,0.8544,6855.2
CRUISE,220000,35000,160,5,0.8544,6889.4
CRUISE,220000,35000,160,10,0.8544,6923.7
CRUISE,220000,35000,160,15,0.8544,6958
CRUISE,220000,35000,160,20,0.8544,6992.3
CRUISE,220000,35000,170,-20,0.8558,6751.1
CRUISE,220000,35000,170,-15,0.8558,6785.6
CRUISE,220000,35000,170,-10,0.8558,6820
CRUISE,220000,35000,170,-5,0.8558,6854.5
CRUISE,220000,35000,170,0,0.8558,6888.9
CRUISE,220000,35000,170,5,0.8558,6923.4
CRUISE,220000,35000,170,10,0.8558,6957.8
CRUISE,220000,35000,170,15,0.8558,6992.2
CRUISE,220000,35000,170,20,0.8558,7026.7
CRUISE,220000,35000,180,-20,0.8572,6784.3
CRUISE,220000,35000,180,-15,0.8572,6818.9
CRUISE,220000,35000,180,-10,0.8572,6853.5
CRUISE,220000,35000,180,-5,0.8572,6888.2
CRUISE,220000,35000,180,0,0.8572,6922.8
CRUISE,220000,35000,180,5,0.8572,6957.4
CRUISE,220000,35000,180,10,0.8572,6992
CRUISE,220000,35000,180,15,0.8572,7026.6
CRUISE,220000,35000,180,20,0.8572,7061.2
CRUISE,220000,35000,190,-20,0.8586,6817.6
CRUISE,220000,35000,190,-15,0.8586,6852.4
CRUISE,220000,35000,190,-10,0.8586,6887.2
CRUISE,220000,35000,190,-5,0.8586,6922
CRUISE,220000,35000,190,0,0.8586,6956.7
CRUISE,220000,35000,190,5,0.8586,6991.5
CRUISE,220000,35000,190,10,0.8586,7026.3
CRUISE,220000,35000,190,15,0.8586,7061.1
CRUISE,220000,35000,190,20,0.8586,7095.9
CRUISE,220000,35000,200,-20,0.86,6851
CRUISE,220000,35000,200,-15,0.86,6886
CRUISE,220000,35000,200,-10,0.86,6920.9
CRUISE,220000,35000,200,-5,0.86,6955.9
CRUISE,220000,35000,200,0,0.86,6990.8
CRUISE,220000,35000,200,5,0.86,7025.8
CRUISE,220000,35000,200,10,0.86,7060.7
CRUISE,220000,35000,200,15,0.86,7095.7
CRUISE,220000,35000,200,20,0.86,7130.7
CRUISE,220000,37000,0,-20,0.84,6134.8
CRUISE,220000,37000,0,-15,0.84,6166.1
CRUISE,220000,37000,0,-10,0.84,6197.4
CRUISE,220000,37000,0,-5,0.84,6228.7
CRUISE,220000,37000,0,0,0.84,6260
CRUISE,220000,37000,0,5,0.84,6291.3
CRUISE,220000,37000,0,10,0.84,6322.6
CRUISE,220000,37000,0,15,0.84,6353.9
CRUISE,220000,37000,0,20,0.84,6385.2
CRUISE,220000,37000,10,-20,0.841,6156.7
CRUISE,220000,37000,10,-15,0.841,6188.1
CRUISE,220000,37000,10,-10,0.841,6219.6
CRUISE,220000,37000,10,-5,0.841,6251
CRUISE,220000,37000,10,0,0.841,6282.4
CRUISE,220000,37000,10,5,0.841,6313.8
CRUISE,220000,37000,10,10,0.841,6345.2
CRUISE,220000,37000,10,15,0.841,6376.6
CRUISE,220000,37000,10,20,0.841,6408
CRUISE,220000,37000,20,-20,0.842,6178.7
CRUISE,220000,37000,20,-15,0.842,6210.2
CRUISE,220000,37000,20,-10,0.842,6241.8
CRUISE,220000,37000,20,-5,0.842,6273.3
CRUISE,220000,37000,20,0,0.842,6304.8
CRUISE,220000,37000,20,5,0.842,6336.3
CRUISE,220000,37000,20,10,0.842,6367.9
CRUISE,220000,37000,20,15,0.842,6399.4
CRUISE,220000,37000,20,20,0.842,6430.9
CRUISE,220000,37000,30,-20,0.843,6200.8
CRUISE,220000,37000,30,-15,0.843,6232.4
CRUISE,220000,37000,30,-10,0.843,6264
CRUISE,220000,37000,30,-5,0.843,6295.7
CRUISE,220000,37000,30,0,0.843,6327.3
CRUISE,220000,37000,30,5,0.843,6358.9
CRUISE,220000,37000,30,10,0.843,6390.6
CRUISE,220000,37000,30,15,0.843,6422.2
CRUISE,220000,37000,30,20,0.843,6453.9
CRUISE,220000,37000,40,-20,0.844,6222.9
CRUISE,220000,37000,40,-15,0.844,6254.6
CRUISE,220000,37000,40,-10,0.844,6286.4
CRUISE,220000,37000,40,-5,0.844,6318.1
CRUISE,220000,37000,40,0,0.844,6349.9
CRUISE,220000,37000,40,5,0.844,6381.6
CRUISE,220000,37000,40,10,0.844,6413.4
CRUISE,220000,37000,40,15,0.844,6445.1
CRUISE,220000,37000,40,20,0.844,6476.9
CRUISE,220000,37000,50,-20,0.845,6245
CRUISE,220000,37000,50,-15,0.845,6276.9
CRUISE,220000,37000,50,-10,0.845,6308.7
CRUISE,220000,37000,50,-5,0.845,6340.6
CRUISE,220000,37000,50,0,0.845,6372.5
CRUISE,220000,37000,50,5,0.845,6404.3
CRUISE,220000,37000,50,10,0.845,6436.2
CRUISE,220000,37000,50,15,0.845,6468
CRUISE,220000,37000,50,20,0.845,6499.9
CRUISE,220000,37000,60,-20,0.846,6267.2
CRUISE,220000,37000,60,-15,0.846,6299.2
CRUISE,220000,37000,60,-10,0.846,6331.2
CRUISE,220000,37000,60,-5,0.846,6363.1
CRUISE,220000,37000,60,0,0.846,6395.1
CRUISE,220000,37000,60,5,0.846,6427.1
CRUISE,220000,37000,60,10,0.846,6459.1
CRUISE,220000,37000,60,15,0.846,6491
CRUISE,220000,37000,60,20,0.846,6523
CRUISE,220000,37000,70,-20,0.847,6289.5
CRUISE,220000,37000,70,-15,0.847,6321.5
CRUISE,220000,37000,70,-10,0.847,6353.6
CRUISE,220000,37000,70,-5,0.847,6385.7
CRUISE,220000,37000,70,0,0.847,6417.8
CRUISE,220000,37000,70,5,0.847,6449.9
CRUISE,220000,37000,70,10,0.847,6482
CRUISE,220000,37000,70,15,0.847,6514.1
CRUISE,220000,37000,70,20,0.847,6546.2
CRUISE,220000,37000,80,-20,0.848,6311.8
CRUISE,220000,37000,80,-15,0.848,6344
CRUISE,220000,37000,80,-10,0.848,6376.2
CRUISE,220000,37000,80,-5,0.848,6408.4
CRUISE,220000,37000,80,0,0.848,6440.6
CRUISE,220000,37000,80,5,0.848,6472.8
CRUISE,220000,37000,80,10,0.848,6505
CRUISE,220000,37000,80,15,0.848,6537.2
CRUISE,220000,37000,80,20,0.848,6569.4
CRUISE,220000,37000,90,-20,0.849,6334.1
CRUISE,220000,37000,90,-15,0.849,6366.4
CRUISE,220000,37000,90,-10,0.849,6398.7
CRUISE,220000,37000,90,-5,0.849,6431.1
CRUISE,220000,37000,90,0,0.849,6463.4
CRUISE,220000,37000,90,5,0.849,6495.7
CRUISE,220000,37000,90,10,0.849,6528
CRUISE,220000,37000,90,15,0.849,6560.3
CRUISE,220000,37000,90,20,0.849,6592.6
CRUISE,220000,37000,100,-20,0.85,6356.5
CRUISE,220000,37000,100,-15,0.85,6388.9
CRUISE,220000,37000,100,-10,0.85,6421.4
CRUISE,220000,37000,100,-5,0.85,6453.8
CRUISE,220000,37000,100,0,0.85,6486.2
CRUISE,220000,37000,100,5,0.85,6518.7
CRUISE,220000,37000,100,10,0.85,6551.1
CRUISE,220000,37000,100,15,0.85,6583.5
CRUISE,220000,37000,100,20,0.85,6616
CRUISE,220000,37000,110,-20,0.851,6379
CRUISE,220000,37000,110,-15,0.851,6411.5
CRUISE,220000,37000,110,-10,0.851,6444.1
CRUISE,220000,37000,110,-5,0.851,6476.6
CRUISE,220000,37000,110,0,0.851,6509.2
CRUISE,220000,37000,110,5,0.851,6541.7
CRUISE,220000,37000,110,10,0.851,6574.3
CRUISE,220000,37000,110,15,0.851,6606.8
CRUISE,220000,37000,110,20,0.851,6639.3
CRUISE,220000,37000,120,-20,0.852,6401.5
CRUISE,220000,37000,120,-15,0.852,6434.2
CRUISE,220000,37000,120,-10,0.852,6466.8
CRUISE,220000,37000,120,-5,0.852,6499.5
CRUISE,220000,37000,120,0,0.852,6532.1
CRUISE,220000,37000,120,5,0.852,6564.8
CRUISE,220000,37000,120,10,0.852,6597.5
CRUISE,220000,37000,120,15,0.852,6630.1
CRUISE,220000,37000,120,20,0.852,6662.8
CRUISE,220000,37000,130,-20,0.853,6424.1
CRUISE,220000,37000,130,-15,0.853,6456.8
CRUISE,220000,37000,130,-10,0.853,6489.6
CRUISE,220000,37000,130,-5,0.853,6522.4
CRUISE,220000,37000,130,0,0.853,6555.2
CRUISE,220000,37000,130,5,0.853,6587.9
CRUISE,220000,37000,130,10,0.853,6620.7
CRUISE,220000,37000,130,15,0.853,6653.5
CRUISE,220000,37000,130,20,0.853,6686.3
CRUISE,220000,37000,140,-20,0.854,6446.7
CRUISE,220000,37000,140,-15,0.854,6479.6
CRUISE,220000,37000,140,-10,0.854,6512.5
CRUISE,220000,37000,140,-5,0.854,6545.4
CRUISE,220000,37000,140,0,0.854,6578.2
CRUISE,220000,37000,140,5,0.854,6611.1
CRUISE,220000,37000,140,10,0.854,6644
CRUISE,220000,37000,140,15,0.854,6676.9
CRUISE,220000,37000,140,20,0.854,6709.8
CRUISE,220000,37000,150,-20,0.855,6469.4
CRUISE,220000,37000,150,-15,0.855,6502.4
CRUISE,220000,37000,150,-10,0.855,6535.4
CRUISE,220000,37000,150,-5,0.855,6568.4
CRUISE,220000,37000,150,0,0.855,6601.4
CRUISE,220000,37000,150,5,0.855,6634.4
CRUISE,220000,37000,150,10,0.855,6667.4
CRUISE,220000,37000,150,15,0.855,6700.4
CRUISE,220000,37000,150,20,0.855,6733.4
CRUISE,220000,37000,160,-20,0.856,6492.1
CRUISE,220000,37000,160,-15,0.856,6525.2
CRUISE,220000,37000,160,-10,0.856,6558.3
CRUISE,220000,37000,160,-5,0.856,6591.4
CRUISE,220000,37000,160,0,0.856,6624.6
CRUISE,220000,37000,160,5,0.856,6657.7
CRUISE,220000,37000,160,10,0.856,6690.8
CRUISE,220000,37000,160,15,0.856,6723.9
CRUISE,220000,37000,160,20,0.856,6757.1
CRUISE,220000,37000,170,-20,0.857,6514.9
CRUISE,220000,37000,170,-15,0.857,6548.1
CRUISE,220000,37000,170,-10,0.857,6581.3
CRUISE,220000,37000,170,-5,0.857,6614.6
CRUISE,220000,37000,170,0,0.857,6647.8
CRUISE,220000,37000,170,5,0.857,6681.1
CRUISE,220000,37000,170,10,0.857,6714.3
CRUISE,220000,37000,170,15,0.857,6747.5
CRUISE,220000,37000,170,20,0.857,6780.8
CRUISE,220000,37000,180,-20,0.858,6537.7
CRUISE,220000,37000,180,-15,0.858,6571
CRUISE,220000,37000,180,-10,0.858,6604.4
CRUISE,220000,37000,180,-5,0.858,6637.8
CRUISE,220000,37000,180,0,0.858,6671.1
CRUISE,220000,37000,180,5,0.858,6704.5
CRUISE,220000,37000,180,10,0.858,6737.8
CRUISE,220000,37000,180,15,0.858,6771.2
CRUISE,220000,37000,180,20,0.858,6804.5
CRUISE,220000,37000,190,-20,0.859,6560.6
CRUISE,220000,37000,190,-15,0.859,6594
CRUISE,220000,37000,190,-10,0.859,6627.5
CRUISE,220000,37000,190,-5,0.859,6661
CRUISE,220000,37000,190,0,0.859,6694.5
CRUISE,220000,37000,190,5,0.859,6727.9
CRUISE,220000,37000,190,10,0.859,6761.4
CRUISE,220000,37000,190,15,0.859,6794.9
CRUISE,220000,37000,190,20,0.859,6828.4
CRUISE,220000,37000,200,-20,0.86,6583.5
CRUISE,220000,37000,200,-15,0.86,6617.1
CRUISE,220000,37000,200,-10,0.86,6650.7
CRUISE,220000,37000,200,-5,0.86,6684.3
CRUISE,220000,37000,200,0,0.86,6717.9
CRUISE,220000,37000,200,5,0.86,6751.5
CRUISE,220000,37000,200,10,0.86,6785.1
CRUISE,220000,37000,200,15,0.86,6818.6
CRUISE,220000,37000,200,20,0.86,6852.2
CRUISE,220000,39000,0,-20,0.838,6138.7
CRUISE,220000,39000,0,-15,0.838,6170
CRUISE,220000,39000,0,-10,0.838,6201.4
CRUISE,220000,39000,0,-5,0.838,6232.7
CRUISE,220000,39000,0,0,0.838,6264
CRUISE,220000,39000,0,5,0.838,6295.3
CRUISE,220000,39000,0,10,0.838,6326.6
CRUISE,220000,39000,0,15,0.838,6358
CRUISE,220000,39000,0,20,0.838,6389.3
CRUISE,220000,39000,10,-20,0.8391,6162.9
CRUISE,220000,39000,10,-15,0.8391,6194.4
CRUISE,220000,39000,10,-10,0.8391,6225.8
CRUISE,220000,39000,10,-5,0.8391,6257.3
CRUISE,220000,39000,10,0,0.8391,6288.7
CRUISE,220000,39000,10,5,0.8391,6320.1
CRUISE,220000,39000,10,10,0.8391,6351.6
CRUISE,220000,39000,10,15,0.8391,6383
CRUISE,220000,39000,10,20,0.8391,6414.5
CRUISE,220000,39000,20,-20,0.8402,6187.2
CRUISE,220000,39000,20,-15,0.8402,6218.8
CRUISE,220000,39000,20,-10,0.8402,6250.3
CRUISE,220000,39000,20,-5,0.8402,6281.9
CRUISE,220000,39000,20,0,0.8402,6313.5
CRUISE,220000,39000,20,5,0.8402,6345
CRUISE,220000,39000,20,10,0.8402,6376.6
CRUISE,220000,39000,20,15,0.8402,6408.2
CRUISE,220000,39000,20,20,0.8402,6439.7
CRUISE,220000,39000,30,-20,0.8413,6211.5
CRUISE,220000,39000,30,-15,0.8413,6243.2
CRUISE,220000,39000,30,-10,0.8413,6274.9
CRUISE,220000,39000,30,-5,0.8413,6306.6
CRUISE,220000,39000,30,0,0.8413,6338.3
CRUISE,220000,39000,30,5,0.8413,6370
CRUISE,220000,39000,30,10,0.8413,6401.7
CRUISE,220000,39000,30,15,0.8413,6433.4
CRUISE,220000,39000,30,20,0.8413,6465.1
CRUISE,220000,39000,40,-20,0.8424,6235.9
CRUISE,220000,39000,40,-15,0.8424,6267.7
CRUISE,220000,39000,40,-10,0.8424,6299.6
CRUISE,220000,39000,40,-5,0.8424,6331.4
CRUISE,220000,39000,40,0,0.8424,6363.2
CRUISE,220000,39000,40,5,0.8424,6395
CRUISE,220000,39000,40,10,0.8424,6426.8
CRUISE,220000,39000,40,15,0.8424,6458.6
CRUISE,220000,39000,40,20,0.8424,6490.5
CRUISE,220000,39000,50,-20,0.8435,6260.4
CRUISE,220000,39000,50,-15,0.8435,6292.3
CRUISE,220000,39000,50,-10,0.8435,6324.3
CRUISE,220000,39000,50,-5,0.8435,6356.2
CRUISE,220000,39000,50,0,0.8435,6388.1
CRUISE,220000,39000,50,5,0.8435,6420.1
CRUISE,220000,39000,50,10,0.8435,6452
CRUISE,220000,39000,50,15,0.8435,6484
CRUISE,220000,39000,50,20,0.8435,6515.9
CRUISE,220000,39000,60,-20,0.8446,6284.9
CRUISE,220000,39000,60,-15,0.8446,6317
CRUISE,220000,39000,60,-10,0.8446,6349
CRUISE,220000,39000,60,-5,0.8446,6381.1
CRUISE,220000,39000,60,0,0.8446,6413.2
CRUISE,220000,39000,60,5,0.8446,6445.2
CRUISE,220000,39000,60,10,0.8446,6477.3
CRUISE,220000,39000,60,15,0.8446,6509.4
CRUISE,220000,39000,60,20,0.8446,6541.4
CRUISE,220000,39000,70,-20,0.8457,6309.5
CRUISE,220000,39000,70,-15,0.8457,6341.7
CRUISE,220000,39000,70,-10,0.8457,6373.9
CRUISE,220000,39000,70,-5,0.8457,6406.1
CRUISE,220000,39000,70,0,0.8457,6438.3
CRUISE,220000,39000,70,5,0.8457,6470.5
CRUISE,220000,39000,70,10,0.8457,6502.6
CRUISE,220000,39000,70,15,0.8457,6534.8
CRUISE,220000,39000,70,20,0.8457,6567
CRUISE,220000,39000,80,-20,0.8468,6334.1
CRUISE,220000,39000,80,-15,0.8468,6366.5
CRUISE,220000,39000,80,-10,0.8468,6398.8
CRUISE,220000,39000,80,-5,0.8468,6431.1
CRUISE,220000,39000,80,0,0.8468,6463.4
CRUISE,220000,39000,80,5,0.8468,6495.7
CRUISE,220000,39000,80,10,0.8468,6528.1
CRUISE,220000,39000,80,15,0.8468,6560.4
CRUISE,220000,39000,80,20,0.8468,6592.7
CRUISE,220000,39000,90,-20,0.8479,6358.9
CRUISE,220000,39000,90,-15,0.8479,6391.3
CRUISE,220000,39000,90,-10,0.8479,6423.8
CRUISE,220000,39000,90,-5,0.8479,6456.2
CRUISE,220000,39000,90,0,0.8479,6488.6
CRUISE,220000,39000,90,5,0.8479,6521.1
CRUISE,220000,39000,90,10,0.8479,6553.5
CRUISE,220000,39000,90,15,0.8479,6586
CRUISE,220000,39000,90,20,0.8479,6618.4
CRUISE,220000,39000,100,-20,0.849,6383.6
CRUISE,220000,39000,100,-15,0.849,6416.2
CRUISE,220000,39000,100,-10,0.849,6448.8
CRUISE,220000,39000,100,-5,0.849,6481.4
CRUISE,220000,39000,100,0,0.849,6513.9
CRUISE,220000,39000,100,5,0.849,6546.5
CRUISE,220000,39000,100,10,0.849,6579.1
CRUISE,220000,39000,100,15,0.849,6611.6
CRUISE,220000,39000,100,20,0.849,6644.2
CRUISE,220000,39000,110,-20,0.8501,6408.5
CRUISE,220000,39000,110,-15,0.8501,6441.2
CRUISE,220000,39000,110,-10,0.8501,6473.9
CRUISE,220000,39000,110,-5,0.8501,6506.6
CRUISE,220000,39000,110,0,0.8501,6539.3
CRUISE,220000,39000,110,5,0.8501,6572
CRUISE,220000,39000,110,10,0.8501,6604.7
CRUISE,220000,39000,110,15,0.8501,6637.4
CRUISE,220000,39000,110,20,0.8501,6670.1
CRUISE,220000,39000,120,-20,0.8512,6433.4
CRUISE,220000,39000,120,-15,0.8512,6466.2
CRUISE,220000,39000,120,-10,0.8512,6499
CRUISE,220000,39000,120,-5,0.8512,6531.9
CRUISE,220000,39000,120,0,0.8512,6564.7
CRUISE,220000,39000,120,5,0.8512,6597.5
CRUISE,220000,39000,120,10,0.8512,6630.3
CRUISE,220000,39000,120,15,0.8512,6663.2
CRUISE,220000,39000,120,20,0.8512,6696
CRUISE,220000,39000,130,-20,0.8523,6458.4
CRUISE,220000,39000,130,-15,0.8523,6491.3
CRUISE,220000,39000,130,-10,0.8523,6524.3
CRUISE,220000,39000,130,-5,0.8523,6557.2
CRUISE,220000,39000,130,0,0.8523,6590.2
CRUISE,220000,39000,130,5,0.8523,6623.1
CRUISE,220000,39000,130,10,0.8523,6656.1
CRUISE,220000,39000,130,15,0.8523,6689
CRUISE,220000,39000,130,20,0.8523,6722
CRUISE,220000,39000,140,-20,0.8534,6483.4
CRUISE,220000,39000,140,-15,0.8534,6516.5
CRUISE,220000,39000,140,-10,0.8534,6549.6
CRUISE,220000,39000,140,-5,0.8534,6582.6
CRUISE,220000,39000,140,0,0.8534,6615.7
CRUISE,220000,39000,140,5,0.8534,6648.8
CRUISE,220000,39000,140,10,0.8534,6681.9
CRUISE,220000,39000,140,15,0.8534,6715
CRUISE,220000,39000,140,20,0.8534,6748
CRUISE,220000,39000,150,-20,0.8545,6508.5
CRUISE,220000,39000,150,-15,0.8545,6541.7
CRUISE,220000,39000,150,-10,0.8545,6574.9
CRUISE,220000,39000,150,-5,0.8545,6608.1
CRUISE,220000,39000,150,0,0.8545,6641.3
CRUISE,220000,39000,150,5,0.8545,6674.5
CRUISE,220000,39000,150,10,0.8545,6707.8
CRUISE,220000,39000,150,15,0.8545,6741
CRUISE,220000,39000,150,20,0.8545,6774.2
CRUISE,220000,39000,160,-20,0.8556,6533.7
CRUISE,220000,39000,160,-15,0.8556,6567
CRUISE,220000,39000,160,-10,0.8556,6600.4
CRUISE,220000,39000,160,-5,0.8556,6633.7
CRUISE,220000,39000,160,0,0.8556,6667
CRUISE,220000,39000,160,5,0.8556,6700.4
CRUISE,220000,39000,160,10,0.8556,6733.7
CRUISE,220000,39000,160,15,0.8556,6767
CRUISE,220000,39000,160,20,0.8556,6800.4
CRUISE,220000,39000,170,-20,0.8567,6558.9
CRUISE,220000,39000,170,-15,0.8567,6592.4
CRUISE,220000,39000,170,-10,0.8567,6625.8
CRUISE,220000,39000,170,-5,0.8567,6659.3
CRUISE,220000,39000,170,0,0.8567,6692.8
CRUISE,220000,39000,170,5,0.8567,6726.2
CRUISE,220000,39000,170,10,0.8567,6759.7
CRUISE,220000,39000,170,15,0.8567,6793.2
CRUISE,220000,39000,170,20,0.8567,6826.6
CRUISE,220000,39000,180,-20,0.8578,6584.2
CRUISE,220000,39000,180,-15,0.8578,6617.8
CRUISE,220000,39000,180,-10,0.8578,6651.4
CRUISE,220000,39000,180,-5,0.8578,6685
CRUISE,220000,39000,180,0,0.8578,6718.6
CRUISE,220000,39000,180,5,0.8578,6752.2
CRUISE,220000,39000,180,10,0.8578,6785.8
CRUISE,220000,39000,180,15,0.8578,6819.4
CRUISE,220000,39000,180,20,0.8578,6853
CRUISE,220000,39000,190,-20,0.8589,6609.6
CRUISE,220000,39000,190,-15,0.8589,6643.3
CRUISE,220000,39000,190,-10,0.8589,6677
CRUISE,220000,39000,190,-5,0.8589,6710.7
CRUISE,220000,39000,190,0,0.8589,6744.5
CRUISE,220000,39000,190,5,0.8589,6778.2
CRUISE,220000,39000,190,10,0.8589,6811.9
CRUISE,220000,39000,190,15,0.8589,6845.6
CRUISE,220000,39000,190,20,0.8589,6879.4
CRUISE,220000,39000,200,-20,0.86,6635
CRUISE,220000,39000,200,-15,0.86,6668.9
CRUISE,220000,39000,200,-10,0.86,6702.7
CRUISE,220000,39000,200,-5,0.86,6736.6
CRUISE,220000,39000,200,0,0.86,6770.4
CRUISE,220000,39000,200,5,0.86,6804.3
CRUISE,220000,39000,200,10,0.86,6838.1
CRUISE,220000,39000,200,15,0.86,6872
CRUISE,220000,39000,200,20,0.86,6905.8
CRUISE,240000,25000,0,-20,0.72,6758.1
CRUISE,240000,25000,0,-15,0.72,6792.6
CRUISE,240000,25000,0,-10,0.72,6827
CRUISE,240000,25000,0,-5,0.72,6861.5
CRUISE,240000,25000,0,0,0.72,6896
CRUISE,240000,25000,0,5,0.72,6930.5
CRUISE,240000,25000,0,10,0.72,6965
CRUISE,240000,25000,0,15,0.72,6999.4
CRUISE,240000,25000,0,20,0.72,7033.9
CRUISE,240000,25000,10,-20,0.727,6957.1
CRUISE,240000,25000,10,-15,0.727,6992.6
CRUISE,240000,25000,10,-10,0.727,7028.1
CRUISE,240000,25000,10,-5,0.727,7063.6
CRUISE,240000,25000,10,0,0.727,7099.1
CRUISE,240000,25000,10,5,0.727,7134.6
CRUISE,240000,25000,10,10,0.727,7170.1
CRUISE,240000,25000,10,15,0.727,7205.6
CRUISE,240000,25000,10,20,0.727,7241.1
CRUISE,240000,25000,20,-20,0.734,7160
CRUISE,240000,25000,20,-15,0.734,7196.5
CRUISE,240000,25000,20,-10,0.734,7233.1
CRUISE,240000,25000,20,-5,0.734,7269.6
CRUISE,240000,25000,20,0,0.734,7306.1
CRUISE,240000,25000,20,5,0.734,7342.7
CRUISE,240000,25000,20,10,0.734,7379.2
CRUISE,240000,25000,20,15,0.734,7415.7
CRUISE,240000,25000,20,20,0.734,7452.3
CRUISE,240000,25000,30,-20,0.741,7366.8
CRUISE,240000,25000,30,-15,0.741,7404.4
CRUISE,240000,25000,30,-10,0.741,7442
CRUISE,240000,25000,30,-5,0.741,7479.6
CRUISE,240000,25000,30,0,0.741,7517.2
CRUISE,240000,25000,30,5,0.741,7554.8
CRUISE,240000,25000,30,10,0.741,7592.3
CRUISE,240000,25000,30,15,0.741,7629.9
CRUISE,240000,25000,30,20,0.741,7667.5
CRUISE,240000,25000,40,-20,0.748,7577.6
CRUISE,240000,25000,40,-15,0.748,7616.2
CRUISE,240000,25000,40,-10,0.748,7654.9
CRUISE,240000,25000,40,-5,0.748,7693.6
CRUISE,240000,25000,40,0,0.748,7732.2
CRUISE,240000,25000,40,5,0.748,7770.9
CRUISE,240000,25000,40,10,0.748,7809.5
CRUISE,240000,25000,40,15,0.748,7848.2
CRUISE,240000,25000,40,20,0.748,7886.9
CRUISE,240000,25000,50,-20,0.755,7792.3
CRUISE,240000,25000,50,-15,0.755,7832.1
CRUISE,240000,25000,50,-10,0.755,7871.8
CRUISE,240000,25000,50,-5,0.755,7911.6
CRUISE,240000,25000,50,0,0.755,7951.3
CRUISE,240000,25000,50,5,0.755,7991.1
CRUISE,240000,25000,50,10,0.755,8030.9
CRUISE,240000,25000,50,15,0.755,8070.6
CRUISE,240000,25000,50,20,0.755,8110.4
CRUISE,240000,25000,60,-20,0.762,8011.1
CRUISE,240000,25000,60,-15,0.762,8051.9
CRUISE,240000,25000,60,-10,0.762,8092.8
CRUISE,240000,25000,60,-5,0.762,8133.7
CRUISE,240000,25000,60,0,0.762,8174.6
CRUISE,240000,25000,60,5,0.762,8215.4
CRUISE,240000,25000,60,10,0.762,8256.3
CRUISE,240000,25000,60,15,0.762,8297.2
CRUISE,240000,25000,60,20,0.762,8338.1
CRUISE,240000,25000,70,-20,0.769,8233.9
CRUISE,240000,25000,70,-15,0.769,8275.9
CRUISE,240000,25000,70,-10,0.769,8317.9
CRUISE,240000,25000,70,-5,0.769,8359.9
CRUISE,240000,25000,70,0,0.769,8401.9
CRUISE,240000,25000,70,5,0.769,8443.9
CRUISE,240000,25000,70,10,0.769,8485.9
CRUISE,240000,25000,70,15,0.769,8528
CRUISE,240000,25000,70,20,0.769,8570
CRUISE,240000,25000,80,-20,0.776,8460.8
CRUISE,240000,25000,80,-15,0.776,8504
CRUISE,240000,25000,80,-10,0.776,8547.1
CRUISE,240000,25000,80,-5,0.776,8590.3
CRUISE,240000,25000,80,0,0.776,8633.5
CRUISE,240000,25000,80,5,0.776,8676.6
CRUISE,240000,25000,80,10,0.776,8719.8
CRUISE,240000,25000,80,15,0.776,8763
CRUISE,240000,25000,80,20,0.776,8806.1
CRUISE,240000,25000,90,-20,0.783,8691.8
CRUISE,240000,25000,90,-15,0.783,8736.2
CRUISE,240000,25000,90,-10,0.783,8780.5
CRUISE,240000,25000,90,-5,0.783,8824.9
CRUISE,240000,25000,90,0,0.783,8869.2
CRUISE,240000,25000,90,5,0.783,8913.6
CRUISE,240000,25000,90,10,0.783,8957.9
CRUISE,240000,25000,90,15,0.783,9002.3
CRUISE,240000,25000,90,20,0.783,9046.6
CRUISE,240000,25000,100,-20,0.79,8927
CRUISE,240000,25000,100,-15,0.79,8972.6
CRUISE,240000,25000,100,-10,0.79,9018.1
CRUISE,240000,25000,100,-5,0.79,9063.7
CRUISE,240000,25000,100,0,0.79,9109.2
CRUISE,240000,25000,100,5,0.79,9154.8
CRUISE,240000,25000,100,10,0.79,9200.3
CRUISE,240000,25000,100,15,0.79,9245.9
CRUISE,240000,25000,100,20,0.79,9291.4
CRUISE,240000,25000,110,-20,0.797,9166.4
CRUISE,240000,25000,110,-15,0.797,9213.2
CRUISE,240000,25000,110,-10,0.797,9260
CRUISE,240000,25000,110,-5,0.797,9306.7
CRUISE,240000,25000,110,0,0.797,9353.5
CRUISE,240000,25000,110,5,0.797,9400.3
CRUISE,240000,25000,110,10,0.797,9447
CRUISE,240000,25000,110,15,0.797,9493.8
CRUISE,240000,25000,110,20,0.797,9540.6
CRUISE,240000,25000,120,-20,0.804,9410.1
CRUISE,240000,25000,120,-15,0.804,9458.1
CRUISE,240000,25000,120,-10,0.804,9506.1
CRUISE,240000,25000,120,-5,0.804,9554.1
CRUISE,240000,25000,120,0,0.804,9602.1
CRUISE,240000,25000,120,5,0.804,9650.1
CRUISE,240000,25000,120,10,0.804,9698.2
CRUISE,240000,25000,120,15,0.804,9746.2
CRUISE,240000,25000,120,20,0.804,9794.2
CRUISE,240000,25000,130,-20,0.811,9658
CRUISE,240000,25000,130,-15,0.811,9707.3
CRUISE,240000,25000,130,-10,0.811,9756.6
CRUISE,240000,25000,130,-5,0.811,9805.9
CRUISE,240000,25000,130,0,0.811,9855.1
CRUISE,240000,25000,130,5,0.811,9904.4
CRUISE,240000,25000,130,10,0.811,9953.7
CRUISE,240000,25000,130,15,0.811,10003
CRUISE,240000,25000,130,20,0.811,10052.2
CRUISE,240000,25000,140,-20,0.818,9910.3
CRUISE,240000,25000,140,-15,0.818,9960.8
CRUISE,240000,25000,140,-10,0.818,10011.4
CRUISE,240000,25000,140,-5,0.818,10062
CRUISE,240000,25000,140,0,0.818,10112.5
CRUISE,240000,25000,140,5,0.818,10163.1
CRUISE,240000,25000,140,10,0.818,10213.7
CRUISE,240000,25000,140,15,0.818,10264.2
CRUISE,240000,25000,140,20,0.818,10314.8
CRUISE,240000,25000,150,-20,0.825,10166.9
CRUISE,240000,25000,150,-15,0.825,10218.8
CRUISE,240000,25000,150,-10,0.825,10270.6
CRUISE,240000,25000,150,-5,0.825,10322.5
CRUISE,240000,25000,150,0,0.825,10374.4
CRUISE,240000,25000,150,5,0.825,10426.2
CRUISE,240000,25000,150,10,0.825,10478.1
CRUISE,240000,25000,150,15,0.825,10530
CRUISE,240000,25000,150,20,0.825,10581.9
CRUISE,240000,25000,160,-20,0.832,10427.9
CRUISE,240000,25000,160,-15,0.832,10481.1
CRUISE,240000,25000,160,-10,0.832,10534.3
CRUISE,240000,25000,160,-5,0.832,10587.5
CRUISE,240000,25000,160,0,0.832,10640.7
CRUISE,240000,25000,160,5,0.832,10693.9
CRUISE,240000,25000,160,10,0.832,10747.1
CRUISE,240000,25000,160,15,0.832,10800.3
CRUISE,240000,25000,160,20,0.832,10853.5
CRUISE,240000,25000,170,-20,0.839,10693.3
CRUISE,240000,25000,170,-15,0.839,10747.9
CRUISE,240000,25000,170,-10,0.839,10802.4
CRUISE,240000,25000,170,-5,0.839,10857
CRUISE,240000,25000,170,0,0.839,10911.5
CRUISE,240000,25000,170,5,0.839,10966.1
CRUISE,240000,25000,170,10,0.839,11020.6
CRUISE,240000,25000,170,15,0.839,11075.2
CRUISE,240000,25000,170,20,0.839,11129.8
CRUISE,240000,25000,180,-20,0.846,10963.2
CRUISE,240000,25000,180,-15,0.846,11019.1
CRUISE,240000,25000,180,-10,0.846,11075.1
CRUISE,240000,25000,180,-5,0.846,11131
CRUISE,240000,25000,180,0,0.846,11186.9
CRUISE,240000,25000,180,5,0.846,11242.9
CRUISE,240000,25000,180,10,0.846,11298.8
CRUISE,240000,25000,180,15,0.846,11354.7
CRUISE,240000,25000,180,20,0.846,11410.7
CRUISE,240000,25000,190,-20,0.853,11237.6
CRUISE,240000,25000,190,-15,0.853,11294.9
CRUISE,240000,25000,190,-10,0.853,11352.3
CRUISE,240000,25000,190,-5,0.853,11409.6
CRUISE,240000,25000,190,0,0.853,11466.9
CRUISE,240000,25000,190,5,0.853,11524.3
CRUISE,240000,25000,190,10,0.853,11581.6
CRUISE,240000,25000,190,15,0.853,11638.9
CRUISE,240000,25000,190,20,0.853,11696.3
CRUISE,240000,25000,200,-20,0.86,11516.5
CRUISE,240000,25000,200,-15,0.86,11575.3
CRUISE,240000,25000,200,-10,0.86,11634
CRUISE,240000,25000,200,-5,0.86,11692.8
CRUISE,240000,25000,200,0,0.86,11751.5
CRUISE,240000,25000,200,5,0.86,11810.3
CRUISE,240000,25000,200,10,0.86,11869.1
CRUISE,240000,25000,200,15,0.86,11927.8
CRUISE,240000,25000,200,20,0.86,11986.6
CRUISE,240000,27000,0,-20,0.749,6789.4
CRUISE,240000,27000,0,-15,0.749,6824.1
CRUISE,240000,27000,0,-10,0.749,6858.7
CRUISE,240000,27000,0,-5,0.749,6893.4
CRUISE,240000,27000,0,0,0.749,6928
CRUISE,240000,27000,0,5,0.749,6962.6
CRUISE,240000,27000,0,10,0.749,6997.3
CRUISE,240000,27000,0,15,0.749,7031.9
CRUISE,240000,27000,0,20,0.749,7066.6
CRUISE,240000,27000,10,-20,0.7546,6941.5
CRUISE,240000,27000,10,-15,0.7546,6976.9
CRUISE,240000,27000,10,-10,0.7546,7012.3
CRUISE,240000,27000,10,-5,0.7546,7047.7
CRUISE,240000,27000,10,0,0.7546,7083.2
CRUISE,240000,27000,10,5,0.7546,7118.6
CRUISE,240000,27000,10,10,0.7546,7154
CRUISE,240000,27000,10,15,0.7546,7189.4
CRUISE,240000,27000,10,20,0.7546,7224.8
CRUISE,240000,27000,20,-20,0.7601,7095.8
CRUISE,240000,27000,20,-15,0.7601,7132
CRUISE,240000,27000,20,-10,0.7601,7168.2
CRUISE,240000,27000,20,-5,0.7601,7204.4
CRUISE,240000,27000,20,0,0.7601,7240.6
CRUISE,240000,27000,20,5,0.7601,7276.8
CRUISE,240000,27000,20,10,0.7601,7313
CRUISE,240000,27000,20,15,0.7601,7349.2
CRUISE,240000,27000,20,20,0.7601,7385.4
CRUISE,240000,27000,30,-20,0.7656,7252.4
CRUISE,240000,27000,30,-15,0.7656,7289.4
CRUISE,240000,27000,30,-10,0.7656,7326.4
CRUISE,240000,27000,30,-5,0.7656,7363.4
CRUISE,240000,27000,30,0,0.7656,7400.4
CRUISE,240000,27000,30,5,0.7656,7437.4
CRUISE,240000,27000,30,10,0.7656,7474.4
CRUISE,240000,27000,30,15,0.7656,7511.4
CRUISE,240000,27000,30,20,0.7656,7548.4
CRUISE,240000,27000,40,-20,0.7712,7411.2
CRUISE,240000,27000,40,-15,0.7712,7449
CRUISE,240000,27000,40,-10,0.7712,7486.8
CRUISE,240000,27000,40,-5,0.7712,7524.7
CRUISE,240000,27000,40,0,0.7712,7562.5
CRUISE,240000,27000,40,5,0.7712,7600.3
CRUISE,240000,27000,40,10,0.7712,7638.1
CRUISE,240000,27000,40,15,0.7712,7675.9
CRUISE,240000,27000,40,20,0.7712,7713.7
CRUISE,240000,27000,50,-20,0.7768,7572.4
CRUISE,240000,27000,50,-15,0.7768,7611
CRUISE,240000,27000,50,-10,0.7768,7649.6
CRUISE,240000,27000,50,-5,0.7768,7688.3
CRUISE,240000,27000,50,0,0.7768,7726.9
CRUISE,240000,27000,50,5,0.7768,7765.6
CRUISE,240000,27000,50,10,0.7768,7804.2
CRUISE,240000,27000,50,15,0.7768,7842.8
CRUISE,240000,27000,50,20,0.7768,7881.5
CRUISE,240000,27000,60,-20,0.7823,7735.9
CRUISE,240000,27000,60,-15,0.7823,7775.3
CRUISE,240000,27000,60,-10,0.7823,7814.8
CRUISE,240000,27000,60,-5,0.7823,7854.3
CRUISE,240000,27000,60,0,0.7823,7893.7
CRUISE,240000,27000,60,5,0.7823,7933.2
CRUISE,240000,27000,60,10,0.7823,7972.7
CRUISE,240000,27000,60,15,0.7823,8012.1
CRUISE,240000,27000,60,20,0.7823,8051.6
CRUISE,240000,27000,70,-20,0.7878,7901.7
CRUISE,240000,27000,70,-15,0.7878,7942
CRUISE,240000,27000,70,-10,0.7878,7982.3
CRUISE,240000,27000,70,-5,0.7878,8022.6
CRUISE,240000,27000,70,0,0.7878,8062.9
CRUISE,240000,27000,70,5,0.7878,8103.2
CRUISE,240000,27000,70,10,0.7878,8143.6
CRUISE,240000,27000,70,15,0.7878,8183.9
CRUISE,240000,27000,70,20,0.7878,8224.2
CRUISE,240000,27000,80,-20,0.7934,8069.8
CRUISE,240000,27000,80,-15,0.7934,8111
CRUISE,240000,27000,80,-10,0.7934,8152.2
CRUISE,240000,27000,80,-5,0.7934,8193.4
CRUISE,240000,27000,80,0,0.7934,8234.5
CRUISE,240000,27000,80,5,0.7934,8275.7
CRUISE,240000,27000,80,10,0.7934,8316.9
CRUISE,240000,27000,80,15,0.7934,8358.1
CRUISE,240000,27000,80,20,0.7934,8399.2
CRUISE,240000,27000,90,-20,0.799,8240.4
CRUISE,240000,27000,90,-15,0.799,8282.4
CRUISE,240000,27000,90,-10,0.799,8324.5
CRUISE,240000,27000,90,-5,0.799,8366.5
CRUISE,240000,27000,90,0,0.799,8408.6
CRUISE,240000,27000,90,5,0.799,8450.6
CRUISE,240000,27000,90,10,0.799,8492.6
CRUISE,240000,27000,90,15,0.799,8534.7
CRUISE,240000,27000,90,20,0.799,8576.7
CRUISE,240000,27000,100,-20,0.8045,8413.3
CRUISE,240000,27000,100,-15,0.8045,8456.2
CRUISE,240000,27000,100,-10,0.8045,8499.2
CRUISE,240000,27000,100,-5,0.8045,8542.1
CRUISE,240000,27000,100,0,0.8045,8585
CRUISE,240000,27000,100,5,0.8045,8627.9
CRUISE,240000,27000,100,10,0.8045,8670.9
CRUISE,240000,27000,100,15,0.8045,8713.8
CRUISE,240000,27000,100,20,0.8045,8756.7
CRUISE,240000,27000,110,-20,0.8101,8588.6
CRUISE,240000,27000,110,-15,0.8101,8632.5
CRUISE,240000,27000,110,-10,0.8101,8676.3
CRUISE,240000,27000,110,-5,0.8101,8720.1
CRUISE,240000,27000,110,0,0.8101,8763.9
CRUISE,240000,27000,110,5,0.8101,8807.7
CRUISE,240000,27000,110,10,0.8101,8851.5
CRUISE,240000,27000,110,15,0.8101,8895.4
CRUISE,240000,27000,110,20,0.8101,8939.2
CRUISE,240000,27000,120,-20,0.8156,8766.4
CRUISE,240000,27000,120,-15,0.8156,8811.1
CRUISE,240000,27000,120,-10,0.8156,8855.8
CRUISE,240000,27000,120,-5,0.8156,8900.6
CRUISE,240000,27000,120,0,0.8156,8945.3
CRUISE,240000,27000,120,5,0.8156,8990
CRUISE,240000,27000,120,10,0.8156,9034.7
CRUISE,240000,27000,120,15,0.8156,9079.5
CRUISE,240000,27000,120,20,0.8156,9124.2
CRUISE,240000,27000,130,-20,0.8212,8946.6
CRUISE,240000,27000,130,-15,0.8212,8992.2
CRUISE,240000,27000,130,-10,0.8212,9037.8
CRUISE,240000,27000,130,-5,0.8212,9083.5
CRUISE,240000,27000,130,0,0.8212,9129.1
CRUISE,240000,27000,130,5,0.8212,9174.8
CRUISE,240000,27000,130,10,0.8212,9220.4
CRUISE,240000,27000,130,15,0.8212,9266.1
CRUISE,240000,27000,130,20,0.8212,9311.7
CRUISE,240000,27000,140,-20,0.8267,9129.2
CRUISE,240000,27000,140,-15,0.8267,9175.8
CRUISE,240000,27000,140,-10,0.8267,9222.3
CRUISE,240000,27000,140,-5,0.8267,9268.9
CRUISE,240000,27000,140,0,0.8267,9315.5
CRUISE,240000,27000,140,5,0.8267,9362.1
CRUISE,240000,27000,140,10,0.8267,9408.7
CRUISE,240000,27000,140,15,0.8267,9455.2
CRUISE,240000,27000,140,20,0.8267,9501.8
CRUISE,240000,27000,150,-20,0.8322,9314.3
CRUISE,240000,27000,150,-15,0.8322,9361.8
CRUISE,240000,27000,150,-10,0.8322,9409.3
CRUISE,240000,27000,150,-5,0.8322,9456.9
CRUISE,240000,27000,150,0,0.8322,9504.4
CRUISE,240000,27000,150,5,0.8322,9551.9
CRUISE,240000,27000,150,10,0.8322,9599.4
CRUISE,240000,27000,150,15,0.8322,9646.9
CRUISE,240000,27000,150,20,0.8322,9694.5
CRUISE,240000,27000,160,-20,0.8378,9501.9
CRUISE,240000,27000,160,-15,0.8378,9550.4
CRUISE,240000,27000,160,-10,0.8378,9598.8
CRUISE,240000,27000,160,-5,0.8378,9647.3
CRUISE,240000,27000,160,0,0.8378,9695.8
CRUISE,240000,27000,160,5,0.8378,9744.3
CRUISE,240000,27000,160,10,0.8378,9792.8
CRUISE,240000,27000,160,15,0.8378,9841.2
CRUISE,240000,27000,160,20,0.8378,9889.7
CRUISE,240000,27000,170,-20,0.8434,9692
CRUISE,240000,27000,170,-15,0.8434,9741.4
CRUISE,240000,27000,170,-10,0.8434,9790.9
CRUISE,240000,27000,170,-5,0.8434,9840.3
CRUISE,240000,27000,170,0,0.8434,9889.8
CRUISE,240000,27000,170,5,0.8434,9939.2
CRUISE,240000,27000,170,10,0.8434,9988.7
CRUISE,240000,27000,170,15,0.8434,10038.1
CRUISE,240000,27000,170,20,0.8434,10087.6
CRUISE,240000,27000,180,-20,0.8489,9884.6
CRUISE,240000,27000,180,-15,0.8489,9935
CRUISE,240000,27000,180,-10,0.8489,9985.4
CRUISE,240000,27000,180,-5,0.8489,10035.9
CRUISE,240000,27000,180,0,0.8489,10086.3
CRUISE,240000,27000,180,5,0.8489,10136.7
CRUISE,240000,27000,180,10,0.8489,10187.2
CRUISE,240000,27000,180,15,0.8489,10237.6
CRUISE,240000,27000,180,20,0.8489,10288
CRUISE,240000,27000,190,-20,0.8544,10079.7
CRUISE,240000,27000,190,-15,0.8544,10131.1
CRUISE,240000,27000,190,-10,0.8544,10182.6
CRUISE,240000,27000,190,-5,0.8544,10234
CRUISE,240000,27000,190,0,0.8544,10285.4
CRUISE,240000,27000,190,5,0.8544,10336.9
CRUISE,240000,27000,190,10,0.8544,10388.3
CRUISE,240000,27000,190,15,0.8544,10439.7
CRUISE,240000,27000,190,20,0.8544,10491.1
CRUISE,240000,27000,200,-20,0.86,10277.4
CRUISE,240000,27000,200,-15,0.86,10329.8
CRUISE,240000,27000,200,-10,0.86,10382.3
CRUISE,240000,27000,200,-5,0.86,10434.7
CRUISE,240000,27000,200,0,0.86,10487.2
CRUISE,240000,27000,200,5,0.86,10539.6
CRUISE,240000,27000,200,10,0.86,10592
CRUISE,240000,27000,200,15,0.86,10644.5
CRUISE,240000,27000,200,20,0.86,10696.9
CRUISE,240000,29000,0,-20,0.783,6862
CRUISE,240000,29000,0,-15,0.783,6897
CRUISE,240000,29000,0,-10,0.783,6932
CRUISE,240000,29000,0,-5,0.783,6967
CRUISE,240000,29000,0,0,0.783,7002
CRUISE,240000,29000,0,5,0.783,7037
CRUISE,240000,29000,0,10,0.783,7072
CRUISE,240000,29000,0,15,0.783,7107
CRUISE,240000,29000,0,20,0.783,7142
CRUISE,240000,29000,10,-20,0.7869,6963.7
CRUISE,240000,29000,10,-15,0.7869,6999.2
CRUISE,240000,29000,10,-10,0.7869,7034.7
CRUISE,240000,29000,10,-5,0.7869,7070.3
CRUISE,240000,29000,10,0,0.7869,7105.8
CRUISE,240000,29000,10,5,0.7869,7141.3
CRUISE,240000,29000,10,10,0.7869,7176.9
CRUISE,240000,29000,10,15,0.7869,7212.4
CRUISE,240000,29000,10,20,0.7869,7247.9
CRUISE,240000,29000,20,-20,0.7907,7066.4
CRUISE,240000,29000,20,-15,0.7907,7102.5
CRUISE,240000,29000,20,-10,0.7907,7138.5
CRUISE,240000,29000,20,-5,0.7907,7174.6
CRUISE,240000,29000,20,0,0.7907,7210.6
CRUISE,240000,29000,20,5,0.7907,7246.7
CRUISE,240000,29000,20,10,0.7907,7282.7
CRUISE,240000,29000,20,15,0.7907,7318.8
CRUISE,240000,29000,20,20,0.7907,7354.8
CRUISE,240000,29000,30,-20,0.7945,7170.1
CRUISE,240000,29000,30,-15,0.7945,7206.7
CRUISE,240000,29000,30,-10,0.7945,7243.3
CRUISE,240000,29000,30,-5,0.7945,7279.9
CRUISE,240000,29000,30,0,0.7945,7316.5
CRUISE,240000,29000,30,5,0.7945,7353
CRUISE,240000,29000,30,10,0.7945,7389.6
CRUISE,240000,29000,30,15,0.7945,7426.2
CRUISE,240000,29000,30,20,0.7945,7462.8
CRUISE,240000,29000,40,-20,0.7984,7274.9
CRUISE,240000,29000,40,-15,0.7984,7312
CRUISE,240000,29000,40,-10,0.7984,7349.1
CRUISE,240000,29000,40,-5,0.7984,7386.2
CRUISE,240000,29000,40,0,0.7984,7423.3
CRUISE,240000,29000,40,5,0.7984,7460.4
CRUISE,240000,29000,40,10,0.7984,7497.6
CRUISE,240000,29000,40,15,0.7984,7534.7
CRUISE,240000,29000,40,20,0.7984,7571.8
CRUISE,240000,29000,50,-20,0.8023,7380.6
CRUISE,240000,29000,50,-15,0.8023,7418.3
CRUISE,240000,29000,50,-10,0.8023,7455.9
CRUISE,240000,29000,50,-5,0.8023,7493.6
CRUISE,240000,29000,50,0,0.8023,7531.2
CRUISE,240000,29000,50,5,0.8023,7568.9
CRUISE,240000,29000,50,10,0.8023,7606.5
CRUISE,240000,29000,50,15,0.8023,7644.2
CRUISE,240000,29000,50,20,0.8023,7681.9
CRUISE,240000,29000,60,-20,0.8061,7487.4
CRUISE,240000,29000,60,-15,0.8061,7525.6
CRUISE,240000,29000,60,-10,0.8061,7563.8
CRUISE,240000,29000,60,-5,0.8061,7602
CRUISE,240000,29000,60,0,0.8061,7640.2
CRUISE,240000,29000,60,5,0.8061,7678.4
CRUISE,240000,29000,60,10,0.8061,7716.6
CRUISE,240000,29000,60,15,0.8061,7754.8
CRUISE,240000,29000,60,20,0.8061,7793
CRUISE,240000,29000,70,-20,0.81,7595.2
CRUISE,240000,29000,70,-15,0.81,7633.9
CRUISE,240000,29000,70,-10,0.81,7672.7
CRUISE,240000,29000,70,-5,0.81,7711.4
CRUISE,240000,29000,70,0,0.81,7750.2
CRUISE,240000,29000,70,5,0.81,7788.9
CRUISE,240000,29000,70,10,0.81,7827.7
CRUISE,240000,29000,70,15,0.81,7866.4
CRUISE,240000,29000,70,20,0.81,7905.2
CRUISE,240000,29000,80,-20,0.8138,7704
CRUISE,240000,29000,80,-15,0.8138,7743.3
CRUISE,240000,29000,80,-10,0.8138,7782.6
CRUISE,240000,29000,80,-5,0.8138,7821.9
CRUISE,240000,29000,80,0,0.8138,7861.2
CRUISE,240000,29000,80,5,0.8138,7900.5
CRUISE,240000,29000,80,10,0.8138,7939.8
CRUISE,240000,29000,80,15,0.8138,7979.1
CRUISE,240000,29000,80,20,0.8138,8018.4
CRUISE,240000,29000,90,-20,0.8176,7813.9
CRUISE,240000,29000,90,-15,0.8176,7853.7
CRUISE,240000,29000,90,-10,0.8176,7893.6
CRUISE,240000,29000,90,-5,0.8176,7933.5
CRUISE,240000,29000,90,0,0.8176,7973.3
CRUISE,240000,29000,90,5,0.8176,8013.2
CRUISE,240000,29000,90,10,0.8176,8053.1
CRUISE,240000,29000,90,15,0.8176,8092.9
CRUISE,240000,29000,90,20,0.8176,8132.8
CRUISE,240000,29000,100,-20,0.8215,7924.8
CRUISE,240000,29000,100,-15,0.8215,7965.2
CRUISE,240000,29000,100,-10,0.8215,8005.6
CRUISE,240000,29000,100,-5,0.8215,8046
CRUISE,240000,29000,100,0,0.8215,8086.5
CRUISE,240000,29000,100,5,0.8215,8126.9
CRUISE,240000,29000,100,10,0.8215,8167.3
CRUISE,240000,29000,100,15,0.8215,8207.8
CRUISE,240000,29000,100,20,0.8215,8248.2
CRUISE,240000,29000,110,-20,0.8254,8036.7
CRUISE,240000,29000,110,-15,0.8254,8077.7
CRUISE,240000,29000,110,-10,0.8254,8118.7
CRUISE,240000,29000,110,-5,0.8254,8159.7
CRUISE,240000,29000,110,0,0.8254,8200.7
CRUISE,240000,29000,110,5,0.8254,8241.7
CRUISE,240000,29000,110,10,0.8254,8282.7
CRUISE,240000,29000,110,15,0.8254,8323.7
CRUISE,240000,29000,110,20,0.8254,8364.7
CRUISE,240000,29000,120,-20,0.8292,8149.7
CRUISE,240000,29000,120,-15,0.8292,8191.3
CRUISE,240000,29000,120,-10,0.8292,8232.8
CRUISE,240000,29000,120,-5,0.8292,8274.4
CRUISE,240000,29000,120,0,0.8292,8316
CRUISE,240000,29000,120,5,0.8292,8357.6
CRUISE,240000,29000,120,10,0.8292,8399.2
CRUISE,240000,29000,120,15,0.8292,8440.7
CRUISE,240000,29000,120,20,0.8292,8482.3
CRUISE,240000,29000,130,-20,0.833,8263.7
CRUISE,240000,29000,130,-15,0.833,8305.9
CRUISE,240000,29000,130,-10,0.833,8348.1
CRUISE,240000,29000,130,-5,0.833,8390.2
CRUISE,240000,29000,130,0,0.833,8432.4
CRUISE,240000,29000,130,5,0.833,8474.5
CRUISE,240000,29000,130,10,0.833,8516.7
CRUISE,240000,29000,130,15,0.833,8558.9
CRUISE,240000,29000,130,20,0.833,8601
CRUISE,240000,29000,140,-20,0.8369,8378.8
CRUISE,240000,29000,140,-15,0.8369,8421.6
CRUISE,240000,29000,140,-10,0.8369,8464.3
CRUISE,240000,29000,140,-5,0.8369,8507.1
CRUISE,240000,29000,140,0,0.8369,8549.8
CRUISE,240000,29000,140,5,0.8369,8592.6
CRUISE,240000,29000,140,10,0.8369,8635.3
CRUISE,240000,29000,140,15,0.8369,8678.1
CRUISE,240000,29000,140,20,0.8369,8720.8
CRUISE,240000,29000,150,-20,0.8407,8495
CRUISE,240000,29000,150,-15,0.8407,8538.3
CRUISE,240000,29000,150,-10,0.8407,8581.7
CRUISE,240000,29000,150,-5,0.8407,8625
CRUISE,240000,29000,150,0,0.8407,8668.4
CRUISE,240000,29000,150,5,0.8407,8711.7
CRUISE,240000,29000,150,10,0.8407,8755.1
CRUISE,240000,29000,150,15,0.8407,8798.4
CRUISE,240000,29000,150,20,0.8407,8841.7
CRUISE,240000,29000,160,-20,0.8446,8612.2
CRUISE,240000,29000,160,-15,0.8446,8656.2
CRUISE,240000,29000,160,-10,0.8446,8700.1
CRUISE,240000,29000,160,-5,0.8446,8744.1
CRUISE,240000,29000,160,0,0.8446,8788
CRUISE,240000,29000,160,5,0.8446,8831.9
CRUISE,240000,29000,160,10,0.8446,8875.9
CRUISE,240000,29000,160,15,0.8446,8919.8
CRUISE,240000,29000,160,20,0.8446,8963.8
CRUISE,240000,29000,170,-20,0.8485,8730.6
CRUISE,240000,29000,170,-15,0.8485,8775.1
CRUISE,240000,29000,170,-10,0.8485,8819.6
CRUISE,240000,29000,170,-5,0.8485,8864.2
CRUISE,240000,29000,170,0,0.8485,8908.7
CRUISE,240000,29000,170,5,0.8485,8953.3
CRUISE,240000,29000,170,10,0.8485,8997.8
CRUISE,240000,29000,170,15,0.8485,9042.4
CRUISE,240000,29000,170,20,0.8485,9086.9
CRUISE,240000,29000,180,-20,0.8523,8849.9
CRUISE,240000,29000,180,-15,0.8523,8895.1
CRUISE,240000,29000,180,-10,0.8523,8940.2
CRUISE,240000,29000,180,-5,0.8523,8985.4
CRUISE,240000,29000,180,0,0.8523,9030.6
CRUISE,240000,29000,180,5,0.8523,9075.7
CRUISE,240000,29000,180,10,0.8523,9120.9
CRUISE,240000,29000,180,15,0.8523,9166
CRUISE,240000,29000,180,20,0.8523,9211.2
CRUISE,240000,29000,190,-20,0.8561,8970.4
CRUISE,240000,29000,190,-15,0.8561,9016.2
CRUISE,240000,29000,190,-10,0.8561,9061.9
CRUISE,240000,29000,190,-5,0.8561,9107.7
CRUISE,240000,29000,190,0,0.8561,9153.5
CRUISE,240000,29000,190,5,0.8561,9199.3
CRUISE,240000,29000,190,10,0.8561,9245
CRUISE,240000,29000,190,15,0.8561,9290.8
CRUISE,240000,29000,190,20,0.8561,9336.6
CRUISE,240000,29000,200,-20,0.86,9092
CRUISE,240000,29000,200,-15,0.86,9138.4
CRUISE,240000,29000,200,-10,0.86,9184.8
CRUISE,240000,29000,200,-5,0.86,9231.1
CRUISE,240000,29000,200,0,0.86,9277.5
CRUISE,240000,29000,200,5,0.86,9323.9
CRUISE,240000,29000,200,10,0.86,9370.3
CRUISE,240000,29000,200,15,0.86,9416.7
CRUISE,240000,29000,200,20,0.86,9463.1
CRUISE,240000,31000,0,-20,0.813,6865.9
CRUISE,240000,31000,0,-15,0.813,6900.9
CRUISE,240000,31000,0,-10,0.813,6935.9
CRUISE,240000,31000,0,-5,0.813,6971
CRUISE,240000,31000,0,0,0.813,7006
CRUISE,240000,31000,0,5,0.813,7041
CRUISE,240000,31000,0,10,0.813,7076.1
CRUISE,240000,31000,0,15,0.813,7111.1
CRUISE,240000,31000,0,20,0.813,7146.1
CRUISE,240000,31000,10,-20,0.8153,6925.6
CRUISE,240000,31000,10,-15,0.8153,6960.9
CRUISE,240000,31000,10,-10,0.8153,6996.3
CRUISE,240000,31000,10,-5,0.8153,7031.6
CRUISE,240000,31000,10,0,0.8153,7066.9
CRUISE,240000,31000,10,5,0.8153,7102.3
CRUISE,240000,31000,10,10,0.8153,7137.6
CRUISE,240000,31000,10,15,0.8153,7172.9
CRUISE,240000,31000,10,20,0.8153,7208.3
CRUISE,240000,31000,20,-20,0.8177,6985.6
CRUISE,240000,31000,20,-15,0.8177,7021.3
CRUISE,240000,31000,20,-10,0.8177,7056.9
CRUISE,240000,31000,20,-5,0.8177,7092.6
CRUISE,240000,31000,20,0,0.8177,7128.2
CRUISE,240000,31000,20,5,0.8177,7163.9
CRUISE,240000,31000,20,10,0.8177,7199.5
CRUISE,240000,31000,20,15,0.8177,7235.1
CRUISE,240000,31000,20,20,0.8177,7270.8
CRUISE,240000,31000,30,-20,0.82,7046
CRUISE,240000,31000,30,-15,0.82,7082
CRUISE,240000,31000,30,-10,0.82,7117.9
CRUISE,240000,31000,30,-5,0.82,7153.9
CRUISE,240000,31000,30,0,0.82,7189.8
CRUISE,240000,31000,30,5,0.82,7225.8
CRUISE,240000,31000,30,10,0.82,7261.7
CRUISE,240000,31000,30,15,0.82,7297.7
CRUISE,240000,31000,30,20,0.82,7333.6
CRUISE,240000,31000,40,-20,0.8224,7106.8
CRUISE,240000,31000,40,-15,0.8224,7143.1
CRUISE,240000,31000,40,-10,0.8224,7179.3
CRUISE,240000,31000,40,-5,0.8224,7215.6
CRUISE,240000,31000,40,0,0.8224,7251.8
CRUISE,240000,31000,40,5,0.8224,7288.1
CRUISE,240000,31000,40,10,0.8224,7324.4
CRUISE,240000,31000,40,15,0.8224,7360.6
CRUISE,240000,31000,40,20,0.8224,7396.9
CRUISE,240000,31000,50,-20,0.8247,7167.9
CRUISE,240000,31000,50,-15,0.8247,7204.5
CRUISE,240000,31000,50,-10,0.8247,7241
CRUISE,240000,31000,50,-5,0.8247,7277.6
CRUISE,240000,31000,50,0,0.8247,7314.2
CRUISE,240000,31000,50,5,0.8247,7350.7
CRUISE,240000,31000,50,10,0.8247,7387.3
CRUISE,240000,31000,50,15,0.8247,7423.9
CRUISE,240000,31000,50,20,0.8247,7460.5
CRUISE,240000,31000,60,-20,0.8271,7229.3
CRUISE,240000,31000,60,-15,0.8271,7266.2
CRUISE,240000,31000,60,-10,0.8271,7303.1
CRUISE,240000,31000,60,-5,0.8271,7340
CRUISE,240000,31000,60,0,0.8271,7376.9
CRUISE,240000,31000,60,5,0.8271,7413.8
CRUISE,240000,31000,60,10,0.8271,7450.6
CRUISE,240000,31000,60,15,0.8271,7487.5
CRUISE,240000,31000,60,20,0.8271,7524.4
CRUISE,240000,31000,70,-20,0.8294,7291.1
CRUISE,240000,31000,70,-15,0.8294,7328.3
CRUISE,240000,31000,70,-10,0.8294,7365.5
CRUISE,240000,31000,70,-5,0.8294,7402.7
CRUISE,240000,31000,70,0,0.8294,7439.9
CRUISE,240000,31000,70,5,0.8294,7477.1
CRUISE,240000,31000,70,10,0.8294,7514.3
CRUISE,240000,31000,70,15,0.8294,7551.5
CRUISE,240000,31000,70,20,0.8294,7588.7
CRUISE,240000,31000,80,-20,0.8318,7353.3
CRUISE,240000,31000,80,-15,0.8318,7390.8
CRUISE,240000,31000,80,-10,0.8318,7428.3
CRUISE,240000,31000,80,-5,0.8318,7465.8
CRUISE,240000,31000,80,0,0.8318,7503.4
CRUISE,240000,31000,80,5,0.8318,7540.9
CRUISE,240000,31000,80,10,0.8318,7578.4
CRUISE,240000,31000,80,15,0.8318,7615.9
CRUISE,240000,31000,80,20,0.8318,7653.4
CRUISE,240000,31000,90,-20,0.8341,7415.8
CRUISE,240000,31000,90,-15,0.8341,7453.6
CRUISE,240000,31000,90,-10,0.8341,7491.5
CRUISE,240000,31000,90,-5,0.8341,7529.3
CRUISE,240000,31000,90,0,0.8341,7567.1
CRUISE,240000,31000,90,5,0.8341,7605
CRUISE,240000,31000,90,10,0.8341,7642.8
CRUISE,240000,31000,90,15,0.8341,7680.6
CRUISE,240000,31000,90,20,0.8341,7718.5
CRUISE,240000,31000,100,-20,0.8365,7478.6
CRUISE,240000,31000,100,-15,0.8365,7516.8
CRUISE,240000,31000,100,-10,0.8365,7554.9
CRUISE,240000,31000,100,-5,0.8365,7593.1
CRUISE,240000,31000,100,0,0.8365,7631.3
CRUISE,240000,31000,100,5,0.8365,7669.4
CRUISE,240000,31000,100,10,0.8365,7707.6
CRUISE,240000,31000,100,15,0.8365,7745.7
CRUISE,240000,31000,100,20,0.8365,7783.9
CRUISE,240000,31000,110,-20,0.8388,7541.8
CRUISE,240000,31000,110,-15,0.8388,7580.3
CRUISE,240000,31000,110,-10,0.8388,7618.8
CRUISE,240000,31000,110,-5,0.8388,7657.3
CRUISE,240000,31000,110,0,0.8388,7695.8
CRUISE,240000,31000,110,5,0.8388,7734.2
CRUISE,240000,31000,110,10,0.8388,7772.7
CRUISE,240000,31000,110,15,0.8388,7811.2
CRUISE,240000,31000,110,20,0.8388,7849.7
CRUISE,240000,31000,120,-20,0.8412,7605.4
CRUISE,240000,31000,120,-15,0.8412,7644.2
CRUISE,240000,31000,120,-10,0.8412,7683
CRUISE,240000,31000,120,-5,0.8412,7721.8
CRUISE,240000,31000,120,0,0.8412,7760.6
CRUISE,240000,31000,120,5,0.8412,7799.4
CRUISE,240000,31000,120,10,0.8412,7838.2
CRUISE,240000,31000,120,15,0.8412,7877
CRUISE,240000,31000,120,20,0.8412,7915.8
CRUISE,240000,31000,130,-20,0.8436,7669.3
CRUISE,240000,31000,130,-15,0.8436,7708.5
CRUISE,240000,31000,130,-10,0.8436,7747.6
CRUISE,240000,31000,130,-5,0.8436,7786.7
CRUISE,240000,31000,130,0,0.8436,7825.8
CRUISE,240000,31000,130,5,0.8436,7865
CRUISE,240000,31000,130,10,0.8436,7904.1
CRUISE,240000,31000,130,15,0.8436,7943.2
CRUISE,240000,31000,130,20,0.8436,7982.4
CRUISE,240000,31000,140,-20,0.8459,7733.6
CRUISE,240000,31000,140,-15,0.8459,7773.1
CRUISE,240000,31000,140,-10,0.8459,7812.5
CRUISE,240000,31000,140,-5,0.8459,7852
CRUISE,240000,31000,140,0,0.8459,7891.4
CRUISE,240000,31000,140,5,0.8459,7930.9
CRUISE,240000,31000,140,10,0.8459,7970.3
CRUISE,240000,31000,140,15,0.8459,8009.8
CRUISE,240000,31000,140,20,0.8459,8049.3
CRUISE,240000,31000,150,-20,0.8482,7798.2
CRUISE,240000,31000,150,-15,0.8482,7838
CRUISE,240000,31000,150,-10,0.8482,7877.8
CRUISE,240000,31000,150,-5,0.8482,7917.6
CRUISE,240000,31000,150,0,0.8482,7957.4
CRUISE,240000,31000,150,5,0.8482,7997.2
CRUISE,240000,31000,150,10,0.8482,8037
CRUISE,240000,31000,150,15,0.8482,8076.7
CRUISE,240000,31000,150,20,0.8482,8116.5
CRUISE,240000,31000,160,-20,0.8506,7863.2
CRUISE,240000,31000,160,-15,0.8506,7903.3
CRUISE,240000,31000,160,-10,0.8506,7943.5
CRUISE,240000,31000,160,-5,0.8506,7983.6
CRUISE,240000,31000,160,0,0.8506,8023.7
CRUISE,240000,31000,160,5,0.8506,8063.8
CRUISE,240000,31000,160,10,0.8506,8103.9
CRUISE,240000,31000,160,15,0.8506,8144.1
CRUISE,240000,31000,160,20,0.8506,8184.2
CRUISE,240000,31000,170,-20,0.8529,7928.6
CRUISE,240000,31000,170,-15,0.8529,7969
CRUISE,240000,31000,170,-10,0.8529,8009.5
CRUISE,240000,31000,170,-5,0.8529,8049.9
CRUISE,240000,31000,170,0,0.8529,8090.4
CRUISE,240000,31000,170,5,0.8529,8130.8
CRUISE,240000,31000,170,10,0.8529,8171.3
CRUISE,240000,31000,170,15,0.8529,8211.7
CRUISE,240000,31000,170,20,0.8529,8252.2
CRUISE,240000,31000,180,-20,0.8553,7994.3
CRUISE,240000,31000,180,-15,0.8553,8035.1
CRUISE,240000,31000,180,-10,0.8553,8075.9
CRUISE,240000,31000,180,-5,0.8553,8116.7
CRUISE,240000,31000,180,0,0.8553,8157.4
CRUISE,240000,31000,180,5,0.8553,8198.2
CRUISE,240000,31000,180,10,0.8553,8239
CRUISE,240000,31000,180,15,0.8553,8279.8
CRUISE,240000,31000,180,20,0.8553,8320.6
CRUISE,240000,31000,190,-20,0.8577,8060.4
CRUISE,240000,31000,190,-15,0.8577,8101.5
CRUISE,240000,31000,190,-10,0.8577,8142.6
CRUISE,240000,31000,190,-5,0.8577,8183.7
CRUISE,240000,31000,190,0,0.8577,8224.9
CRUISE,240000,31000,190,5,0.8577,8266
CRUISE,240000,31000,190,10,0.8577,8307.1
CRUISE,240000,31000,190,15,0.8577,8348.2
CRUISE,240000,31000,190,20,0.8577,8389.4
CRUISE,240000,31000,200,-20,0.86,8126.8
CRUISE,240000,31000,200,-15,0.86,8168.3
CRUISE,240000,31000,200,-10,0.86,8209.7
CRUISE,240000,31000,200,-5,0.86,8251.2
CRUISE,240000,31000,200,0,0.86,8292.7
CRUISE,240000,31000,200,5,0.86,8334.1
CRUISE,240000,31000,200,10,0.86,8375.6
CRUISE,240000,31000,200,15,0.86,8417
CRUISE,240000,31000,200,20,0.86,8458.5
CRUISE,240000,33000,0,-20,0.831,6781.6
CRUISE,240000,33000,0,-15,0.831,6816.2
CRUISE,240000,33000,0,-10,0.831,6850.8
CRUISE,240000,33000,0,-5,0.831,6885.4
CRUISE,240000,33000,0,0,0.831,6920
CRUISE,240000,33000,0,5,0.831,6954.6
CRUISE,240000,33000,0,10,0.831,6989.2
CRUISE,240000,33000,0,15,0.831,7023.8
CRUISE,240000,33000,0,20,0.831,7058.4
CRUISE,240000,33000,10,-20,0.8324,6817.2
CRUISE,240000,33000,10,-15,0.8324,6851.9
CRUISE,240000,33000,10,-10,0.8324,6886.7
CRUISE,240000,33000,10,-5,0.8324,6921.5
CRUISE,240000,33000,10,0,0.8324,6956.3
CRUISE,240000,33000,10,5,0.8324,6991.1
CRUISE,240000,33000,10,10,0.8324,7025.8
CRUISE,240000,33000,10,15,0.8324,7060.6
CRUISE,240000,33000,10,20,0.8324,7095.4
CRUISE,240000,33000,20,-20,0.8339,6852.8
CRUISE,240000,33000,20,-15,0.8339,6887.8
CRUISE,240000,33000,20,-10,0.8339,6922.8
CRUISE,240000,33000,20,-5,0.8339,6957.7
CRUISE,240000,33000,20,0,0.8339,6992.7
CRUISE,240000,33000,20,5,0.8339,7027.7
CRUISE,240000,33000,20,10,0.8339,7062.6
CRUISE,240000,33000,20,15,0.8339,7097.6
CRUISE,240000,33000,20,20,0.8339,7132.6
CRUISE,240000,33000,30,-20,0.8353,6888.7
CRUISE,240000,33000,30,-15,0.8353,6923.8
CRUISE,240000,33000,30,-10,0.8353,6958.9
CRUISE,240000,33000,30,-5,0.8353,6994.1
CRUISE,240000,33000,30,0,0.8353,7029.2
CRUISE,240000,33000,30,5,0.8353,7064.4
CRUISE,240000,33000,30,10,0.8353,7099.5
CRUISE,240000,33000,30,15,0.8353,7134.7
CRUISE,240000,33000,30,20,0.8353,7169.8
CRUISE,240000,33000,40,-20,0.8368,6924.6
CRUISE,240000,33000,40,-15,0.8368,6959.9
CRUISE,240000,33000,40,-10,0.8368,6995.2
CRUISE,240000,33000,40,-5,0.8368,7030.6
CRUISE,240000,33000,40,0,0.8368,7065.9
CRUISE,240000,33000,40,5,0.8368,7101.2
CRUISE,240000,33000,40,10,0.8368,7136.6
CRUISE,240000,33000,40,15,0.8368,7171.9
CRUISE,240000,33000,40,20,0.8368,7207.2
CRUISE,240000,33000,50,-20,0.8382,6960.6
CRUISE,240000,33000,50,-15,0.8382,6996.2
CRUISE,240000,33000,50,-10,0.8382,7031.7
CRUISE,240000,33000,50,-5,0.8382,7067.2
CRUISE,240000,33000,50,0,0.8382,7102.7
CRUISE,240000,33000,50,5,0.8382,7138.2
CRUISE,240000,33000,50,10,0.8382,7173.7
CRUISE,240000,33000,50,15,0.8382,7209.2
CRUISE,240000,33000,50,20,0.8382,7244.8
CRUISE,240000,33000,60,-20,0.8397,6996.8
CRUISE,240000,33000,60,-15,0.8397,7032.5
CRUISE,240000,33000,60,-10,0.8397,7068.2
CRUISE,240000,33000,60,-5,0.8397,7103.9
CRUISE,240000,33000,60,0,0.8397,7139.6
CRUISE,240000,33000,60,5,0.8397,7175.3
CRUISE,240000,33000,60,10,0.8397,7211
CRUISE,240000,33000,60,15,0.8397,7246.7
CRUISE,240000,33000,60,20,0.8397,7282.4
CRUISE,240000,33000,70,-20,0.8411,7033.1
CRUISE,240000,33000,70,-15,0.8411,7069
CRUISE,240000,33000,70,-10,0.8411,7104.9
CRUISE,240000,33000,70,-5,0.8411,7140.8
CRUISE,240000,33000,70,0,0.8411,7176.7
CRUISE,240000,33000,70,5,0.8411,7212.6
CRUISE,240000,33000,70,10,0.8411,7248.4
CRUISE,240000,33000,70,15,0.8411,7284.3
CRUISE,240000,33000,70,20,0.8411,7320.2
CRUISE,240000,33000,80,-20,0.8426,7069.6
CRUISE,240000,33000,80,-15,0.8426,7105.6
CRUISE,240000,33000,80,-10,0.8426,7141.7
CRUISE,240000,33000,80,-5,0.8426,7177.8
CRUISE,240000,33000,80,0,0.8426,7213.9
CRUISE,240000,33000,80,5,0.8426,7249.9
CRUISE,240000,33000,80,10,0.8426,7286
CRUISE,240000,33000,80,15,0.8426,7322.1
CRUISE,240000,33000,80,20,0.8426,7358.1
CRUISE,240000,33000,90,-20,0.844,7106.1
CRUISE,240000,33000,90,-15,0.844,7142.4
CRUISE,240000,33000,90,-10,0.844,7178.6
CRUISE,240000,33000,90,-5,0.844,7214.9
CRUISE,240000,33000,90,0,0.844,7251.2
CRUISE,240000,33000,90,5,0.844,7287.4
CRUISE,240000,33000,90,10,0.844,7323.7
CRUISE,240000,33000,90,15,0.844,7359.9
CRUISE,240000,33000,90,20,0.844,7396.2
CRUISE,240000,33000,100,-20,0.8455,7142.8
CRUISE,240000,33000,100,-15,0.8455,7179.3
CRUISE,240000,33000,100,-10,0.8455,7215.7
CRUISE,240000,33000,100,-5,0.8455,7252.2
CRUISE,240000,33000,100,0,0.8455,7288.6
CRUISE,240000,33000,100,5,0.8455,7325
CRUISE,240000,33000,100,10,0.8455,7361.5
CRUISE,240000,33000,100,15,0.8455,7397.9
CRUISE,240000,33000,100,20,0.8455,7434.4
CRUISE,240000,33000,110,-20,0.8469,7179.6
CRUISE,240000,33000,110,-15,0.8469,7216.3
CRUISE,240000,33000,110,-10,0.8469,7252.9
CRUISE,240000,33000,110,-5,0.8469,7289.5
CRUISE,240000,33000,110,0,0.8469,7326.2
CRUISE,240000,33000,110,5,0.8469,7362.8
CRUISE,240000,33000,110,10,0.8469,7399.4
CRUISE,240000,33000,110,15,0.8469,7436.1
CRUISE,240000,33000,110,20,0.8469,7472.7
CRUISE,240000,33000,120,-20,0.8484,7216.6
CRUISE,240000,33000,120,-15,0.8484,7253.4
CRUISE,240000,33000,120,-10,0.8484,7290.2
CRUISE,240000,33000,120,-5,0.8484,7327
CRUISE,240000,33000,120,0,0.8484,7363.9
CRUISE,240000,33000,120,5,0.8484,7400.7
CRUISE,240000,33000,120,10,0.8484,7437.5
CRUISE,240000,33000,120,15,0.8484,7474.3
CRUISE,240000,33000,120,20,0.8484,7511.1
CRUISE,240000,33000,130,-20,0.8498,7253.6
CRUISE,240000,33000,130,-15,0.8498,7290.6
CRUISE,240000,33000,130,-10,0.8498,7327.7
CRUISE,240000,33000,130,-5,0.8498,7364.7
CRUISE,240000,33000,130,0,0.8498,7401.7
CRUISE,240000,33000,130,5,0.8498,7438.7
CRUISE,240000,33000,130,10,0.8498,7475.7
CRUISE,240000,33000,130,15,0.8498,7512.7
CRUISE,240000,33000,130,20,0.8498,7549.7
CRUISE,240000,33000,140,-20,0.8513,7290.8
CRUISE,240000,33000,140,-15,0.8513,7328
CRUISE,240000,33000,140,-10,0.8513,7365.2
CRUISE,240000,33000,140,-5,0.8513,7402.4
CRUISE,240000,33000,140,0,0.8513,7439.6
CRUISE,240000,33000,140,5,0.8513,7476.8
CRUISE,240000,33000,140,10,0.8513,7514
CRUISE,240000,33000,140,15,0.8513,7551.2
CRUISE,240000,33000,140,20,0.8513,7588.4
CRUISE,240000,33000,150,-20,0.8528,7328.1
CRUISE,240000,33000,150,-15,0.8528,7365.5
CRUISE,240000,33000,150,-10,0.8528,7402.9
CRUISE,240000,33000,150,-5,0.8528,7440.3
CRUISE,240000,33000,150,0,0.8528,7477.7
CRUISE,240000,33000,150,5,0.8528,7515.1
CRUISE,240000,33000,150,10,0.8528,7552.5
CRUISE,240000,33000,150,15,0.8528,7589.9
CRUISE,240000,33000,150,20,0.8528,7627.3
CRUISE,240000,33000,160,-20,0.8542,7365.6
CRUISE,240000,33000,160,-15,0.8542,7403.2
CRUISE,240000,33000,160,-10,0.8542,7440.8
CRUISE,240000,33000,160,-5,0.8542,7478.3
CRUISE,240000,33000,160,0,0.8542,7515.9
CRUISE,240000,33000,160,5,0.8542,7553.5
CRUISE,240000,33000,160,10,0.8542,7591.1
CRUISE,240000,33000,160,15,0.8542,7628.7
CRUISE,240000,33000,160,20,0.8542,7666.2
CRUISE,240000,33000,170,-20,0.8557,7403.2
CRUISE,240000,33000,170,-15,0.8557,7440.9
CRUISE,240000,33000,170,-10,0.8557,7478.7
CRUISE,240000,33000,170,-5,0.8557,7516.5
CRUISE,240000,33000,170,0,0.8557,7554.3
CRUISE,240000,33000,170,5,0.8557,7592
CRUISE,240000,33000,170,10,0.8557,7629.8
CRUISE,240000,33000,170,15,0.8557,7667.6
CRUISE,240000,33000,170,20,0.8557,7705.3
CRUISE,240000,33000,180,-20,0.8571,7440.9
CRUISE,240000,33000,180,-15,0.8571,7478.8
CRUISE,240000,33000,180,-10,0.8571,7516.8
CRUISE,240000,33000,180,-5,0.8571,7554.8
CRUISE,240000,33000,180,0,0.8571,7592.7
CRUISE,240000,33000,180,5,0.8571,7630.7
CRUISE,240000,33000,180,10,0.8571,7668.6
CRUISE,240000,33000,180,15,0.8571,7706.6
CRUISE,240000,33000,180,20,0.8571,7744.6
CRUISE,240000,33000,190,-20,0.8586,7478.7
CRUISE,240000,33000,190,-15,0.8586,7516.9
CRUISE,240000,33000,190,-10,0.8586,7555
CRUISE,240000,33000,190,-5,0.8586,7593.2
CRUISE,240000,33000,190,0,0.8586,7631.3
CRUISE,240000,33000,190,5,0.8586,7669.5
CRUISE,240000,33000,190,10,0.8586,7707.6
CRUISE,240000,33000,190,15,0.8586,7745.8
CRUISE,240000,33000,190,20,0.8586,7783.9
CRUISE,240000,33000,200,-20,0.86,7516.7
CRUISE,240000,33000,200,-15,0.86,7555
CRUISE,240000,33000,200,-10,0.86,7593.4
CRUISE,240000,33000,200,-5,0.86,7631.7
CRUISE,240000,33000,200,0,0.86,7670.1
CRUISE,240000,33000,200,5,0.86,7708.4
CRUISE,240000,33000,200,10,0.86,7746.8
CRUISE,240000,33000,200,15,0.86,7785.1
CRUISE,240000,33000,200,20,0.86,7823.5
CRUISE,240000,35000,0,-20,0.839,6675.8
CRUISE,240000,35000,0,-15,0.839,6709.8
CRUISE,240000,35000,0,-10,0.839,6743.9
CRUISE,240000,35000,0,-5,0.839,6777.9
CRUISE,240000,35000,0,0,0.839,6812
CRUISE,240000,35000,0,5,0.839,6846.1
CRUISE,240000,35000,0,10,0.839,6880.1
CRUISE,240000,35000,0,15,0.839,6914.2
CRUISE,240000,35000,0,20,0.839,6948.2
CRUISE,240000,35000,10,-20,0.84,6700.9
CRUISE,240000,35000,10,-15,0.84,6735
CRUISE,240000,35000,10,-10,0.84,6769.2
CRUISE,240000,35000,10,-5,0.84,6803.4
CRUISE,240000,35000,10,0,0.84,6837.6
CRUISE,240000,35000,10,5,0.84,6871.8
CRUISE,240000,35000,10,10,0.84,6906
CRUISE,240000,35000,10,15,0.84,6940.2
CRUISE,240000,35000,10,20,0.84,6974.4
CRUISE,240000,35000,20,-20,0.8411,6726
CRUISE,240000,35000,20,-15,0.8411,6760.3
CRUISE,240000,35000,20,-10,0.8411,6794.6
CRUISE,240000,35000,20,-5,0.8411,6829
CRUISE,240000,35000,20,0,0.8411,6863.3
CRUISE,240000,35000,20,5,0.8411,6897.6
CRUISE,240000,35000,20,10,0.8411,6931.9
CRUISE,240000,35000,20,15,0.8411,6966.2
CRUISE,240000,35000,20,20,0.8411,7000.5
CRUISE,240000,35000,30,-20,0.8421,6751.2
CRUISE,240000,35000,30,-15,0.8421,6785.7
CRUISE,240000,35000,30,-10,0.8421,6820.1
CRUISE,240000,35000,30,-5,0.8421,6854.6
CRUISE,240000,35000,30,0,0.8421,6889
CRUISE,240000,35000,30,5,0.8421,6923.5
CRUISE,240000,35000,30,10,0.8421,6957.9
CRUISE,240000,35000,30,15,0.8421,6992.3
CRUISE,240000,35000,30,20,0.8421,7026.8
CRUISE,240000,35000,40,-20,0.8432,6776.5
CRUISE,240000,35000,40,-15,0.8432,6811.1
CRUISE,240000,35000,40,-10,0.8432,6845.7
CRUISE,240000,35000,40,-5,0.8432,6880.2
CRUISE,240000,35000,40,0,0.8432,6914.8
CRUISE,240000,35000,40,5,0.8432,6949.4
CRUISE,240000,35000,40,10,0.8432,6984
CRUISE,240000,35000,40,15,0.8432,7018.5
CRUISE,240000,35000,40,20,0.8432,7053.1
CRUISE,240000,35000,50,-20,0.8442,6801.9
CRUISE,240000,35000,50,-15,0.8442,6836.6
CRUISE,240000,35000,50,-10,0.8442,6871.3
CRUISE,240000,35000,50,-5,0.8442,6906
CRUISE,240000,35000,50,0,0.8442,6940.7
CRUISE,240000,35000,50,5,0.8442,6975.4
CRUISE,240000,35000,50,10,0.8442,7010.1
CRUISE,240000,35000,50,15,0.8442,7044.8
CRUISE,240000,35000,50,20,0.8442,7079.5
CRUISE,240000,35000,60,-20,0.8453,6827.3
CRUISE,240000,35000,60,-15,0.8453,6862.1
CRUISE,240000,35000,60,-10,0.8453,6896.9
CRUISE,240000,35000,60,-5,0.8453,6931.8
CRUISE,240000,35000,60,0,0.8453,6966.6
CRUISE,240000,35000,60,5,0.8453,7001.4
CRUISE,240000,35000,60,10,0.8453,7036.3
CRUISE,240000,35000,60,15,0.8453,7071.1
CRUISE,240000,35000,60,20,0.8453,7105.9
CRUISE,240000,35000,70,-20,0.8463,6852.7
CRUISE,240000,35000,70,-15,0.8463,6887.7
CRUISE,240000,35000,70,-10,0.8463,6922.7
CRUISE,240000,35000,70,-5,0.8463,6957.6
CRUISE,240000,35000,70,0,0.8463,6992.6
CRUISE,240000,35000,70,5,0.8463,7027.6
CRUISE,240000,35000,70,10,0.8463,7062.5
CRUISE,240000,35000,70,15,0.8463,7097.5
CRUISE,240000,35000,70,20,0.8463,7132.5
CRUISE,240000,35000,80,-20,0.8474,6878.3
CRUISE,240000,35000,80,-15,0.8474,6913.4
CRUISE,240000,35000,80,-10,0.8474,6948.5
CRUISE,240000,35000,80,-5,0.8474,6983.6
CRUISE,240000,35000,80,0,0.8474,7018.7
CRUISE,240000,35000,80,5,0.8474,7053.8
CRUISE,240000,35000,80,10,0.8474,7088.8
CRUISE,240000,35000,80,15,0.8474,7123.9
CRUISE,240000,35000,80,20,0.8474,7159
CRUISE,240000,35000,90,-20,0.8484,6903.9
CRUISE,240000,35000,90,-15,0.8484,6939.1
CRUISE,240000,35000,90,-10,0.8484,6974.3
CRUISE,240000,35000,90,-5,0.8484,7009.6
CRUISE,240000,35000,90,0,0.8484,7044.8
CRUISE,240000,35000,90,5,0.8484,7080
CRUISE,240000,35000,90,10,0.8484,7115.2
CRUISE,240000,35000,90,15,0.8484,7150.5
CRUISE,240000,35000,90,20,0.8484,7185.7
CRUISE,240000,35000,100,-20,0.8495,6929.5
CRUISE,240000,35000,100,-15,0.8495,6964.9
CRUISE,240000,35000,100,-10,0.8495,7000.3
CRUISE,240000,35000,100,-5,0.8495,7035.6
CRUISE,240000,35000,100,0,0.8495,7071
CRUISE,240000,35000,100,5,0.8495,7106.3
CRUISE,240000,35000,100,10,0.8495,7141.7
CRUISE,240000,35000,100,15,0.8495,7177
CRUISE,240000,35000,100,20,0.8495,7212.4
CRUISE,240000,35000,110,-20,0.8506,6955.3
CRUISE,240000,35000,110,-15,0.8506,6990.8
CRUISE,240000,35000,110,-10,0.8506,7026.2
CRUISE,240000,35000,110,-5,0.8506,7061.7
CRUISE,240000,35000,110,0,0.8506,7097.2
CRUISE,240000,35000,110,5,0.8506,7132.7
CRUISE,240000,35000,110,10,0.8506,7168.2
CRUISE,240000,35000,110,15,0.8506,7203.7
CRUISE,240000,35000,110,20,0.8506,7239.2
CRUISE,240000,35000,120,-20,0.8516,6981.1
CRUISE,240000,35000,120,-15,0.8516,7016.7
CRUISE,240000,35000,120,-10,0.8516,7052.3
CRUISE,240000,35000,120,-5,0.8516,7087.9
CRUISE,240000,35000,120,0,0.8516,7123.5
CRUISE,240000,35000,120,5,0.8516,7159.2
CRUISE,240000,35000,120,10,0.8516,7194.8
CRUISE,240000,35000,120,15,0.8516,7230.4
CRUISE,240000,35000,120,20,0.8516,7266
CRUISE,240000,35000,130,-20,0.8527,7006.9
CRUISE,240000,35000,130,-15,0.8527,7042.7
CRUISE,240000,35000,130,-10,0.8527,7078.4
CRUISE,240000,35000,130,-5,0.8527,7114.2
CRUISE,240000,35000,130,0,0.8527,7149.9
CRUISE,240000,35000,130,5,0.8527,7185.7
CRUISE,240000,35000,130,10,0.8527,7221.4
CRUISE,240000,35000,130,15,0.8527,7257.2
CRUISE,240000,35000,130,20,0.8527,7292.9
CRUISE,240000,35000,140,-20,0.8537,7032.8
CRUISE,240000,35000,140,-15,0.8537,7068.7
CRUISE,240000,35000,140,-10,0.8537,7104.6
CRUISE,240000,35000,140,-5,0.8537,7140.5
CRUISE,240000,35000,140,0,0.8537,7176.4
CRUISE,240000,35000,140,5,0.8537,7212.2
CRUISE,240000,35000,140,10,0.8537,7248.1
CRUISE,240000,35000,140,15,0.8537,7284
CRUISE,240000,35000,140,20,0.8537,7319.9
CRUISE,240000,35000,150,-20,0.8548,7058.8
CRUISE,240000,35000,150,-15,0.8548,7094.8
CRUISE,240000,35000,150,-10,0.8548,7130.8
CRUISE,240000,35000,150,-5,0.8548,7166.9
CRUISE,240000,35000,150,0,0.8548,7202.9
CRUISE,240000,35000,150,5,0.8548,7238.9
CRUISE,240000,35000,150,10,0.8548,7274.9
CRUISE,240000,35000,150,15,0.8548,7310.9
CRUISE,240000,35000,150,20,0.8548,7346.9
CRUISE,240000,35000,160,-20,0.8558,7084.9
CRUISE,240000,35000,160,-15,0.8558,7121
CRUISE,240000,35000,160,-10,0.8558,7157.2
CRUISE,240000,35000,160,-5,0.8558,7193.3
CRUISE,240000,35000,160,0,0.8558,7229.5
CRUISE,240000,35000,160,5,0.8558,7265.6
CRUISE,240000,35000,160,10,0.8558,7301.8
CRUISE,240000,35000,160,15,0.8558,7337.9
CRUISE,240000,35000,160,20,0.8558,7374
CRUISE,240000,35000,170,-20,0.8569,7111
CRUISE,240000,35000,170,-15,0.8569,7147.3
CRUISE,240000,35000,170,-10,0.8569,7183.5
CRUISE,240000,35000,170,-5,0.8569,7219.8
CRUISE,240000,35000,170,0,0.8569,7256.1
CRUISE,240000,35000,170,5,0.8569,7292.4
CRUISE,240000,35000,170,10,0.8569,7328.7
CRUISE,240000,35000,170,15,0.8569,7364.9
CRUISE,240000,35000,170,20,0.8569,7401.2
CRUISE,240000,35000,180,-20,0.8579,7137.2
CRUISE,240000,35000,180,-15,0.8579,7173.6
CRUISE,240000,35000,180,-10,0.8579,7210
CRUISE,240000,35000,180,-5,0.8579,7246.4
CRUISE,240000,35000,180,0,0.8579,7282.8
CRUISE,240000,35000,180,5,0.8579,7319.2
CRUISE,240000,35000,180,10,0.8579,7355.6
CRUISE,240000,35000,180,15,0.8579,7392
CRUISE,240000,35000,180,20,0.8579,7428.5
CRUISE,240000,35000,190,-20,0.8589,7163.4
CRUISE,240000,35000,190,-15,0.8589,7199.9
CRUISE,240000,35000,190,-10,0.8589,7236.5
CRUISE,240000,35000,190,-5,0.8589,7273
CRUISE,240000,35000,190,0,0.8589,7309.6
CRUISE,240000,35000,190,5,0.8589,7346.1
CRUISE,240000,35000,190,10,0.8589,7382.7
CRUISE,240000,35000,190,15,0.8589,7419.2
CRUISE,240000,35000,190,20,0.8589,7455.8
CRUISE,240000,35000,200,-20,0.86,7189.7
CRUISE,240000,35000,200,-15,0.86,7226.4
CRUISE,240000,35000,200,-10,0.86,7263.1
CRUISE,240000,35000,200,-5,0.86,7299.7
CRUISE,240000,35000,200,0,0.86,7336.4
CRUISE,240000,35000,200,5,0.86,7373.1
CRUISE,240000,35000,200,10,0.86,7409.8
CRUISE,240000,35000,200,15,0.86,7446.5
CRUISE,240000,35000,200,20,0.86,7483.1
CRUISE,240000,37000,0,-20,0.839,6620.9
CRUISE,240000,37000,0,-15,0.839,6654.7
CRUISE,240000,37000,0,-10,0.839,6688.4
CRUISE,240000,37000,0,-5,0.839,6722.2
CRUISE,240000,37000,0,0,0.839,6756
CRUISE,240000,37000,0,5,0.839,6789.8
CRUISE,240000,37000,0,10,0.839,6823.6
CRUISE,240000,37000,0,15,0.839,6857.3
CRUISE,240000,37000,0,20,0.839,6891.1
CRUISE,240000,37000,10,-20,0.84,6645.8
CRUISE,240000,37000,10,-15,0.84,6679.7
CRUISE,240000,37000,10,-10,0.84,6713.6
CRUISE,240000,37000,10,-5,0.84,6747.5
CRUISE,240000,37000,10,0,0.84,6781.4
CRUISE,240000,37000,10,5,0.84,6815.3
CRUISE,240000,37000,10,10,0.84,6849.2
CRUISE,240000,37000,10,15,0.84,6883.1
CRUISE,240000,37000,10,20,0.84,6917
CRUISE,240000,37000,20,-20,0.8411,6670.7
CRUISE,240000,37000,20,-15,0.8411,6704.8
CRUISE,240000,37000,20,-10,0.8411,6738.8
CRUISE,240000,37000,20,-5,0.8411,6772.8
CRUISE,240000,37000,20,0,0.8411,6806.9
CRUISE,240000,37000,20,5,0.8411,6840.9
CRUISE,240000,37000,20,10,0.8411,6874.9
CRUISE,240000,37000,20,15,0.8411,6909
CRUISE,240000,37000,20,20,0.8411,6943
CRUISE,240000,37000,30,-20,0.8421,6695.7
CRUISE,240000,37000,30,-15,0.8421,6729.9
CRUISE,240000,37000,30,-10,0.8421,6764.1
CRUISE,240000,37000,30,-5,0.8421,6798.2
CRUISE,240000,37000,30,0,0.8421,6832.4
CRUISE,240000,37000,30,5,0.8421,6866.5
CRUISE,240000,37000,30,10,0.8421,6900.7
CRUISE,240000,37000,30,15,0.8421,6934.9
CRUISE,240000,37000,30,20,0.8421,6969
CRUISE,240000,37000,40,-20,0.8432,6720.8
CRUISE,240000,37000,40,-15,0.8432,6755.1
CRUISE,240000,37000,40,-10,0.8432,6789.4
CRUISE,240000,37000,40,-5,0.8432,6823.7
CRUISE,240000,37000,40,0,0.8432,6858
CRUISE,240000,37000,40,5,0.8432,6892.3
CRUISE,240000,37000,40,10,0.8432,6926.5
CRUISE,240000,37000,40,15,0.8432,6960.8
CRUISE,240000,37000,40,20,0.8432,6995.1
CRUISE,240000,37000,50,-20,0.8442,6745.9
CRUISE,240000,37000,50,-15,0.8442,6780.4
CRUISE,240000,37000,50,-10,0.8442,6814.8
CRUISE,240000,37000,50,-5,0.8442,6849.2
CRUISE,240000,37000,50,0,0.8442,6883.6
CRUISE,240000,37000,50,5,0.8442,6918
CRUISE,240000,37000,50,10,0.8442,6952.5
CRUISE,240000,37000,50,15,0.8442,6986.9
CRUISE,240000,37000,50,20,0.8442,7021.3
CRUISE,240000,37000,60,-20,0.8453,6771.2
CRUISE,240000,37000,60,-15,0.8453,6805.7
CRUISE,240000,37000,60,-10,0.8453,6840.2
CRUISE,240000,37000,60,-5,0.8453,6874.8
CRUISE,240000,37000,60,0,0.8453,6909.3
CRUISE,240000,37000,60,5,0.8453,6943.9
CRUISE,240000,37000,60,10,0.8453,6978.4
CRUISE,240000,37000,60,15,0.8453,7013
CRUISE,240000,37000,60,20,0.8453,7047.5
CRUISE,240000,37000,70,-20,0.8463,6796.4
CRUISE,240000,37000,70,-15,0.8463,6831.1
CRUISE,240000,37000,70,-10,0.8463,6865.8
CRUISE,240000,37000,70,-5,0.8463,6900.4
CRUISE,240000,37000,70,0,0.8463,6935.1
CRUISE,240000,37000,70,5,0.8463,6969.8
CRUISE,240000,37000,70,10,0.8463,7004.5
CRUISE,240000,37000,70,15,0.8463,7039.1
CRUISE,240000,37000,70,20,0.8463,7073.8
CRUISE,240000,37000,80,-20,0.8474,6821.7
CRUISE,240000,37000,80,-15,0.8474,6856.5
CRUISE,240000,37000,80,-10,0.8474,6891.4
CRUISE,240000,37000,80,-5,0.8474,6926.2
CRUISE,240000,37000,80,0,0.8474,6961
CRUISE,240000,37000,80,5,0.8474,6995.8
CRUISE,240000,37000,80,10,0.8474,7030.6
CRUISE,240000,37000,80,15,0.8474,7065.4
CRUISE,240000,37000,80,20,0.8474,7100.2
CRUISE,240000,37000,90,-20,0.8484,6847.1
CRUISE,240000,37000,90,-15,0.8484,6882.1
CRUISE,240000,37000,90,-10,0.8484,6917
CRUISE,240000,37000,90,-5,0.8484,6951.9
CRUISE,240000,37000,90,0,0.8484,6986.9
CRUISE,240000,37000,90,5,0.8484,7021.8
CRUISE,240000,37000,90,10,0.8484,7056.7
CRUISE,240000,37000,90,15,0.8484,7091.7
CRUISE,240000,37000,90,20,0.8484,7126.6
CRUISE,240000,37000,100,-20,0.8495,6872.6
CRUISE,240000,37000,100,-15,0.8495,6907.6
CRUISE,240000,37000,100,-10,0.8495,6942.7
CRUISE,240000,37000,100,-5,0.8495,6977.8
CRUISE,240000,37000,100,0,0.8495,7012.8
CRUISE,240000,37000,100,5,0.8495,7047.9
CRUISE,240000,37000,100,10,0.8495,7083
CRUISE,240000,37000,100,15,0.8495,7118
CRUISE,240000,37000,100,20,0.8495,7153.1
CRUISE,240000,37000,110,-20,0.8506,6898.1
CRUISE,240000,37000,110,-15,0.8506,6933.3
CRUISE,240000,37000,110,-10,0.8506,6968.5
CRUISE,240000,37000,110,-5,0.8506,7003.7
CRUISE,240000,37000,110,0,0.8506,7038.9
CRUISE,240000,37000,110,5,0.8506,7074.1
CRUISE,240000,37000,110,10,0.8506,7109.3
CRUISE,240000,37000,110,15,0.8506,7144.5
CRUISE,240000,37000,110,20,0.8506,7179.7
CRUISE,240000,37000,120,-20,0.8516,6923.7
CRUISE,240000,37000,120,-15,0.8516,6959
CRUISE,240000,37000,120,-10,0.8516,6994.3
CRUISE,240000,37000,120,-5,0.8516,7029.7
CRUISE,240000,37000,120,0,0.8516,7065
CRUISE,240000,37000,120,5,0.8516,7100.3
CRUISE,240000,37000,120,10,0.8516,7135.6
CRUISE,240000,37000,120,15,0.8516,7171
CRUISE,240000,37000,120,20,0.8516,7206.3
CRUISE,240000,37000,130,-20,0.8527,6949.3
CRUISE,240000,37000,130,-15,0.8527,6984.8
CRUISE,240000,37000,130,-10,0.8527,7020.2
CRUISE,240000,37000,130,-5,0.8527,7055.7
CRUISE,240000,37000,130,0,0.8527,7091.1
CRUISE,240000,37000,130,5,0.8527,7126.6
CRUISE,240000,37000,130,10,0.8527,7162.1
CRUISE,240000,37000,130,15,0.8527,7197.5
CRUISE,240000,37000,130,20,0.8527,7233
CRUISE,240000,37000,140,-20,0.8537,6975
CRUISE,240000,37000,140,-15,0.8537,7010.6
CRUISE,240000,37000,140,-10,0.8537,7046.2
CRUISE,240000,37000,140,-5,0.8537,7081.8
CRUISE,240000,37000,140,0,0.8537,7117.4
CRUISE,240000,37000,140,5,0.8537,7153
CRUISE,240000,37000,140,10,0.8537,7188.5
CRUISE,240000,37000,140,15,0.8537,7224.1
CRUISE,240000,37000,140,20,0.8537,7259.7
CRUISE,240000,37000,150,-20,0.8548,7000.8
CRUISE,240000,37000,150,-15,0.8548,7036.5
CRUISE,240000,37000,150,-10,0.8548,7072.2
CRUISE,240000,37000,150,-5,0.8548,7107.9
CRUISE,240000,37000,150,0,0.8548,7143.7
CRUISE,240000,37000,150,5,0.8548,7179.4
CRUISE,240000,37000,150,10,0.8548,7215.1
CRUISE,240000,37000,150,15,0.8548,7250.8
CRUISE,240000,37000,150,20,0.8548,7286.5
CRUISE,240000,37000,160,-20,0.8558,7026.6
CRUISE,240000,37000,160,-15,0.8558,7062.5
CRUISE,240000,37000,160,-10,0.8558,7098.3
CRUISE,240000,37000,160,-5,0.8558,7134.2
CRUISE,240000,37000,160,0,0.8558,7170
CRUISE,240000,37000,160,5,0.8558,7205.9
CRUISE,240000,37000,160,10,0.8558,7241.7
CRUISE,240000,37000,160,15,0.8558,7277.6
CRUISE,240000,37000,160,20,0.8558,7313.4
CRUISE,240000,37000,170,-20,0.8569,7052.5
CRUISE,240000,37000,170,-15,0.8569,7088.5
CRUISE,240000,37000,170,-10,0.8569,7124.5
CRUISE,240000,37000,170,-5,0.8569,7160.5
CRUISE,240000,37000,170,0,0.8569,7196.4
CRUISE,240000,37000,170,5,0.8569,7232.4
CRUISE,240000,37000,170,10,0.8569,7268.4
CRUISE,240000,37000,170,15,0.8569,7304.4
CRUISE,240000,37000,170,20,0.8569,7340.4
CRUISE,240000,37000,180,-20,0.8579,7078.5
CRUISE,240000,37000,180,-15,0.8579,7114.6
CRUISE,240000,37000,180,-10,0.8579,7150.7
CRUISE,240000,37000,180,-5,0.8579,7186.8
CRUISE,240000,37000,180,0,0.8579,7222.9
CRUISE,240000,37000,180,5,0.8579,7259.1
CRUISE,240000,37000,180,10,0.8579,7295.2
CRUISE,240000,37000,180,15,0.8579,7331.3
CRUISE,240000,37000,180,20,0.8579,7367.4
CRUISE,240000,37000,190,-20,0.8589,7104.5
CRUISE,240000,37000,190,-15,0.8589,7140.7
CRUISE,240000,37000,190,-10,0.8589,7177
CRUISE,240000,37000,190,-5,0.8589,7213.2
CRUISE,240000,37000,190,0,0.8589,7249.5
CRUISE,240000,37000,190,5,0.8589,7285.7
CRUISE,240000,37000,190,10,0.8589,7322
CRUISE,240000,37000,190,15,0.8589,7358.2
CRUISE,240000,37000,190,20,0.8589,7394.5
CRUISE,240000,37000,200,-20,0.86,7130.6
CRUISE,240000,37000,200,-15,0.86,7167
CRUISE,240000,37000,200,-10,0.86,7203.3
CRUISE,240000,37000,200,-5,0.86,7239.7
CRUISE,240000,37000,200,0,0.86,7276.1
CRUISE,240000,37000,200,5,0.86,7312.5
CRUISE,240000,37000,200,10,0.86,7348.9
CRUISE,240000,37000,200,15,0.86,7385.2
CRUISE,240000,37000,200,20,0.86,7421.6
CRUISE,260000,25000,0,-20,0.746,7352
CRUISE,260000,25000,0,-15,0.746,7389.5
CRUISE,260000,25000,0,-10,0.746,7427
CRUISE,260000,25000,0,-5,0.746,7464.5
CRUISE,260000,25000,0,0,0.746,7502
CRUISE,260000,25000,0,5,0.746,7539.5
CRUISE,260000,25000,0,10,0.746,7577
CRUISE,260000,25000,0,15,0.746,7614.5
CRUISE,260000,25000,0,20,0.746,7652
CRUISE,260000,25000,10,-20,0.7517,7521.8
CRUISE,260000,25000,10,-15,0.7517,7560.2
CRUISE,260000,25000,10,-10,0.7517,7598.5
CRUISE,260000,25000,10,-5,0.7517,7636.9
CRUISE,260000,25000,10,0,0.7517,7675.3
CRUISE,260000,25000,10,5,0.7517,7713.7
CRUISE,260000,25000,10,10,0.7517,7752
CRUISE,260000,25000,10,15,0.7517,7790.4
CRUISE,260000,25000,10,20,0.7517,7828.8
CRUISE,260000,25000,20,-20,0.7574,7694.2
CRUISE,260000,25000,20,-15,0.7574,7733.4
CRUISE,260000,25000,20,-10,0.7574,7772.7
CRUISE,260000,25000,20,-5,0.7574,7812
CRUISE,260000,25000,20,0,0.7574,7851.2
CRUISE,260000,25000,20,5,0.7574,7890.5
CRUISE,260000,25000,20,10,0.7574,7929.7
CRUISE,260000,25000,20,15,0.7574,7969
CRUISE,260000,25000,20,20,0.7574,8008.2
CRUISE,260000,25000,30,-20,0.7631,7869.2
CRUISE,260000,25000,30,-15,0.7631,7909.4
CRUISE,260000,25000,30,-10,0.7631,7949.5
CRUISE,260000,25000,30,-5,0.7631,7989.7
CRUISE,260000,25000,30,0,0.7631,8029.8
CRUISE,260000,25000,30,5,0.7631,8070
CRUISE,260000,25000,30,10,0.7631,8110.1
CRUISE,260000,25000,30,15,0.7631,8150.3
CRUISE,260000,25000,30,20,0.7631,8190.4
CRUISE,260000,25000,40,-20,0.7688,8046.9
CRUISE,260000,25000,40,-15,0.7688,8087.9
CRUISE,260000,25000,40,-10,0.7688,8129
CRUISE,260000,25000,40,-5,0.7688,8170
CRUISE,260000,25000,40,0,0.7688,8211.1
CRUISE,260000,25000,40,5,0.7688,8252.1
CRUISE,260000,25000,40,10,0.7688,8293.2
CRUISE,260000,25000,40,15,0.7688,8334.3
CRUISE,260000,25000,40,20,0.7688,8375.3
CRUISE,260000,25000,50,-20,0.7745,8227.2
CRUISE,260000,25000,50,-15,0.7745,8269.2
CRUISE,260000,25000,50,-10,0.7745,8311.1
CRUISE,260000,25000,50,-5,0.7745,8353.1
CRUISE,260000,25000,50,0,0.7745,8395.1
CRUISE,260000,25000,50,5,0.7745,8437.1
CRUISE,260000,25000,50,10,0.7745,8479
CRUISE,260000,25000,50,15,0.7745,8521
CRUISE,260000,25000,50,20,0.7745,8563
CRUISE,260000,25000,60,-20,0.7802,8410.2
CRUISE,260000,25000,60,-15,0.7802,8453.1
CRUISE,260000,25000,60,-10,0.7802,8496
CRUISE,260000,25000,60,-5,0.7802,8538.9
CRUISE,260000,25000,60,0,0.7802,8581.8
CRUISE,260000,25000,60,5,0.7802,8624.7
CRUISE,260000,25000,60,10,0.7802,8667.6
CRUISE,260000,25000,60,15,0.7802,8710.5
CRUISE,260000,25000,60,20,0.7802,8753.4
CRUISE,260000,25000,70,-20,0.7859,8595.8
CRUISE,260000,25000,70,-15,0.7859,8639.7
CRUISE,260000,25000,70,-10,0.7859,8683.6
CRUISE,260000,25000,70,-5,0.7859,8727.4
CRUISE,260000,25000,70,0,0.7859,8771.3
CRUISE,260000,25000,70,5,0.7859,8815.1
CRUISE,260000,25000,70,10,0.7859,8859
CRUISE,260000,25000,70,15,0.7859,8902.8
CRUISE,260000,25000,70,20,0.7859,8946.7
CRUISE,260000,25000,80,-20,0.7916,8784.2
CRUISE,260000,25000,80,-15,0.7916,8829.1
CRUISE,260000,25000,80,-10,0.7916,8873.9
CRUISE,260000,25000,80,-5,0.7916,8918.7
CRUISE,260000,25000,80,0,0.7916,8963.5
CRUISE,260000,25000,80,5,0.7916,9008.3
CRUISE,260000,25000,80,10,0.7916,9053.1
CRUISE,260000,25000,80,15,0.7916,9098
CRUISE,260000,25000,80,20,0.7916,9142.8
CRUISE,260000,25000,90,-20,0.7973,8975.4
CRUISE,260000,25000,90,-15,0.7973,9021.2
CRUISE,260000,25000,90,-10,0.7973,9066.9
CRUISE,260000,25000,90,-5,0.7973,9112.7
CRUISE,260000,25000,90,0,0.7973,9158.5
CRUISE,260000,25000,90,5,0.7973,9204.3
CRUISE,260000,25000,90,10,0.7973,9250.1
CRUISE,260000,25000,90,15,0.7973,9295.9
CRUISE,260000,25000,90,20,0.7973,9341.7
CRUISE,260000,25000,100,-20,0.803,9169.2
CRUISE,260000,25000,100,-15,0.803,9216
CRUISE,260000,25000,100,-10,0.803,9262.8
CRUISE,260000,25000,100,-5,0.803,9309.6
CRUISE,260000,25000,100,0,0.803,9356.4
CRUISE,260000,25000,100,5,0.803,9403.1
CRUISE,260000,25000,100,10,0.803,9449.9
CRUISE,260000,25000,100,15,0.803,9496.7
CRUISE,260000,25000,100,20,0.803,9543.5
CRUISE,260000,25000,110,-20,0.8087,9365.9
CRUISE,260000,25000,110,-15,0.8087,9413.7
CRUISE,260000,25000,110,-10,0.8087,9461.5
CRUISE,260000,25000,110,-5,0.8087,9509.2
CRUISE,260000,25000,110,0,0.8087,9557
CRUISE,260000,25000,110,5,0.8087,9604.8
CRUISE,260000,25000,110,10,0.8087,9652.6
CRUISE,260000,25000,110,15,0.8087,9700.4
CRUISE,260000,25000,110,20,0.8087,9748.2
CRUISE,260000,25000,120,-20,0.8144,9565.3
CRUISE,260000,25000,120,-15,0.8144,9614.1
CRUISE,260000,25000,120,-10,0.8144,9662.9
CRUISE,260000,25000,120,-5,0.8144,9711.7
CRUISE,260000,25000,120,0,0.8144,9760.5
CRUISE,260000,25000,120,5,0.8144,9809.3
CRUISE,260000,25000,120,10,0.8144,9858.1
CRUISE,260000,25000,120,15,0.8144,9906.9
CRUISE,260000,25000,120,20,0.8144,9955.8
CRUISE,260000,25000,130,-20,0.8201,9767.6
CRUISE,260000,25000,130,-15,0.8201,9817.4
CRUISE,260000,25000,130,-10,0.8201,9867.3
CRUISE,260000,25000,130,-5,0.8201,9917.1
CRUISE,260000,25000,130,0,0.8201,9966.9
CRUISE,260000,25000,130,5,0.8201,10016.8
CRUISE,260000,25000,130,10,0.8201,10066.6
CRUISE,260000,25000,130,15,0.8201,10116.4
CRUISE,260000,25000,130,20,0.8201,10166.3
CRUISE,260000,25000,140,-20,0.8258,9972.7
CRUISE,260000,25000,140,-15,0.8258,10023.5
CRUISE,260000,25000,140,-10,0.8258,10074.4
CRUISE,260000,25000,140,-5,0.8258,10125.3
CRUISE,260000,25000,140,0,0.8258,10176.2
CRUISE,260000,25000,140,5,0.8258,10227.1
CRUISE,260000,25000,140,10,0.8258,10278
CRUISE,260000,25000,140,15,0.8258,10328.8
CRUISE,260000,25000,140,20,0.8258,10379.7
CRUISE,260000,25000,150,-20,0.8315,10180.6
CRUISE,260000,25000,150,-15,0.8315,10232.5
CRUISE,260000,25000,150,-10,0.8315,10284.5
CRUISE,260000,25000,150,-5,0.8315,10336.4
CRUISE,260000,25000,150,0,0.8315,10388.4
CRUISE,260000,25000,150,5,0.8315,10440.3
CRUISE,260000,25000,150,10,0.8315,10492.3
CRUISE,260000,25000,150,15,0.8315,10544.2
CRUISE,260000,25000,150,20,0.8315,10596.1
CRUISE,260000,25000,160,-20,0.8372,10391.4
CRUISE,260000,25000,160,-15,0.8372,10444.4
CRUISE,260000,25000,160,-10,0.8372,10497.4
CRUISE,260000,25000,160,-5,0.8372,10550.5
CRUISE,260000,25000,160,0,0.8372,10603.5
CRUISE,260000,25000,160,5,0.8372,10656.5
CRUISE,260000,25000,160,10,0.8372,10709.5
CRUISE,260000,25000,160,15,0.8372,10762.5
CRUISE,260000,25000,160,20,0.8372,10815.5
CRUISE,260000,25000,170,-20,0.8429,10605.1
CRUISE,260000,25000,170,-15,0.8429,10659.2
CRUISE,260000,25000,170,-10,0.8429,10713.3
CRUISE,260000,25000,170,-5,0.8429,10767.4
CRUISE,260000,25000,170,0,0.8429,10821.5
CRUISE,260000,25000,170,5,0.8429,10875.6
CRUISE,260000,25000,170,10,0.8429,10929.7
CRUISE,260000,25000,170,15,0.8429,10983.9
CRUISE,260000,25000,170,20,0.8429,11038
CRUISE,260000,25000,180,-20,0.8486,10821.7
CRUISE,260000,25000,180,-15,0.8486,10876.9
CRUISE,260000,25000,180,-10,0.8486,10932.1
CRUISE,260000,25000,180,-5,0.8486,10987.3
CRUISE,260000,25000,180,0,0.8486,11042.6
CRUISE,260000,25000,180,5,0.8486,11097.8
CRUISE,260000,25000,180,10,0.8486,11153
CRUISE,260000,25000,180,15,0.8486,11208.2
CRUISE,260000,25000,180,20,0.8486,11263.4
CRUISE,260000,25000,190,-20,0.8543,11041.2
CRUISE,260000,25000,190,-15,0.8543,11097.6
CRUISE,260000,25000,190,-10,0.8543,11153.9
CRUISE,260000,25000,190,-5,0.8543,11210.2
CRUISE,260000,25000,190,0,0.8543,11266.6
CRUISE,260000,25000,190,5,0.8543,11322.9
CRUISE,260000,25000,190,10,0.8543,11379.2
CRUISE,260000,25000,190,15,0.8543,11435.6
CRUISE,260000,25000,190,20,0.8543,11491.9
CRUISE,260000,25000,200,-20,0.86,11263.7
CRUISE,260000,25000,200,-15,0.86,11321.2
CRUISE,260000,25000,200,-10,0.86,11378.7
CRUISE,260000,25000,200,-5,0.86,11436.1
CRUISE,260000,25000,200,0,0.86,11493.6
CRUISE,260000,25000,200,5,0.86,11551.1
CRUISE,260000,25000,200,10,0.86,11608.5
CRUISE,260000,25000,200,15,0.86,11666
CRUISE,260000,25000,200,20,0.86,11723.5
CRUISE,260000,27000,0,-20,0.78,7440.2
CRUISE,260000,27000,0,-15,0.78,7478.1
CRUISE,260000,27000,0,-10,0.78,7516.1
CRUISE,260000,27000,0,-5,0.78,7554
CRUISE,260000,27000,0,0,0.78,7592
CRUISE,260000,27000,0,5,0.78,7630
CRUISE,260000,27000,0,10,0.78,7667.9
CRUISE,260000,27000,0,15,0.78,7705.9
CRUISE,260000,27000,0,20,0.78,7743.8
CRUISE,260000,27000,10,-20,0.784,7555.2
CRUISE,260000,27000,10,-15,0.784,7593.8
CRUISE,260000,27000,10,-10,0.784,7632.3
CRUISE,260000,27000,10,-5,0.784,7670.9
CRUISE,260000,27000,10,0,0.784,7709.4
CRUISE,260000,27000,10,5,0.784,7747.9
CRUISE,260000,27000,10,10,0.784,7786.5
CRUISE,260000,27000,10,15,0.784,7825
CRUISE,260000,27000,10,20,0.784,7863.6
CRUISE,260000,27000,20,-20,0.788,7671.4
CRUISE,260000,27000,20,-15,0.788,7710.6
CRUISE,260000,27000,20,-10,0.788,7749.7
CRUISE,260000,27000,20,-5,0.788,7788.9
CRUISE,260000,27000,20,0,0.788,7828
CRUISE,260000,27000,20,5,0.788,7867.1
CRUISE,260000,27000,20,10,0.788,7906.3
CRUISE,260000,27000,20,15,0.788,7945.4
CRUISE,260000,27000,20,20,0.788,7984.6
CRUISE,260000,27000,30,-20,0.792,7788.9
CRUISE,260000,27000,30,-15,0.792,7828.6
CRUISE,260000,27000,30,-10,0.792,7868.3
CRUISE,260000,27000,30,-5,0.792,7908.1
CRUISE,260000,27000,30,0,0.792,7947.8
CRUISE,260000,27000,30,5,0.792,7987.6
CRUISE,260000,27000,30,10,0.792,8027.3
CRUISE,260000,27000,30,15,0.792,8067
CRUISE,260000,27000,30,20,0.792,8106.8
CRUISE,260000,27000,40,-20,0.796,7907.5
CRUISE,260000,27000,40,-15,0.796,7947.8
CRUISE,260000,27000,40,-10,0.796,7988.2
CRUISE,260000,27000,40,-5,0.796,8028.5
CRUISE,260000,27000,40,0,0.796,8068.8
CRUISE,260000,27000,40,5,0.796,8109.2
CRUISE,260000,27000,40,10,0.796,8149.5
CRUISE,260000,27000,40,15,0.796,8189.9
CRUISE,260000,27000,40,20,0.796,8230.2
CRUISE,260000,27000,50,-20,0.8,8027.3
CRUISE,260000,27000,50,-15,0.8,8068.2
CRUISE,260000,27000,50,-10,0.8,8109.2
CRUISE,260000,27000,50,-5,0.8,8150.1
CRUISE,260000,27000,50,0,0.8,8191.1
CRUISE,260000,27000,50,5,0.8,8232.1
CRUISE,260000,27000,50,10,0.8,8273
CRUISE,260000,27000,50,15,0.8,8314
CRUISE,260000,27000,50,20,0.8,8354.9
CRUISE,260000,27000,60,-20,0.804,8148.3
CRUISE,260000,27000,60,-15,0.804,8189.9
CRUISE,260000,27000,60,-10,0.804,8231.4
CRUISE,260000,27000,60,-5,0.804,8273
CRUISE,260000,27000,60,0,0.804,8314.6
CRUISE,260000,27000,60,5,0.804,8356.2
CRUISE,260000,27000,60,10,0.804,8397.7
CRUISE,260000,27000,60,15,0.804,8439.3
CRUISE,260000,27000,60,20,0.804,8480.9
CRUISE,260000,27000,70,-20,0.808,8270.5
CRUISE,260000,27000,70,-15,0.808,8312.7
CRUISE,260000,27000,70,-10,0.808,8354.9
CRUISE,260000,27000,70,-5,0.808,8397.1
CRUISE,260000,27000,70,0,0.808,8439.3
CRUISE,260000,27000,70,5,0.808,8481.5
CRUISE,260000,27000,70,10,0.808,8523.7
CRUISE,260000,27000,70,15,0.808,8565.9
CRUISE,260000,27000,70,20,0.808,8608.1
CRUISE,260000,27000,80,-20,0.812,8394
CRUISE,260000,27000,80,-15,0.812,8436.8
CRUISE,260000,27000,80,-10,0.812,8479.6
CRUISE,260000,27000,80,-5,0.812,8522.4
CRUISE,260000,27000,80,0,0.812,8565.3
CRUISE,260000,27000,80,5,0.812,8608.1
CRUISE,260000,27000,80,10,0.812,8650.9
CRUISE,260000,27000,80,15,0.812,8693.7
CRUISE,260000,27000,80,20,0.812,8736.6
CRUISE,260000,27000,90,-20,0.816,8518.6
CRUISE,260000,27000,90,-15,0.816,8562.1
CRUISE,260000,27000,90,-10,0.816,8605.5
CRUISE,260000,27000,90,-5,0.816,8649
CRUISE,260000,27000,90,0,0.816,8692.5
CRUISE,260000,27000,90,5,0.816,8735.9
CRUISE,260000,27000,90,10,0.816,8779.4
CRUISE,260000,27000,90,15,0.816,8822.9
CRUISE,260000,27000,90,20,0.816,8866.3
CRUISE,260000,27000,100,-20,0.82,8644.5
CRUISE,260000,27000,100,-15,0.82,8688.6
CRUISE,260000,27000,100,-10,0.82,8732.7
CRUISE,260000,27000,100,-5,0.82,8776.8
CRUISE,260000,27000,100,0,0.82,8820.9
CRUISE,260000,27000,100,5,0.82,8865
CRUISE,260000,27000,100,10,0.82,8909.1
CRUISE,260000,27000,100,15,0.82,8953.2
CRUISE,260000,27000,100,20,0.82,8997.3
CRUISE,260000,27000,110,-20,0.824,8771.6
CRUISE,260000,27000,110,-15,0.824,8816.4
CRUISE,260000,27000,110,-10,0.824,8861.1
CRUISE,260000,27000,110,-5,0.824,8905.9
CRUISE,260000,27000,110,0,0.824,8950.6
CRUISE,260000,27000,110,5,0.824,8995.4
CRUISE,260000,27000,110,10,0.824,9040.1
CRUISE,260000,27000,110,15,0.824,9084.9
CRUISE,260000,27000,110,20,0.824,9129.7
CRUISE,260000,27000,120,-20,0.828,8900
CRUISE,260000,27000,120,-15,0.828,8945.4
CRUISE,260000,27000,120,-10,0.828,8990.8
CRUISE,260000,27000,120,-5,0.828,9036.2
CRUISE,260000,27000,120,0,0.828,9081.6
CRUISE,260000,27000,120,5,0.828,9127
CRUISE,260000,27000,120,10,0.828,9172.4
CRUISE,260000,27000,120,15,0.828,9217.8
CRUISE,260000,27000,120,20,0.828,9263.3
CRUISE,260000,27000,130,-20,0.832,9029.6
CRUISE,260000,27000,130,-15,0.832,9075.7
CRUISE,260000,27000,130,-10,0.832,9121.7
CRUISE,260000,27000,130,-5,0.832,9167.8
CRUISE,260000,27000,130,0,0.832,9213.9
CRUISE,260000,27000,130,5,0.832,9259.9
CRUISE,260000,27000,130,10,0.832,9306
CRUISE,260000,27000,130,15,0.832,9352.1
CRUISE,260000,27000,130,20,0.832,9398.2
CRUISE,260000,27000,140,-20,0.836,9160.5
CRUISE,260000,27000,140,-15,0.836,9207.2
CRUISE,260000,27000,140,-10,0.836,9253.9
CRUISE,260000,27000,140,-5,0.836,9300.7
CRUISE,260000,27000,140,0,0.836,9347.4
CRUISE,260000,27000,140,5,0.836,9394.1
CRUISE,260000,27000,140,10,0.836,9440.9
CRUISE,260000,27000,140,15,0.836,9487.6
CRUISE,260000,27000,140,20,0.836,9534.4
CRUISE,260000,27000,150,-20,0.84,9292.6
CRUISE,260000,27000,150,-15,0.84,9340
CRUISE,260000,27000,150,-10,0.84,9387.4
CRUISE,260000,27000,150,-5,0.84,9434.8
CRUISE,260000,27000,150,0,0.84,9482.2
CRUISE,260000,27000,150,5,0.84,9529.6
CRUISE,260000,27000,150,10,0.84,9577
CRUISE,260000,27000,150,15,0.84,9624.5
CRUISE,260000,27000,150,20,0.84,9671.9
CRUISE,260000,27000,160,-20,0.844,9426
CRUISE,260000,27000,160,-15,0.844,9474.1
CRUISE,260000,27000,160,-10,0.844,9522.1
CRUISE,260000,27000,160,-5,0.844,9570.2
CRUISE,260000,27000,160,0,0.844,9618.3
CRUISE,260000,27000,160,5,0.844,9666.4
CRUISE,260000,27000,160,10,0.844,9714.5
CRUISE,260000,27000,160,15,0.844,9762.6
CRUISE,260000,27000,160,20,0.844,9810.7
CRUISE,260000,27000,170,-20,0.848,9560.6
CRUISE,260000,27000,170,-15,0.848,9609.4
CRUISE,260000,27000,170,-10,0.848,9658.2
CRUISE,260000,27000,170,-5,0.848,9707
CRUISE,260000,27000,170,0,0.848,9755.7
CRUISE,260000,27000,170,5,0.848,9804.5
CRUISE,260000,27000,170,10,0.848,9853.3
CRUISE,260000,27000,170,15,0.848,9902.1
CRUISE,260000,27000,170,20,0.848,9950.8
CRUISE,260000,27000,180,-20,0.852,9696.6
CRUISE,260000,27000,180,-15,0.852,9746
CRUISE,260000,27000,180,-10,0.852,9795.5
CRUISE,260000,27000,180,-5,0.852,9845
CRUISE,260000,27000,180,0,0.852,9894.4
CRUISE,260000,27000,180,5,0.852,9943.9
CRUISE,260000,27000,180,10,0.852,9993.4
CRUISE,260000,27000,180,15,0.852,10042.9
CRUISE,260000,27000,180,20,0.852,10092.3
CRUISE,260000,27000,190,-20,0.856,9833.8
CRUISE,260000,27000,190,-15,0.856,9883.9
CRUISE,260000,27000,190,-10,0.856,9934.1
CRUISE,260000,27000,190,-5,0.856,9984.3
CRUISE,260000,27000,190,0,0.856,10034.5
CRUISE,260000,27000,190,5,0.856,10084.6
CRUISE,260000,27000,190,10,0.856,10134.8
CRUISE,260000,27000,190,15,0.856,10185
CRUISE,260000,27000,190,20,0.856,10235.1
CRUISE,260000,27000,200,-20,0.86,9972.3
CRUISE,260000,27000,200,-15,0.86,10023.1
CRUISE,260000,27000,200,-10,0.86,10074
CRUISE,260000,27000,200,-5,0.86,10124.9
CRUISE,260000,27000,200,0,0.86,10175.8
CRUISE,260000,27000,200,5,0.86,10226.7
CRUISE,260000,27000,200,10,0.86,10277.5
CRUISE,260000,27000,200,15,0.86,10328.4
CRUISE,260000,27000,200,20,0.86,10379.3
CRUISE,260000,29000,0,-20,0.81,7453.9
CRUISE,260000,29000,0,-15,0.81,7491.9
CRUISE,260000,29000,0,-10,0.81,7529.9
CRUISE,260000,29000,0,-5,0.81,7568
CRUISE,260000,29000,0,0,0.81,7606
CRUISE,260000,29000,0,5,0.81,7644
CRUISE,260000,29000,0,10,0.81,7682.1
CRUISE,260000,29000,0,15,0.81,7720.1
CRUISE,260000,29000,0,20,0.81,7758.1
CRUISE,260000,29000,10,-20,0.8125,7523.1
CRUISE,260000,29000,10,-15,0.8125,7561.5
CRUISE,260000,29000,10,-10,0.8125,7599.9
CRUISE,260000,29000,10,-5,0.8125,7638.3
CRUISE,260000,29000,10,0,0.8125,7676.6
CRUISE,260000,29000,10,5,0.8125,7715
CRUISE,260000,29000,10,10,0.8125,7753.4
CRUISE,260000,29000,10,15,0.8125,7791.8
CRUISE,260000,29000,10,20,0.8125,7830.2
CRUISE,260000,29000,20,-20,0.815,7592.8
CRUISE,260000,29000,20,-15,0.815,7631.5
CRUISE,260000,29000,20,-10,0.815,7670.2
CRUISE,260000,29000,20,-5,0.815,7709
CRUISE,260000,29000,20,0,0.815,7747.7
CRUISE,260000,29000,20,5,0.815,7786.5
CRUISE,260000,29000,20,10,0.815,7825.2
CRUISE,260000,29000,20,15,0.815,7863.9
CRUISE,260000,29000,20,20,0.815,7902.7
CRUISE,260000,29000,30,-20,0.8175,7662.9
CRUISE,260000,29000,30,-15,0.8175,7702
CRUISE,260000,29000,30,-10,0.8175,7741
CRUISE,260000,29000,30,-5,0.8175,7780.1
CRUISE,260000,29000,30,0,0.8175,7819.2
CRUISE,260000,29000,30,5,0.8175,7858.3
CRUISE,260000,29000,30,10,0.8175,7897.4
CRUISE,260000,29000,30,15,0.8175,7936.5
CRUISE,260000,29000,30,20,0.8175,7975.6
CRUISE,260000,29000,40,-20,0.82,7733.4
CRUISE,260000,29000,40,-15,0.82,7772.8
CRUISE,260000,29000,40,-10,0.82,7812.3
CRUISE,260000,29000,40,-5,0.82,7851.7
CRUISE,260000,29000,40,0,0.82,7891.2
CRUISE,260000,29000,40,5,0.82,7930.7
CRUISE,260000,29000,40,10,0.82,7970.1
CRUISE,260000,29000,40,15,0.82,8009.6
CRUISE,260000,29000,40,20,0.82,8049
CRUISE,260000,29000,50,-20,0.8225,7804.3
CRUISE,260000,29000,50,-15,0.8225,7844.1
CRUISE,260000,29000,50,-10,0.8225,7884
CRUISE,260000,29000,50,-5,0.8225,7923.8
CRUISE,260000,29000,50,0,0.8225,7963.6
CRUISE,260000,29000,50,5,0.8225,8003.4
CRUISE,260000,29000,50,10,0.8225,8043.2
CRUISE,260000,29000,50,15,0.8225,8083
CRUISE,260000,29000,50,20,0.8225,8122.9
CRUISE,260000,29000,60,-20,0.825,7875.7
CRUISE,260000,29000,60,-15,0.825,7915.9
CRUISE,260000,29000,60,-10,0.825,7956.1
CRUISE,260000,29000,60,-5,0.825,7996.2
CRUISE,260000,29000,60,0,0.825,8036.4
CRUISE,260000,29000,60,5,0.825,8076.6
CRUISE,260000,29000,60,10,0.825,8116.8
CRUISE,260000,29000,60,15,0.825,8157
CRUISE,260000,29000,60,20,0.825,8197.2
CRUISE,260000,29000,70,-20,0.8275,7947.5
CRUISE,260000,29000,70,-15,0.8275,7988.1
CRUISE,260000,29000,70,-10,0.8275,8028.6
CRUISE,260000,29000,70,-5,0.8275,8069.2
CRUISE,260000,29000,70,0,0.8275,8109.7
CRUISE,260000,29000,70,5,0.8275,8150.3
CRUISE,260000,29000,70,10,0.8275,8190.8
CRUISE,260000,29000,70,15,0.8275,8231.4
CRUISE,260000,29000,70,20,0.8275,8271.9
CRUISE,260000,29000,80,-20,0.83,8019.8
CRUISE,260000,29000,80,-15,0.83,8060.7
CRUISE,260000,29000,80,-10,0.83,8101.6
CRUISE,260000,29000,80,-5,0.83,8142.5
CRUISE,260000,29000,80,0,0.83,8183.4
CRUISE,260000,29000,80,5,0.83,8224.4
CRUISE,260000,29000,80,10,0.83,8265.3
CRUISE,260000,29000,80,15,0.83,8306.2
CRUISE,260000,29000,80,20,0.83,8347.1
CRUISE,260000,29000,90,-20,0.8325,8092.5
CRUISE,260000,29000,90,-15,0.8325,8133.7
CRUISE,260000,29000,90,-10,0.8325,8175
CRUISE,260000,29000,90,-5,0.8325,8216.3
CRUISE,260000,29000,90,0,0.8325,8257.6
CRUISE,260000,29000,90,5,0.8325,8298.9
CRUISE,260000,29000,90,10,0.8325,8340.2
CRUISE,260000,29000,90,15,0.8325,8381.5
CRUISE,260000,29000,90,20,0.8325,8422.8
CRUISE,260000,29000,100,-20,0.835,8165.6
CRUISE,260000,29000,100,-15,0.835,8207.2
CRUISE,260000,29000,100,-10,0.835,8248.9
CRUISE,260000,29000,100,-5,0.835,8290.6
CRUISE,260000,29000,100,0,0.835,8332.2
CRUISE,260000,29000,100,5,0.835,8373.9
CRUISE,260000,29000,100,10,0.835,8415.5
CRUISE,260000,29000,100,15,0.835,8457.2
CRUISE,260000,29000,100,20,0.835,8498.9
CRUISE,260000,29000,110,-20,0.8375,8239.1
CRUISE,260000,29000,110,-15,0.8375,8281.2
CRUISE,260000,29000,110,-10,0.8375,8323.2
CRUISE,260000,29000,110,-5,0.8375,8365.2
CRUISE,260000,29000,110,0,0.8375,8407.3
CRUISE,260000,29000,110,5,0.8375,8449.3
CRUISE,260000,29000,110,10,0.8375,8491.4
CRUISE,260000,29000,110,15,0.8375,8533.4
CRUISE,260000,29000,110,20,0.8375,8575.4
CRUISE,260000,29000,120,-20,0.84,8313.1
CRUISE,260000,29000,120,-15,0.84,8355.6
CRUISE,260000,29000,120,-10,0.84,8398
CRUISE,260000,29000,120,-5,0.84,8440.4
CRUISE,260000,29000,120,0,0.84,8482.8
CRUISE,260000,29000,120,5,0.84,8525.2
CRUISE,260000,29000,120,10,0.84,8567.6
CRUISE,260000,29000,120,15,0.84,8610
CRUISE,260000,29000,120,20,0.84,8652.5
CRUISE,260000,29000,130,-20,0.8425,8387.6
CRUISE,260000,29000,130,-15,0.8425,8430.4
CRUISE,260000,29000,130,-10,0.8425,8473.2
CRUISE,260000,29000,130,-5,0.8425,8516
CRUISE,260000,29000,130,0,0.8425,8558.8
CRUISE,260000,29000,130,5,0.8425,8601.6
CRUISE,260000,29000,130,10,0.8425,8644.4
CRUISE,260000,29000,130,15,0.8425,8687.1
CRUISE,260000,29000,130,20,0.8425,8729.9
CRUISE,260000,29000,140,-20,0.845,8462.5
CRUISE,260000,29000,140,-15,0.845,8505.7
CRUISE,260000,29000,140,-10,0.845,8548.8
CRUISE,260000,29000,140,-5,0.845,8592
CRUISE,260000,29000,140,0,0.845,8635.2
CRUISE,260000,29000,140,5,0.845,8678.4
CRUISE,260000,29000,140,10,0.845,8721.5
CRUISE,260000,29000,140,15,0.845,8764.7
CRUISE,260000,29000,140,20,0.845,8807.9
CRUISE,260000,29000,150,-20,0.8475,8537.8
CRUISE,260000,29000,150,-15,0.8475,8581.4
CRUISE,260000,29000,150,-10,0.8475,8624.9
CRUISE,260000,29000,150,-5,0.8475,8668.5
CRUISE,260000,29000,150,0,0.8475,8712.1
CRUISE,260000,29000,150,5,0.8475,8755.6
CRUISE,260000,29000,150,10,0.8475,8799.2
CRUISE,260000,29000,150,15,0.8475,8842.7
CRUISE,260000,29000,150,20,0.8475,8886.3
CRUISE,260000,29000,160,-20,0.85,8613.6
CRUISE,260000,29000,160,-15,0.85,8657.5
CRUISE,260000,29000,160,-10,0.85,8701.5
CRUISE,260000,29000,160,-5,0.85,8745.4
CRUISE,260000,29000,160,0,0.85,8789.4
CRUISE,260000,29000,160,5,0.85,8833.3
CRUISE,260000,29000,160,10,0.85,8877.3
CRUISE,260000,29000,160,15,0.85,8921.2
CRUISE,260000,29000,160,20,0.85,8965.2
CRUISE,260000,29000,170,-20,0.8525,8689.8
CRUISE,260000,29000,170,-15,0.8525,8734.2
CRUISE,260000,29000,170,-10,0.8525,8778.5
CRUISE,260000,29000,170,-5,0.8525,8822.8
CRUISE,260000,29000,170,0,0.8525,8867.2
CRUISE,260000,29000,170,5,0.8525,8911.5
CRUISE,260000,29000,170,10,0.8525,8955.8
CRUISE,260000,29000,170,15,0.8525,9000.2
CRUISE,260000,29000,170,20,0.8525,9044.5
CRUISE,260000,29000,180,-20,0.855,8766.5
CRUISE,260000,29000,180,-15,0.855,8811.2
CRUISE,260000,29000,180,-10,0.855,8855.9
CRUISE,260000,29000,180,-5,0.855,8900.7
CRUISE,260000,29000,180,0,0.855,8945.4
CRUISE,260000,29000,180,5,0.855,8990.1
CRUISE,260000,29000,180,10,0.855,9034.9
CRUISE,260000,29000,180,15,0.855,9079.6
CRUISE,260000,29000,180,20,0.855,9124.3
CRUISE,260000,29000,190,-20,0.8575,8843.6
CRUISE,260000,29000,190,-15,0.8575,8888.7
CRUISE,260000,29000,190,-10,0.8575,8933.9
CRUISE,260000,29000,190,-5,0.8575,8979
CRUISE,260000,29000,190,0,0.8575,9024.1
CRUISE,260000,29000,190,5,0.8575,9069.2
CRUISE,260000,29000,190,10,0.8575,9114.3
CRUISE,260000,29000,190,15,0.8575,9159.5
CRUISE,260000,29000,190,20,0.8575,9204.6
CRUISE,260000,29000,200,-20,0.86,8921.2
CRUISE,260000,29000,200,-15,0.86,8966.7
CRUISE,260000,29000,200,-10,0.86,9012.2
CRUISE,260000,29000,200,-5,0.86,9057.7
CRUISE,260000,29000,200,0,0.86,9103.3
CRUISE,260000,29000,200,5,0.86,9148.8
CRUISE,260000,29000,200,10,0.86,9194.3
CRUISE,260000,29000,200,15,0.86,9239.8
CRUISE,260000,29000,200,20,0.86,9285.3
CRUISE,260000,31000,0,-20,0.83,7365.7
CRUISE,260000,31000,0,-15,0.83,7403.3
CRUISE,260000,31000,0,-10,0.83,7440.8
CRUISE,260000,31000,0,-5,0.83,7478.4
CRUISE,260000,31000,0,0,0.83,7516
CRUISE,260000,31000,0,5,0.83,7553.6
CRUISE,260000,31000,0,10,0.83,7591.2
CRUISE,260000,31000,0,15,0.83,7628.7
CRUISE,260000,31000,0,20,0.83,7666.3
CRUISE,260000,31000,10,-20,0.8315,7405.7
CRUISE,260000,31000,10,-15,0.8315,7443.5
CRUISE,260000,31000,10,-10,0.8315,7481.3
CRUISE,260000,31000,10,-5,0.8315,7519
CRUISE,260000,31000,10,0,0.8315,7556.8
CRUISE,260000,31000,10,5,0.8315,7594.6
CRUISE,260000,31000,10,10,0.8315,7632.4
CRUISE,260000,31000,10,15,0.8315,7670.2
CRUISE,260000,31000,10,20,0.8315,7708
CRUISE,260000,31000,20,-20,0.833,7445.8
CRUISE,260000,31000,20,-15,0.833,7483.8
CRUISE,260000,31000,20,-10,0.833,7521.8
CRUISE,260000,31000,20,-5,0.833,7559.8
CRUISE,260000,31000,20,0,0.833,7597.8
CRUISE,260000,31000,20,5,0.833,7635.8
CRUISE,260000,31000,20,10,0.833,7673.8
CRUISE,260000,31000,20,15,0.833,7711.8
CRUISE,260000,31000,20,20,0.833,7749.7
CRUISE,260000,31000,30,-20,0.8345,7486.1
CRUISE,260000,31000,30,-15,0.8345,7524.3
CRUISE,260000,31000,30,-10,0.8345,7562.5
CRUISE,260000,31000,30,-5,0.8345,7600.7
CRUISE,260000,31000,30,0,0.8345,7638.9
CRUISE,260000,31000,30,5,0.8345,7677.1
CRUISE,260000,31000,30,10,0.8345,7715.3
CRUISE,260000,31000,30,15,0.8345,7753.5
CRUISE,260000,31000,30,20,0.8345,7791.7
CRUISE,260000,31000,40,-20,0.836,7526.6
CRUISE,260000,31000,40,-15,0.836,7565
CRUISE,260000,31000,40,-10,0.836,7603.4
CRUISE,260000,31000,40,-5,0.836,7641.8
CRUISE,260000,31000,40,0,0.836,7680.2
CRUISE,260000,31000,40,5,0.836,7718.6
CRUISE,260000,31000,40,10,0.836,7757
CRUISE,260000,31000,40,15,0.836,7795.4
CRUISE,260000,31000,40,20,0.836,7833.8
CRUISE,260000,31000,50,-20,0.8375,7567.2
CRUISE,260000,31000,50,-15,0.8375,7605.8
CRUISE,260000,31000,50,-10,0.8375,7644.4
CRUISE,260000,31000,50,-5,0.8375,7683
CRUISE,260000,31000,50,0,0.8375,7721.6
CRUISE,260000,31000,50,5,0.8375,7760.2
CRUISE,260000,31000,50,10,0.8375,7798.8
CRUISE,260000,31000,50,15,0.8375,7837.4
CRUISE,260000,31000,50,20,0.8375,7876
CRUISE,260000,31000,60,-20,0.839,7607.9
CRUISE,260000,31000,60,-15,0.839,7646.7
CRUISE,260000,31000,60,-10,0.839,7685.5
CRUISE,260000,31000,60,-5,0.839,7724.3
CRUISE,260000,31000,60,0,0.839,7763.2
CRUISE,260000,31000,60,5,0.839,7802
CRUISE,260000,31000,60,10,0.839,7840.8
CRUISE,260000,31000,60,15,0.839,7879.6
CRUISE,260000,31000,60,20,0.839,7918.4
CRUISE,260000,31000,70,-20,0.8405,7648.8
CRUISE,260000,31000,70,-15,0.8405,7687.8
CRUISE,260000,31000,70,-10,0.8405,7726.8
CRUISE,260000,31000,70,-5,0.8405,7765.8
CRUISE,260000,31000,70,0,0.8405,7804.9
CRUISE,260000,31000,70,5,0.8405,7843.9
CRUISE,260000,31000,70,10,0.8405,7882.9
CRUISE,260000,31000,70,15,0.8405,7921.9
CRUISE,260000,31000,70,20,0.8405,7961
CRUISE,260000,31000,80,-20,0.842,7689.8
CRUISE,260000,31000,80,-15,0.842,7729
CRUISE,260000,31000,80,-10,0.842,7768.3
CRUISE,260000,31000,80,-5,0.842,7807.5
CRUISE,260000,31000,80,0,0.842,7846.7
CRUISE,260000,31000,80,5,0.842,7886
CRUISE,260000,31000,80,10,0.842,7925.2
CRUISE,260000,31000,80,15,0.842,7964.4
CRUISE,260000,31000,80,20,0.842,8003.7
CRUISE,260000,31000,90,-20,0.8435,7731
CRUISE,260000,31000,90,-15,0.8435,7770.4
CRUISE,260000,31000,90,-10,0.8435,7809.9
CRUISE,260000,31000,90,-5,0.8435,7849.3
CRUISE,260000,31000,90,0,0.8435,7888.7
CRUISE,260000,31000,90,5,0.8435,7928.2
CRUISE,260000,31000,90,10,0.8435,7967.6
CRUISE,260000,31000,90,15,0.8435,8007.1
CRUISE,260000,31000,90,20,0.8435,8046.5
CRUISE,260000,31000,100,-20,0.845,7772.3
CRUISE,260000,31000,100,-15,0.845,7811.9
CRUISE,260000,31000,100,-10,0.845,7851.6
CRUISE,260000,31000,100,-5,0.845,7891.2
CRUISE,260000,31000,100,0,0.845,7930.9
CRUISE,260000,31000,100,5,0.845,7970.6
CRUISE,260000,31000,100,10,0.845,8010.2
CRUISE,260000,31000,100,15,0.845,8049.9
CRUISE,260000,31000,100,20,0.845,8089.5
CRUISE,260000,31000,110,-20,0.8465,7813.7
CRUISE,260000,31000,110,-15,0.8465,7853.6
CRUISE,260000,31000,110,-10,0.8465,7893.5
CRUISE,260000,31000,110,-5,0.8465,7933.3
CRUISE,260000,31000,110,0,0.8465,7973.2
CRUISE,260000,31000,110,5,0.8465,8013.1
CRUISE,260000,31000,110,10,0.8465,8052.9
CRUISE,260000,31000,110,15,0.8465,8092.8
CRUISE,260000,31000,110,20,0.8465,8132.7
CRUISE,260000,31000,120,-20,0.848,7855.4
CRUISE,260000,31000,120,-15,0.848,7895.4
CRUISE,260000,31000,120,-10,0.848,7935.5
CRUISE,260000,31000,120,-5,0.848,7975.6
CRUISE,260000,31000,120,0,0.848,8015.7
CRUISE,260000,31000,120,5,0.848,8055.8
CRUISE,260000,31000,120,10,0.848,8095.8
CRUISE,260000,31000,120,15,0.848,8135.9
CRUISE,260000,31000,120,20,0.848,8176
CRUISE,260000,31000,130,-20,0.8495,7897.1
CRUISE,260000,31000,130,-15,0.8495,7937.4
CRUISE,260000,31000,130,-10,0.8495,7977.7
CRUISE,260000,31000,130,-5,0.8495,8018
CRUISE,260000,31000,130,0,0.8495,8058.3
CRUISE,260000,31000,130,5,0.8495,8098.6
CRUISE,260000,31000,130,10,0.8495,8138.9
CRUISE,260000,31000,130,15,0.8495,8179.2
CRUISE,260000,31000,130,20,0.8495,8219.5
CRUISE,260000,31000,140,-20,0.851,7939
CRUISE,260000,31000,140,-15,0.851,7979.5
CRUISE,260000,31000,140,-10,0.851,8020
CRUISE,260000,31000,140,-5,0.851,8060.5
CRUISE,260000,31000,140,0,0.851,8101
CRUISE,260000,31000,140,5,0.851,8141.6
CRUISE,260000,31000,140,10,0.851,8182.1
CRUISE,260000,31000,140,15,0.851,8222.6
CRUISE,260000,31000,140,20,0.851,8263.1
CRUISE,260000,31000,150,-20,0.8525,7981.1
CRUISE,260000,31000,150,-15,0.8525,8021.8
CRUISE,260000,31000,150,-10,0.8525,8062.5
CRUISE,260000,31000,150,-5,0.8525,8103.2
CRUISE,260000,31000,150,0,0.8525,8144
CRUISE,260000,31000,150,5,0.8525,8184.7
CRUISE,260000,31000,150,10,0.8525,8225.4
CRUISE,260000,31000,150,15,0.8525,8266.1
CRUISE,260000,31000,150,20,0.8525,8306.8
CRUISE,260000,31000,160,-20,0.854,8023.3
CRUISE,260000,31000,160,-15,0.854,8064.2
CRUISE,260000,31000,160,-10,0.854,8105.2
CRUISE,260000,31000,160,-5,0.854,8146.1
CRUISE,260000,31000,160,0,0.854,8187
CRUISE,260000,31000,160,5,0.854,8228
CRUISE,260000,31000,160,10,0.854,8268.9
CRUISE,260000,31000,160,15,0.854,8309.8
CRUISE,260000,31000,160,20,0.854,8350.8
CRUISE,260000,31000,170,-20,0.8555,8065.6
CRUISE,260000,31000,170,-15,0.8555,8106.8
CRUISE,260000,31000,170,-10,0.8555,8147.9
CRUISE,260000,31000,170,-5,0.8555,8189.1
CRUISE,260000,31000,170,0,0.8555,8230.2
CRUISE,260000,31000,170,5,0.8555,8271.4
CRUISE,260000,31000,170,10,0.8555,8312.5
CRUISE,260000,31000,170,15,0.8555,8353.7
CRUISE,260000,31000,170,20,0.8555,8394.8
CRUISE,260000,31000,180,-20,0.857,8108.1
CRUISE,260000,31000,180,-15,0.857,8149.5
CRUISE,260000,31000,180,-10,0.857,8190.9
CRUISE,260000,31000,180,-5,0.857,8232.2
CRUISE,260000,31000,180,0,0.857,8273.6
CRUISE,260000,31000,180,5,0.857,8315
CRUISE,260000,31000,180,10,0.857,8356.3
CRUISE,260000,31000,180,15,0.857,8397.7
CRUISE,260000,31000,180,20,0.857,8439.1
CRUISE,260000,31000,190,-20,0.8585,8150.8
CRUISE,260000,31000,190,-15,0.8585,8192.4
CRUISE,260000,31000,190,-10,0.8585,8234
CRUISE,260000,31000,190,-5,0.8585,8275.5
CRUISE,260000,31000,190,0,0.8585,8317.1
CRUISE,260000,31000,190,5,0.8585,8358.7
CRUISE,260000,31000,190,10,0.8585,8400.3
CRUISE,260000,31000,190,15,0.8585,8441.9
CRUISE,260000,31000,190,20,0.8585,8483.5
CRUISE,260000,31000,200,-20,0.86,8193.6
CRUISE,260000,31000,200,-15,0.86,8235.4
CRUISE,260000,31000,200,-10,0.86,8277.2
CRUISE,260000,31000,200,-5,0.86,8319
CRUISE,260000,31000,200,0,0.86,8360.8
CRUISE,260000,31000,200,5,0.86,8402.6
CRUISE,260000,31000,200,10,0.86,8444.4
CRUISE,260000,31000,200,15,0.86,8486.2
CRUISE,260000,31000,200,20,0.86,8528
CRUISE,260000,33000,0,-20,0.839,7257.9
CRUISE,260000,33000,0,-15,0.839,7294.9
CRUISE,260000,33000,0,-10,0.839,7331.9
CRUISE,260000,33000,0,-5,0.839,7369
CRUISE,260000,33000,0,0,0.839,7406
CRUISE,260000,33000,0,5,0.839,7443
CRUISE,260000,33000,0,10,0.839,7480.1
CRUISE,260000,33000,0,15,0.839,7517.1
CRUISE,260000,33000,0,20,0.839,7554.1
CRUISE,260000,33000,10,-20,0.84,7285.2
CRUISE,260000,33000,10,-15,0.84,7322.3
CRUISE,260000,33000,10,-10,0.84,7359.5
CRUISE,260000,33000,10,-5,0.84,7396.7
CRUISE,260000,33000,10,0,0.84,7433.8
CRUISE,260000,33000,10,5,0.84,7471
CRUISE,260000,33000,10,10,0.84,7508.2
CRUISE,260000,33000,10,15,0.84,7545.3
CRUISE,260000,33000,10,20,0.84,7582.5
CRUISE,260000,33000,20,-20,0.8411,7312.5
CRUISE,260000,33000,20,-15,0.8411,7349.8
CRUISE,260000,33000,20,-10,0.8411,7387.1
CRUISE,260000,33000,20,-5,0.8411,7424.4
CRUISE,260000,33000,20,0,0.8411,7461.8
CRUISE,260000,33000,20,5,0.8411,7499.1
CRUISE,260000,33000,20,10,0.8411,7536.4
CRUISE,260000,33000,20,15,0.8411,7573.7
CRUISE,260000,33000,20,20,0.8411,7611
CRUISE,260000,33000,30,-20,0.8421,7339.9
CRUISE,260000,33000,30,-15,0.8421,7377.4
CRUISE,260000,33000,30,-10,0.8421,7414.8
CRUISE,260000,33000,30,-5,0.8421,7452.3
CRUISE,260000,33000,30,0,0.8421,7489.7
CRUISE,260000,33000,30,5,0.8421,7527.2
CRUISE,260000,33000,30,10,0.8421,7564.6
CRUISE,260000,33000,30,15,0.8421,7602.1
CRUISE,260000,33000,30,20,0.8421,7639.5
CRUISE,260000,33000,40,-20,0.8432,7367.4
CRUISE,260000,33000,40,-15,0.8432,7405
CRUISE,260000,33000,40,-10,0.8432,7442.6
CRUISE,260000,33000,40,-5,0.8432,7480.2
CRUISE,260000,33000,40,0,0.8432,7517.8
CRUISE,260000,33000,40,5,0.8432,7555.4
CRUISE,260000,33000,40,10,0.8432,7593
CRUISE,260000,33000,40,15,0.8432,7630.5
CRUISE,260000,33000,40,20,0.8432,7668.1
CRUISE,260000,33000,50,-20,0.8442,7395
CRUISE,260000,33000,50,-15,0.8442,7432.7
CRUISE,260000,33000,50,-10,0.8442,7470.4
CRUISE,260000,33000,50,-5,0.8442,7508.2
CRUISE,260000,33000,50,0,0.8442,7545.9
CRUISE,260000,33000,50,5,0.8442,7583.6
CRUISE,260000,33000,50,10,0.8442,7621.4
CRUISE,260000,33000,50,15,0.8442,7659.1
CRUISE,260000,33000,50,20,0.8442,7696.8
CRUISE,260000,33000,60,-20,0.8453,7422.6
CRUISE,260000,33000,60,-15,0.8453,7460.5
CRUISE,260000,33000,60,-10,0.8453,7498.3
CRUISE,260000,33000,60,-5,0.8453,7536.2
CRUISE,260000,33000,60,0,0.8453,7574.1
CRUISE,260000,33000,60,5,0.8453,7612
CRUISE,260000,33000,60,10,0.8453,7649.8
CRUISE,260000,33000,60,15,0.8453,7687.7
CRUISE,260000,33000,60,20,0.8453,7725.6
CRUISE,260000,33000,70,-20,0.8463,7450.3
CRUISE,260000,33000,70,-15,0.8463,7488.3
CRUISE,260000,33000,70,-10,0.8463,7526.3
CRUISE,260000,33000,70,-5,0.8463,7564.3
CRUISE,260000,33000,70,0,0.8463,7602.3
CRUISE,260000,33000,70,5,0.8463,7640.4
CRUISE,260000,33000,70,10,0.8463,7678.4
CRUISE,260000,33000,70,15,0.8463,7716.4
CRUISE,260000,33000,70,20,0.8463,7754.4
CRUISE,260000,33000,80,-20,0.8474,7478.1
CRUISE,260000,33000,80,-15,0.8474,7516.2
CRUISE,260000,33000,80,-10,0.8474,7554.4
CRUISE,260000,33000,80,-5,0.8474,7592.5
CRUISE,260000,33000,80,0,0.8474,7630.7
CRUISE,260000,33000,80,5,0.8474,7668.8
CRUISE,260000,33000,80,10,0.8474,7707
CRUISE,260000,33000,80,15,0.8474,7745.1
CRUISE,260000,33000,80,20,0.8474,7783.3
CRUISE,260000,33000,90,-20,0.8484,7505.9
CRUISE,260000,33000,90,-15,0.8484,7544.2
CRUISE,260000,33000,90,-10,0.8484,7582.5
CRUISE,260000,33000,90,-5,0.8484,7620.8
CRUISE,260000,33000,90,0,0.8484,7659.1
CRUISE,260000,33000,90,5,0.8484,7697.4
CRUISE,260000,33000,90,10,0.8484,7735.7
CRUISE,260000,33000,90,15,0.8484,7774
CRUISE,260000,33000,90,20,0.8484,7812.3
CRUISE,260000,33000,100,-20,0.8495,7533.8
CRUISE,260000,33000,100,-15,0.8495,7572.2
CRUISE,260000,33000,100,-10,0.8495,7610.7
CRUISE,260000,33000,100,-5,0.8495,7649.1
CRUISE,260000,33000,100,0,0.8495,7687.6
CRUISE,260000,33000,100,5,0.8495,7726
CRUISE,260000,33000,100,10,0.8495,7764.4
CRUISE,260000,33000,100,15,0.8495,7802.9
CRUISE,260000,33000,100,20,0.8495,7841.3
CRUISE,260000,33000,110,-20,0.8506,7561.8
CRUISE,260000,33000,110,-15,0.8506,7600.4
CRUISE,260000,33000,110,-10,0.8506,7638.9
CRUISE,260000,33000,110,-5,0.8506,7677.5
CRUISE,260000,33000,110,0,0.8506,7716.1
CRUISE,260000,33000,110,5,0.8506,7754.7
CRUISE,260000,33000,110,10,0.8506,7793.3
CRUISE,260000,33000,110,15,0.8506,7831.8
CRUISE,260000,33000,110,20,0.8506,7870.4
CRUISE,260000,33000,120,-20,0.8516,7589.8
CRUISE,260000,33000,120,-15,0.8516,7628.5
CRUISE,260000,33000,120,-10,0.8516,7667.3
CRUISE,260000,33000,120,-5,0.8516,7706
CRUISE,260000,33000,120,0,0.8516,7744.7
CRUISE,260000,33000,120,5,0.8516,7783.4
CRUISE,260000,33000,120,10,0.8516,7822.2
CRUISE,260000,33000,120,15,0.8516,7860.9
CRUISE,260000,33000,120,20,0.8516,7899.6
CRUISE,260000,33000,130,-20,0.8527,7617.9
CRUISE,260000,33000,130,-15,0.8527,7656.8
CRUISE,260000,33000,130,-10,0.8527,7695.7
CRUISE,260000,33000,130,-5,0.8527,7734.5
CRUISE,260000,33000,130,0,0.8527,7773.4
CRUISE,260000,33000,130,5,0.8527,7812.3
CRUISE,260000,33000,130,10,0.8527,7851.1
CRUISE,260000,33000,130,15,0.8527,7890
CRUISE,260000,33000,130,20,0.8527,7928.9
CRUISE,260000,33000,140,-20,0.8537,7646.1
CRUISE,260000,33000,140,-15,0.8537,7685.1
CRUISE,260000,33000,140,-10,0.8537,7724.1
CRUISE,260000,33000,140,-5,0.8537,7763.1
CRUISE,260000,33000,140,0,0.8537,7802.1
CRUISE,260000,33000,140,5,0.8537,7841.1
CRUISE,260000,33000,140,10,0.8537,7880.2
CRUISE,260000,33000,140,15,0.8537,7919.2
CRUISE,260000,33000,140,20,0.8537,7958.2
CRUISE,260000,33000,150,-20,0.8548,7674.3
CRUISE,260000,33000,150,-15,0.8548,7713.5
CRUISE,260000,33000,150,-10,0.8548,7752.7
CRUISE,260000,33000,150,-5,0.8548,7791.8
CRUISE,260000,33000,150,0,0.8548,7831
CRUISE,260000,33000,150,5,0.8548,7870.1
CRUISE,260000,33000,150,10,0.8548,7909.3
CRUISE,260000,33000,150,15,0.8548,7948.4
CRUISE,260000,33000,150,20,0.8548,7987.6
CRUISE,260000,33000,160,-20,0.8558,7702.7
CRUISE,260000,33000,160,-15,0.8558,7742
CRUISE,260000,33000,160,-10,0.8558,7781.3
CRUISE,260000,33000,160,-5,0.8558,7820.6
CRUISE,260000,33000,160,0,0.8558,7859.9
CRUISE,260000,33000,160,5,0.8558,7899.2
CRUISE,260000,33000,160,10,0.8558,7938.5
CRUISE,260000,33000,160,15,0.8558,7977.8
CRUISE,260000,33000,160,20,0.8558,8017.1
CRUISE,260000,33000,170,-20,0.8569,7731
CRUISE,260000,33000,170,-15,0.8569,7770.5
CRUISE,260000,33000,170,-10,0.8569,7809.9
CRUISE,260000,33000,170,-5,0.8569,7849.4
CRUISE,260000,33000,170,0,0.8569,7888.8
CRUISE,260000,33000,170,5,0.8569,7928.3
CRUISE,260000,33000,170,10,0.8569,7967.7
CRUISE,260000,33000,170,15,0.8569,8007.2
CRUISE,260000,33000,170,20,0.8569,8046.6
CRUISE,260000,33000,180,-20,0.8579,7759.5
CRUISE,260000,33000,180,-15,0.8579,7799.1
CRUISE,260000,33000,180,-10,0.8579,7838.7
CRUISE,260000,33000,180,-5,0.8579,7878.3
CRUISE,260000,33000,180,0,0.8579,7917.9
CRUISE,260000,33000,180,5,0.8579,7957.4
CRUISE,260000,33000,180,10,0.8579,7997
CRUISE,260000,33000,180,15,0.8579,8036.6
CRUISE,260000,33000,180,20,0.8579,8076.2
CRUISE,260000,33000,190,-20,0.8589,7788
CRUISE,260000,33000,190,-15,0.8589,7827.8
CRUISE,260000,33000,190,-10,0.8589,7867.5
CRUISE,260000,33000,190,-5,0.8589,7907.2
CRUISE,260000,33000,190,0,0.8589,7947
CRUISE,260000,33000,190,5,0.8589,7986.7
CRUISE,260000,33000,190,10,0.8589,8026.4
CRUISE,260000,33000,190,15,0.8589,8066.2
CRUISE,260000,33000,190,20,0.8589,8105.9
CRUISE,260000,33000,200,-20,0.86,7816.6
CRUISE,260000,33000,200,-15,0.86,7856.5
CRUISE,260000,33000,200,-10,0.86,7896.4
CRUISE,260000,33000,200,-5,0.86,7936.3
CRUISE,260000,33000,200,0,0.86,7976.1
CRUISE,260000,33000,200,5,0.86,8016
CRUISE,260000,33000,200,10,0.86,8055.9
CRUISE,260000,33000,200,15,0.86,8095.8
CRUISE,260000,33000,200,20,0.86,8135.7
CRUISE,260000,35000,0,-20,0.839,7159.9
CRUISE,260000,35000,0,-15,0.839,7196.4
CRUISE,260000,35000,0,-10,0.839,7232.9
CRUISE,260000,35000,0,-5,0.839,7269.5
CRUISE,260000,35000,0,0,0.839,7306
CRUISE,260000,35000,0,5,0.839,7342.5
CRUISE,260000,35000,0,10,0.839,7379.1
CRUISE,260000,35000,0,15,0.839,7415.6
CRUISE,260000,35000,0,20,0.839,7452.1
CRUISE,260000,35000,10,-20,0.84,7186.8
CRUISE,260000,35000,10,-15,0.84,7223.5
CRUISE,260000,35000,10,-10,0.84,7260.1
CRUISE,260000,35000,10,-5,0.84,7296.8
CRUISE,260000,35000,10,0,0.84,7333.5
CRUISE,260000,35000,10,5,0.84,7370.1
CRUISE,260000,35000,10,10,0.84,7406.8
CRUISE,260000,35000,10,15,0.84,7443.5
CRUISE,260000,35000,10,20,0.84,7480.1
CRUISE,260000,35000,20,-20,0.8411,7213.8
CRUISE,260000,35000,20,-15,0.8411,7250.6
CRUISE,260000,35000,20,-10,0.8411,7287.4
CRUISE,260000,35000,20,-5,0.8411,7324.2
CRUISE,260000,35000,20,0,0.8411,7361
CRUISE,260000,35000,20,5,0.8411,7397.8
CRUISE,260000,35000,20,10,0.8411,7434.6
CRUISE,260000,35000,20,15,0.8411,7471.4
CRUISE,260000,35000,20,20,0.8411,7508.2
CRUISE,260000,35000,30,-20,0.8421,7240.8
CRUISE,260000,35000,30,-15,0.8421,7277.8
CRUISE,260000,35000,30,-10,0.8421,7314.7
CRUISE,260000,35000,30,-5,0.8421,7351.7
CRUISE,260000,35000,30,0,0.8421,7388.6
CRUISE,260000,35000,30,5,0.8421,7425.5
CRUISE,260000,35000,30,10,0.8421,7462.5
CRUISE,260000,35000,30,15,0.8421,7499.4
CRUISE,260000,35000,30,20,0.8421,7536.4
CRUISE,260000,35000,40,-20,0.8432,7267.9
CRUISE,260000,35000,40,-15,0.8432,7305
CRUISE,260000,35000,40,-10,0.8432,7342.1
CRUISE,260000,35000,40,-5,0.8432,7379.2
CRUISE,260000,35000,40,0,0.8432,7416.3
CRUISE,260000,35000,40,5,0.8432,7453.4
CRUISE,260000,35000,40,10,0.8432,7490.4
CRUISE,260000,35000,40,15,0.8432,7527.5
CRUISE,260000,35000,40,20,0.8432,7564.6
CRUISE,260000,35000,50,-20,0.8442,7295.1
CRUISE,260000,35000,50,-15,0.8442,7332.4
CRUISE,260000,35000,50,-10,0.8442,7369.6
CRUISE,260000,35000,50,-5,0.8442,7406.8
CRUISE,260000,35000,50,0,0.8442,7444
CRUISE,260000,35000,50,5,0.8442,7481.2
CRUISE,260000,35000,50,10,0.8442,7518.5
CRUISE,260000,35000,50,15,0.8442,7555.7
CRUISE,260000,35000,50,20,0.8442,7592.9
CRUISE,260000,35000,60,-20,0.8453,7322.4
CRUISE,260000,35000,60,-15,0.8453,7359.7
CRUISE,260000,35000,60,-10,0.8453,7397.1
CRUISE,260000,35000,60,-5,0.8453,7434.5
CRUISE,260000,35000,60,0,0.8453,7471.8
CRUISE,260000,35000,60,5,0.8453,7509.2
CRUISE,260000,35000,60,10,0.8453,7546.5
CRUISE,260000,35000,60,15,0.8453,7583.9
CRUISE,260000,35000,60,20,0.8453,7621.3
CRUISE,260000,35000,70,-20,0.8463,7349.7
CRUISE,260000,35000,70,-15,0.8463,7387.2
CRUISE,260000,35000,70,-10,0.8463,7424.7
CRUISE,260000,35000,70,-5,0.8463,7462.2
CRUISE,260000,35000,70,0,0.8463,7499.7
CRUISE,260000,35000,70,5,0.8463,7537.2
CRUISE,260000,35000,70,10,0.8463,7574.7
CRUISE,260000,35000,70,15,0.8463,7612.2
CRUISE,260000,35000,70,20,0.8463,7649.7
CRUISE,260000,35000,80,-20,0.8474,7377.1
CRUISE,260000,35000,80,-15,0.8474,7414.7
CRUISE,260000,35000,80,-10,0.8474,7452.4
CRUISE,260000,35000,80,-5,0.8474,7490
CRUISE,260000,35000,80,0,0.8474,7527.6
CRUISE,260000,35000,80,5,0.8474,7565.3
CRUISE,260000,35000,80,10,0.8474,7602.9
CRUISE,260000,35000,80,15,0.8474,7640.6
CRUISE,260000,35000,80,20,0.8474,7678.2
CRUISE,260000,35000,90,-20,0.8484,7404.5
CRUISE,260000,35000,90,-15,0.8484,7442.3
CRUISE,260000,35000,90,-10,0.8484,7480.1
CRUISE,260000,35000,90,-5,0.8484,7517.9
CRUISE,260000,35000,90,0,0.8484,7555.7
CRUISE,260000,35000,90,5,0.8484,7593.4
CRUISE,260000,35000,90,10,0.8484,7631.2
CRUISE,260000,35000,90,15,0.8484,7669
CRUISE,260000,35000,90,20,0.8484,7706.8
CRUISE,260000,35000,100,-20,0.8495,7432.1
CRUISE,260000,35000,100,-15,0.8495,7470
CRUISE,260000,35000,100,-10,0.8495,7507.9
CRUISE,260000,35000,100,-5,0.8495,7545.8
CRUISE,260000,35000,100,0,0.8495,7583.7
CRUISE,260000,35000,100,5,0.8495,7621.7
CRUISE,260000,35000,100,10,0.8495,7659.6
CRUISE,260000,35000,100,15,0.8495,7697.5
CRUISE,260000,35000,100,20,0.8495,7735.4
CRUISE,260000,35000,110,-20,0.8506,7459.7
CRUISE,260000,35000,110,-15,0.8506,7497.7
CRUISE,260000,35000,110,-10,0.8506,7535.8
CRUISE,260000,35000,110,-5,0.8506,7573.8
CRUISE,260000,35000,110,0,0.8506,7611.9
CRUISE,260000,35000,110,5,0.8506,7650
CRUISE,260000,35000,110,10,0.8506,7688
CRUISE,260000,35000,110,15,0.8506,7726.1
CRUISE,260000,35000,110,20,0.8506,7764.1
CRUISE,260000,35000,120,-20,0.8516,7487.3
CRUISE,260000,35000,120,-15,0.8516,7525.5
CRUISE,260000,35000,120,-10,0.8516,7563.7
CRUISE,260000,35000,120,-5,0.8516,7601.9
CRUISE,260000,35000,120,0,0.8516,7640.1
CRUISE,260000,35000,120,5,0.8516,7678.3
CRUISE,260000,35000,120,10,0.8516,7716.5
CRUISE,260000,35000,120,15,0.8516,7754.7
CRUISE,260000,35000,120,20,0.8516,7792.9
CRUISE,260000,35000,130,-20,0.8527,7515.1
CRUISE,260000,35000,130,-15,0.8527,7553.4
CRUISE,260000,35000,130,-10,0.8527,7591.7
CRUISE,260000,35000,130,-5,0.8527,7630.1
CRUISE,260000,35000,130,0,0.8527,7668.4
CRUISE,260000,35000,130,5,0.8527,7706.8
CRUISE,260000,35000,130,10,0.8527,7745.1
CRUISE,260000,35000,130,15,0.8527,7783.5
CRUISE,260000,35000,130,20,0.8527,7821.8
CRUISE,260000,35000,140,-20,0.8537,7542.9
CRUISE,260000,35000,140,-15,0.8537,7581.3
CRUISE,260000,35000,140,-10,0.8537,7619.8
CRUISE,260000,35000,140,-5,0.8537,7658.3
CRUISE,260000,35000,140,0,0.8537,7696.8
CRUISE,260000,35000,140,5,0.8537,7735.3
CRUISE,260000,35000,140,10,0.8537,7773.8
CRUISE,260000,35000,140,15,0.8537,7812.2
CRUISE,260000,35000,140,20,0.8537,7850.7
CRUISE,260000,35000,150,-20,0.8548,7570.7
CRUISE,260000,35000,150,-15,0.8548,7609.3
CRUISE,260000,35000,150,-10,0.8548,7648
CRUISE,260000,35000,150,-5,0.8548,7686.6
CRUISE,260000,35000,150,0,0.8548,7725.2
CRUISE,260000,35000,150,5,0.8548,7763.9
CRUISE,260000,35000,150,10,0.8548,7802.5
CRUISE,260000,35000,150,15,0.8548,7841.1
CRUISE,260000,35000,150,20,0.8548,7879.7
CRUISE,260000,35000,160,-20,0.8558,7598.7
CRUISE,260000,35000,160,-15,0.8558,7637.4
CRUISE,260000,35000,160,-10,0.8558,7676.2
CRUISE,260000,35000,160,-5,0.8558,7715
CRUISE,260000,35000,160,0,0.8558,7753.7
CRUISE,260000,35000,160,5,0.8558,7792.5
CRUISE,260000,35000,160,10,0.8558,7831.3
CRUISE,260000,35000,160,15,0.8558,7870
CRUISE,260000,35000,160,20,0.8558,7908.8
CRUISE,260000,35000,170,-20,0.8569,7626.7
CRUISE,260000,35000,170,-15,0.8569,7665.6
CRUISE,260000,35000,170,-10,0.8569,7704.5
CRUISE,260000,35000,170,-5,0.8569,7743.4
CRUISE,260000,35000,170,0,0.8569,7782.3
CRUISE,260000,35000,170,5,0.8569,7821.2
CRUISE,260000,35000,170,10,0.8569,7860.1
CRUISE,260000,35000,170,15,0.8569,7899
CRUISE,260000,35000,170,20,0.8569,7938
CRUISE,260000,35000,180,-20,0.8579,7654.7
CRUISE,260000,35000,180,-15,0.8579,7693.8
CRUISE,260000,35000,180,-10,0.8579,7732.8
CRUISE,260000,35000,180,-5,0.8579,7771.9
CRUISE,260000,35000,180,0,0.8579,7810.9
CRUISE,260000,35000,180,5,0.8579,7850
CRUISE,260000,35000,180,10,0.8579,7889.1
CRUISE,260000,35000,180,15,0.8579,7928.1
CRUISE,260000,35000,180,20,0.8579,7967.2
CRUISE,260000,35000,190,-20,0.8589,7682.9
CRUISE,260000,35000,190,-15,0.8589,7722.1
CRUISE,260000,35000,190,-10,0.8589,7761.3
CRUISE,260000,35000,190,-5,0.8589,7800.5
CRUISE,260000,35000,190,0,0.8589,7839.7
CRUISE,260000,35000,190,5,0.8589,7878.9
CRUISE,260000,35000,190,10,0.8589,7918.1
CRUISE,260000,35000,190,15,0.8589,7957.3
CRUISE,260000,35000,190,20,0.8589,7996.5
CRUISE,260000,35000,200,-20,0.86,7711.1
CRUISE,260000,35000,200,-15,0.86,7750.4
CRUISE,260000,35000,200,-10,0.86,7789.8
CRUISE,260000,35000,200,-5,0.86,7829.1
CRUISE,260000,35000,200,0,0.86,7868.4
CRUISE,260000,35000,200,5,0.86,7907.8
CRUISE,260000,35000,200,10,0.86,7947.1
CRUISE,260000,35000,200,15,0.86,7986.5
CRUISE,260000,35000,200,20,0.86,8025.8
CRUISE,260000,37000,0,-20,0.834,7303
CRUISE,260000,37000,0,-15,0.834,7340.2
CRUISE,260000,37000,0,-10,0.834,7377.5
CRUISE,260000,37000,0,-5,0.834,7414.7
CRUISE,260000,37000,0,0,0.834,7452
CRUISE,260000,37000,0,5,0.834,7489.3
CRUISE,260000,37000,0,10,0.834,7526.5
CRUISE,260000,37000,0,15,0.834,7563.8
CRUISE,260000,37000,0,20,0.834,7601
CRUISE,260000,37000,10,-20,0.8353,7337.2
CRUISE,260000,37000,10,-15,0.8353,7374.6
CRUISE,260000,37000,10,-10,0.8353,7412
CRUISE,260000,37000,10,-5,0.8353,7449.5
CRUISE,260000,37000,10,0,0.8353,7486.9
CRUISE,260000,37000,10,5,0.8353,7524.3
CRUISE,260000,37000,10,10,0.8353,7561.8
CRUISE,260000,37000,10,15,0.8353,7599.2
CRUISE,260000,37000,10,20,0.8353,7636.6
CRUISE,260000,37000,20,-20,0.8366,7371.5
CRUISE,260000,37000,20,-15,0.8366,7409.1
CRUISE,260000,37000,20,-10,0.8366,7446.7
CRUISE,260000,37000,20,-5,0.8366,7484.3
CRUISE,260000,37000,20,0,0.8366,7521.9
CRUISE,260000,37000,20,5,0.8366,7559.5
CRUISE,260000,37000,20,10,0.8366,7597.1
CRUISE,260000,37000,20,15,0.8366,7634.7
CRUISE,260000,37000,20,20,0.8366,7672.4
CRUISE,260000,37000,30,-20,0.8379,7405.9
CRUISE,260000,37000,30,-15,0.8379,7443.7
CRUISE,260000,37000,30,-10,0.8379,7481.5
CRUISE,260000,37000,30,-5,0.8379,7519.2
CRUISE,260000,37000,30,0,0.8379,7557
CRUISE,260000,37000,30,5,0.8379,7594.8
CRUISE,260000,37000,30,10,0.8379,7632.6
CRUISE,260000,37000,30,15,0.8379,7670.4
CRUISE,260000,37000,30,20,0.8379,7708.2
CRUISE,260000,37000,40,-20,0.8392,7440.4
CRUISE,260000,37000,40,-15,0.8392,7478.4
CRUISE,260000,37000,40,-10,0.8392,7516.3
CRUISE,260000,37000,40,-5,0.8392,7554.3
CRUISE,260000,37000,40,0,0.8392,7592.3
CRUISE,260000,37000,40,5,0.8392,7630.2
CRUISE,260000,37000,40,10,0.8392,7668.2
CRUISE,260000,37000,40,15,0.8392,7706.1
CRUISE,260000,37000,40,20,0.8392,7744.1
CRUISE,260000,37000,50,-20,0.8405,7475
CRUISE,260000,37000,50,-15,0.8405,7513.2
CRUISE,260000,37000,50,-10,0.8405,7551.3
CRUISE,260000,37000,50,-5,0.8405,7589.5
CRUISE,260000,37000,50,0,0.8405,7627.6
CRUISE,260000,37000,50,5,0.8405,7665.7
CRUISE,260000,37000,50,10,0.8405,7703.9
CRUISE,260000,37000,50,15,0.8405,7742
CRUISE,260000,37000,50,20,0.8405,7780.2
CRUISE,260000,37000,60,-20,0.8418,7509.8
CRUISE,260000,37000,60,-15,0.8418,7548.1
CRUISE,260000,37000,60,-10,0.8418,7586.4
CRUISE,260000,37000,60,-5,0.8418,7624.7
CRUISE,260000,37000,60,0,0.8418,7663
CRUISE,260000,37000,60,5,0.8418,7701.4
CRUISE,260000,37000,60,10,0.8418,7739.7
CRUISE,260000,37000,60,15,0.8418,7778
CRUISE,260000,37000,60,20,0.8418,7816.3
CRUISE,260000,37000,70,-20,0.8431,7544.6
CRUISE,260000,37000,70,-15,0.8431,7583.1
CRUISE,260000,37000,70,-10,0.8431,7621.6
CRUISE,260000,37000,70,-5,0.8431,7660.1
CRUISE,260000,37000,70,0,0.8431,7698.6
CRUISE,260000,37000,70,5,0.8431,7737.1
CRUISE,260000,37000,70,10,0.8431,7775.6
CRUISE,260000,37000,70,15,0.8431,7814.1
CRUISE,260000,37000,70,20,0.8431,7852.6
CRUISE,260000,37000,80,-20,0.8444,7579.6
CRUISE,260000,37000,80,-15,0.8444,7618.3
CRUISE,260000,37000,80,-10,0.8444,7656.9
CRUISE,260000,37000,80,-5,0.8444,7695.6
CRUISE,260000,37000,80,0,0.8444,7734.3
CRUISE,260000,37000,80,5,0.8444,7772.9
CRUISE,260000,37000,80,10,0.8444,7811.6
CRUISE,260000,37000,80,15,0.8444,7850.3
CRUISE,260000,37000,80,20,0.8444,7889
CRUISE,260000,37000,90,-20,0.8457,7614.6
CRUISE,260000,37000,90,-15,0.8457,7653.5
CRUISE,260000,37000,90,-10,0.8457,7692.3
CRUISE,260000,37000,90,-5,0.8457,7731.2
CRUISE,260000,37000,90,0,0.8457,7770
CRUISE,260000,37000,90,5,0.8457,7808.9
CRUISE,260000,37000,90,10,0.8457,7847.7
CRUISE,260000,37000,90,15,0.8457,7886.6
CRUISE,260000,37000,90,20,0.8457,7925.4
CRUISE,260000,37000,100,-20,0.847,7649.8
CRUISE,260000,37000,100,-15,0.847,7688.8
CRUISE,260000,37000,100,-10,0.847,7727.9
CRUISE,260000,37000,100,-5,0.847,7766.9
CRUISE,260000,37000,100,0,0.847,7805.9
CRUISE,260000,37000,100,5,0.847,7845
CRUISE,260000,37000,100,10,0.847,7884
CRUISE,260000,37000,100,15,0.847,7923
CRUISE,260000,37000,100,20,0.847,7962.1
CRUISE,260000,37000,110,-20,0.8483,7685.1
CRUISE,260000,37000,110,-15,0.8483,7724.3
CRUISE,260000,37000,110,-10,0.8483,7763.5
CRUISE,260000,37000,110,-5,0.8483,7802.7
CRUISE,260000,37000,110,0,0.8483,7841.9
CRUISE,260000,37000,110,5,0.8483,7881.1
CRUISE,260000,37000,110,10,0.8483,7920.4
CRUISE,260000,37000,110,15,0.8483,7959.6
CRUISE,260000,37000,110,20,0.8483,7998.8
CRUISE,260000,37000,120,-20,0.8496,7720.5
CRUISE,260000,37000,120,-15,0.8496,7759.9
CRUISE,260000,37000,120,-10,0.8496,7799.3
CRUISE,260000,37000,120,-5,0.8496,7838.7
CRUISE,260000,37000,120,0,0.8496,7878
CRUISE,260000,37000,120,5,0.8496,7917.4
CRUISE,260000,37000,120,10,0.8496,7956.8
CRUISE,260000,37000,120,15,0.8496,7996.2
CRUISE,260000,37000,120,20,0.8496,8035.6
CRUISE,260000,37000,130,-20,0.8509,7756
CRUISE,260000,37000,130,-15,0.8509,7795.5
CRUISE,260000,37000,130,-10,0.8509,7835.1
CRUISE,260000,37000,130,-5,0.8509,7874.7
CRUISE,260000,37000,130,0,0.8509,7914.3
CRUISE,260000,37000,130,5,0.8509,7953.8
CRUISE,260000,37000,130,10,0.8509,7993.4
CRUISE,260000,37000,130,15,0.8509,8033
CRUISE,260000,37000,130,20,0.8509,8072.5
CRUISE,260000,37000,140,-20,0.8522,7791.6
CRUISE,260000,37000,140,-15,0.8522,7831.3
CRUISE,260000,37000,140,-10,0.8522,7871.1
CRUISE,260000,37000,140,-5,0.8522,7910.8
CRUISE,260000,37000,140,0,0.8522,7950.6
CRUISE,260000,37000,140,5,0.8522,7990.3
CRUISE,260000,37000,140,10,0.8522,8030.1
CRUISE,260000,37000,140,15,0.8522,8069.8
CRUISE,260000,37000,140,20,0.8522,8109.6
CRUISE,260000,37000,150,-20,0.8535,7827.3
CRUISE,260000,37000,150,-15,0.8535,7867.2
CRUISE,260000,37000,150,-10,0.8535,7907.2
CRUISE,260000,37000,150,-5,0.8535,7947.1
CRUISE,260000,37000,150,0,0.8535,7987
CRUISE,260000,37000,150,5,0.8535,8027
CRUISE,260000,37000,150,10,0.8535,8066.9
CRUISE,260000,37000,150,15,0.8535,8106.8
CRUISE,260000,37000,150,20,0.8535,8146.8
CRUISE,260000,37000,160,-20,0.8548,7863.1
CRUISE,260000,37000,160,-15,0.8548,7903.2
CRUISE,260000,37000,160,-10,0.8548,7943.3
CRUISE,260000,37000,160,-5,0.8548,7983.5
CRUISE,260000,37000,160,0,0.8548,8023.6
CRUISE,260000,37000,160,5,0.8548,8063.7
CRUISE,260000,37000,160,10,0.8548,8103.8
CRUISE,260000,37000,160,15,0.8548,8143.9
CRUISE,260000,37000,160,20,0.8548,8184.1
CRUISE,260000,37000,170,-20,0.8561,7899
CRUISE,260000,37000,170,-15,0.8561,7939.3
CRUISE,260000,37000,170,-10,0.8561,7979.6
CRUISE,260000,37000,170,-5,0.8561,8019.9
CRUISE,260000,37000,170,0,0.8561,8060.2
CRUISE,260000,37000,170,5,0.8561,8100.5
CRUISE,260000,37000,170,10,0.8561,8140.8
CRUISE,260000,37000,170,15,0.8561,8181.1
CRUISE,260000,37000,170,20,0.8561,8221.4
CRUISE,260000,37000,180,-20,0.8574,7935.1
CRUISE,260000,37000,180,-15,0.8574,7975.6
CRUISE,260000,37000,180,-10,0.8574,8016
CRUISE,260000,37000,180,-5,0.8574,8056.5
CRUISE,260000,37000,180,0,0.8574,8097
CRUISE,260000,37000,180,5,0.8574,8137.5
CRUISE,260000,37000,180,10,0.8574,8178
CRUISE,260000,37000,180,15,0.8574,8218.5
CRUISE,260000,37000,180,20,0.8574,8259
CRUISE,260000,37000,190,-20,0.8587,7971.2
CRUISE,260000,37000,190,-15,0.8587,8011.9
CRUISE,260000,37000,190,-10,0.8587,8052.6
CRUISE,260000,37000,190,-5,0.8587,8093.2
CRUISE,260000,37000,190,0,0.8587,8133.9
CRUISE,260000,37000,190,5,0.8587,8174.6
CRUISE,260000,37000,190,10,0.8587,8215.2
CRUISE,260000,37000,190,15,0.8587,8255.9
CRUISE,260000,37000,190,20,0.8587,8296.6
CRUISE,260000,37000,200,-20,0.86,8007.5
CRUISE,260000,37000,200,-15,0.86,8048.3
CRUISE,260000,37000,200,-10,0.86,8089.2
CRUISE,260000,37000,200,-5,0.86,8130
CRUISE,260000,37000,200,0,0.86,8170.9
CRUISE,260000,37000,200,5,0.86,8211.8
CRUISE,260000,37000,200,10,0.86,8252.6
CRUISE,260000,37000,200,15,0.86,8293.5
CRUISE,260000,37000,200,20,0.86,8334.3
CRUISE,280000,25000,0,-20,0.775,8012.5
CRUISE,280000,25000,0,-15,0.775,8053.4
CRUISE,280000,25000,0,-10,0.775,8094.2
CRUISE,280000,25000,0,-5,0.775,8135.1
CRUISE,280000,25000,0,0,0.775,8176
CRUISE,280000,25000,0,5,0.775,8216.9
CRUISE,280000,25000,0,10,0.775,8257.8
CRUISE,280000,25000,0,15,0.775,8298.6
CRUISE,280000,25000,0,20,0.775,8339.5
CRUISE,280000,25000,10,-20,0.7792,8145
CRUISE,280000,25000,10,-15,0.7792,8186.6
CRUISE,280000,25000,10,-10,0.7792,8228.1
CRUISE,280000,25000,10,-5,0.7792,8269.7
CRUISE,280000,25000,10,0,0.7792,8311.2
CRUISE,280000,25000,10,5,0.7792,8352.8
CRUISE,280000,25000,10,10,0.7792,8394.4
CRUISE,280000,25000,10,15,0.7792,8435.9
CRUISE,280000,25000,10,20,0.7792,8477.5
CRUISE,280000,25000,20,-20,0.7835,8279
CRUISE,280000,25000,20,-15,0.7835,8321.3
CRUISE,280000,25000,20,-10,0.7835,8363.5
CRUISE,280000,25000,20,-5,0.7835,8405.7
CRUISE,280000,25000,20,0,0.7835,8448
CRUISE,280000,25000,20,5,0.7835,8490.2
CRUISE,280000,25000,20,10,0.7835,8532.5
CRUISE,280000,25000,20,15,0.7835,8574.7
CRUISE,280000,25000,20,20,0.7835,8616.9
CRUISE,280000,25000,30,-20,0.7878,8414.5
CRUISE,280000,25000,30,-15,0.7878,8457.4
CRUISE,280000,25000,30,-10,0.7878,8500.3
CRUISE,280000,25000,30,-5,0.7878,8543.3
CRUISE,280000,25000,30,0,0.7878,8586.2
CRUISE,280000,25000,30,5,0.7878,8629.1
CRUISE,280000,25000,30,10,0.7878,8672.1
CRUISE,280000,25000,30,15,0.7878,8715
CRUISE,280000,25000,30,20,0.7878,8757.9
CRUISE,280000,25000,40,-20,0.792,8551.4
CRUISE,280000,25000,40,-15,0.792,8595
CRUISE,280000,25000,40,-10,0.792,8638.7
CRUISE,280000,25000,40,-5,0.792,8682.3
CRUISE,280000,25000,40,0,0.792,8725.9
CRUISE,280000,25000,40,5,0.792,8769.6
CRUISE,280000,25000,40,10,0.792,8813.2
CRUISE,280000,25000,40,15,0.792,8856.8
CRUISE,280000,25000,40,20,0.792,8900.4
CRUISE,280000,25000,50,-20,0.7963,8689.8
CRUISE,280000,25000,50,-15,0.7963,8734.1
CRUISE,280000,25000,50,-10,0.7963,8778.5
CRUISE,280000,25000,50,-5,0.7963,8822.8
CRUISE,280000,25000,50,0,0.7963,8867.2
CRUISE,280000,25000,50,5,0.7963,8911.5
CRUISE,280000,25000,50,10,0.7963,8955.8
CRUISE,280000,25000,50,15,0.7963,9000.2
CRUISE,280000,25000,50,20,0.7963,9044.5
CRUISE,280000,25000,60,-20,0.8005,8829.7
CRUISE,280000,25000,60,-15,0.8005,8874.7
CRUISE,280000,25000,60,-10,0.8005,8919.8
CRUISE,280000,25000,60,-5,0.8005,8964.8
CRUISE,280000,25000,60,0,0.8005,9009.9
CRUISE,280000,25000,60,5,0.8005,9054.9
CRUISE,280000,25000,60,10,0.8005,9100
CRUISE,280000,25000,60,15,0.8005,9145
CRUISE,280000,25000,60,20,0.8005,9190.1
CRUISE,280000,25000,70,-20,0.8047,8971.1
CRUISE,280000,25000,70,-15,0.8047,9016.9
CRUISE,280000,25000,70,-10,0.8047,9062.6
CRUISE,280000,25000,70,-5,0.8047,9108.4
CRUISE,280000,25000,70,0,0.8047,9154.2
CRUISE,280000,25000,70,5,0.8047,9199.9
CRUISE,280000,25000,70,10,0.8047,9245.7
CRUISE,280000,25000,70,15,0.8047,9291.5
CRUISE,280000,25000,70,20,0.8047,9337.2
CRUISE,280000,25000,80,-20,0.809,9114
CRUISE,280000,25000,80,-15,0.809,9160.5
CRUISE,280000,25000,80,-10,0.809,9207
CRUISE,280000,25000,80,-5,0.809,9253.5
CRUISE,280000,25000,80,0,0.809,9300
CRUISE,280000,25000,80,5,0.809,9346.5
CRUISE,280000,25000,80,10,0.809,9393
CRUISE,280000,25000,80,15,0.809,9439.5
CRUISE,280000,25000,80,20,0.809,9486
CRUISE,280000,25000,90,-20,0.8133,9258.4
CRUISE,280000,25000,90,-15,0.8133,9305.6
CRUISE,280000,25000,90,-10,0.8133,9352.8
CRUISE,280000,25000,90,-5,0.8133,9400.1
CRUISE,280000,25000,90,0,0.8133,9447.3
CRUISE,280000,25000,90,5,0.8133,9494.5
CRUISE,280000,25000,90,10,0.8133,9541.8
CRUISE,280000,25000,90,15,0.8133,9589
CRUISE,280000,25000,90,20,0.8133,9636.3
CRUISE,280000,25000,100,-20,0.8175,9404.3
CRUISE,280000,25000,100,-15,0.8175,9452.3
CRUISE,280000,25000,100,-10,0.8175,9500.2
CRUISE,280000,25000,100,-5,0.8175,9548.2
CRUISE,280000,25000,100,0,0.8175,9596.2
CRUISE,280000,25000,100,5,0.8175,9644.2
CRUISE,280000,25000,100,10,0.8175,9692.2
CRUISE,280000,25000,100,15,0.8175,9740.1
CRUISE,280000,25000,100,20,0.8175,9788.1
CRUISE,280000,25000,110,-20,0.8217,9551.7
CRUISE,280000,25000,110,-15,0.8217,9600.4
CRUISE,280000,25000,110,-10,0.8217,9649.2
CRUISE,280000,25000,110,-5,0.8217,9697.9
CRUISE,280000,25000,110,0,0.8217,9746.6
CRUISE,280000,25000,110,5,0.8217,9795.4
CRUISE,280000,25000,110,10,0.8217,9844.1
CRUISE,280000,25000,110,15,0.8217,9892.8
CRUISE,280000,25000,110,20,0.8217,9941.6
CRUISE,280000,25000,120,-20,0.826,9700.7
CRUISE,280000,25000,120,-15,0.826,9750.2
CRUISE,280000,25000,120,-10,0.826,9799.7
CRUISE,280000,25000,120,-5,0.826,9849.2
CRUISE,280000,25000,120,0,0.826,9898.6
CRUISE,280000,25000,120,5,0.826,9948.1
CRUISE,280000,25000,120,10,0.826,9997.6
CRUISE,280000,25000,120,15,0.826,10047.1
CRUISE,280000,25000,120,20,0.826,10096.6
CRUISE,280000,25000,130,-20,0.8303,9851.2
CRUISE,280000,25000,130,-15,0.8303,9901.4
CRUISE,280000,25000,130,-10,0.8303,9951.7
CRUISE,280000,25000,130,-5,0.8303,10002
CRUISE,280000,25000,130,0,0.8303,10052.2
CRUISE,280000,25000,130,5,0.8303,10102.5
CRUISE,280000,25000,130,10,0.8303,10152.8
CRUISE,280000,25000,130,15,0.8303,10203
CRUISE,280000,25000,130,20,0.8303,10253.3
CRUISE,280000,25000,140,-20,0.8345,10003.2
CRUISE,280000,25000,140,-15,0.8345,10054.3
CRUISE,280000,25000,140,-10,0.8345,10105.3
CRUISE,280000,25000,140,-5,0.8345,10156.4
CRUISE,280000,25000,140,0,0.8345,10207.4
CRUISE,280000,25000,140,5,0.8345,10258.4
CRUISE,280000,25000,140,10,0.8345,10309.5
CRUISE,280000,25000,140,15,0.8345,10360.5
CRUISE,280000,25000,140,20,0.8345,10411.5
CRUISE,280000,25000,150,-20,0.8387,10156.9
CRUISE,280000,25000,150,-15,0.8387,10208.7
CRUISE,280000,25000,150,-10,0.8387,10260.5
CRUISE,280000,25000,150,-5,0.8387,10312.3
CRUISE,280000,25000,150,0,0.8387,10364.1
CRUISE,280000,25000,150,5,0.8387,10416
CRUISE,280000,25000,150,10,0.8387,10467.8
CRUISE,280000,25000,150,15,0.8387,10519.6
CRUISE,280000,25000,150,20,0.8387,10571.4
CRUISE,280000,25000,160,-20,0.843,10312
CRUISE,280000,25000,160,-15,0.843,10364.7
CRUISE,280000,25000,160,-10,0.843,10417.3
CRUISE,280000,25000,160,-5,0.843,10469.9
CRUISE,280000,25000,160,0,0.843,10522.5
CRUISE,280000,25000,160,5,0.843,10575.1
CRUISE,280000,25000,160,10,0.843,10627.7
CRUISE,280000,25000,160,15,0.843,10680.3
CRUISE,280000,25000,160,20,0.843,10732.9
CRUISE,280000,25000,170,-20,0.8472,10468.8
CRUISE,280000,25000,170,-15,0.8472,10522.2
CRUISE,280000,25000,170,-10,0.8472,10575.6
CRUISE,280000,25000,170,-5,0.8472,10629
CRUISE,280000,25000,170,0,0.8472,10682.4
CRUISE,280000,25000,170,5,0.8472,10735.9
CRUISE,280000,25000,170,10,0.8472,10789.3
CRUISE,280000,25000,170,15,0.8472,10842.7
CRUISE,280000,25000,170,20,0.8472,10896.1
CRUISE,280000,25000,180,-20,0.8515,10627.1
CRUISE,280000,25000,180,-15,0.8515,10681.3
CRUISE,280000,25000,180,-10,0.8515,10735.6
CRUISE,280000,25000,180,-5,0.8515,10789.8
CRUISE,280000,25000,180,0,0.8515,10844
CRUISE,280000,25000,180,5,0.8515,10898.2
CRUISE,280000,25000,180,10,0.8515,10952.4
CRUISE,280000,25000,180,15,0.8515,11006.7
CRUISE,280000,25000,180,20,0.8515,11060.9
CRUISE,280000,25000,190,-20,0.8558,10787
CRUISE,280000,25000,190,-15,0.8558,10842.1
CRUISE,280000,25000,190,-10,0.8558,10897.1
CRUISE,280000,25000,190,-5,0.8558,10952.2
CRUISE,280000,25000,190,0,0.8558,11007.2
CRUISE,280000,25000,190,5,0.8558,11062.2
CRUISE,280000,25000,190,10,0.8558,11117.3
CRUISE,280000,25000,190,15,0.8558,11172.3
CRUISE,280000,25000,190,20,0.8558,11227.3
CRUISE,280000,25000,200,-20,0.86,10948.6
CRUISE,280000,25000,200,-15,0.86,11004.4
CRUISE,280000,25000,200,-10,0.86,11060.3
CRUISE,280000,25000,200,-5,0.86,11116.1
CRUISE,280000,25000,200,0,0.86,11172
CRUISE,280000,25000,200,5,0.86,11227.9
CRUISE,280000,25000,200,10,0.86,11283.7
CRUISE,280000,25000,200,15,0.86,11339.6
CRUISE,280000,25000,200,20,0.86,11395.4
CRUISE,280000,27000,0,-20,0.806,8059.5
CRUISE,280000,27000,0,-15,0.806,8100.6
CRUISE,280000,27000,0,-10,0.806,8141.8
CRUISE,280000,27000,0,-5,0.806,8182.9
CRUISE,280000,27000,0,0,0.806,8224
CRUISE,280000,27000,0,5,0.806,8265.1
CRUISE,280000,27000,0,10,0.806,8306.2
CRUISE,280000,27000,0,15,0.806,8347.4
CRUISE,280000,27000,0,20,0.806,8388.5
CRUISE,280000,27000,10,-20,0.8087,8140.8
CRUISE,280000,27000,10,-15,0.8087,8182.3
CRUISE,280000,27000,10,-10,0.8087,8223.9
CRUISE,280000,27000,10,-5,0.8087,8265.4
CRUISE,280000,27000,10,0,0.8087,8306.9
CRUISE,280000,27000,10,5,0.8087,8348.5
CRUISE,280000,27000,10,10,0.8087,8390
CRUISE,280000,27000,10,15,0.8087,8431.5
CRUISE,280000,27000,10,20,0.8087,8473.1
CRUISE,280000,27000,20,-20,0.8114,8222.6
CRUISE,280000,27000,20,-15,0.8114,8264.6
CRUISE,280000,27000,20,-10,0.8114,8306.5
CRUISE,280000,27000,20,-5,0.8114,8348.5
CRUISE,280000,27000,20,0,0.8114,8390.4
CRUISE,280000,27000,20,5,0.8114,8432.4
CRUISE,280000,27000,20,10,0.8114,8474.3
CRUISE,280000,27000,20,15,0.8114,8516.3
CRUISE,280000,27000,20,20,0.8114,8558.2
CRUISE,280000,27000,30,-20,0.8141,8305
CRUISE,280000,27000,30,-15,0.8141,8347.3
CRUISE,280000,27000,30,-10,0.8141,8389.7
CRUISE,280000,27000,30,-5,0.8141,8432.1
CRUISE,280000,27000,30,0,0.8141,8474.4
CRUISE,280000,27000,30,5,0.8141,8516.8
CRUISE,280000,27000,30,10,0.8141,8559.2
CRUISE,280000,27000,30,15,0.8141,8601.6
CRUISE,280000,27000,30,20,0.8141,8643.9
CRUISE,280000,27000,40,-20,0.8168,8387.9
CRUISE,280000,27000,40,-15,0.8168,8430.7
CRUISE,280000,27000,40,-10,0.8168,8473.5
CRUISE,280000,27000,40,-5,0.8168,8516.2
CRUISE,280000,27000,40,0,0.8168,8559
CRUISE,280000,27000,40,5,0.8168,8601.8
CRUISE,280000,27000,40,10,0.8168,8644.6
CRUISE,280000,27000,40,15,0.8168,8687.4
CRUISE,280000,27000,40,20,0.8168,8730.2
CRUISE,280000,27000,50,-20,0.8195,8471.3
CRUISE,280000,27000,50,-15,0.8195,8514.5
CRUISE,280000,27000,50,-10,0.8195,8557.8
CRUISE,280000,27000,50,-5,0.8195,8601
CRUISE,280000,27000,50,0,0.8195,8644.2
CRUISE,280000,27000,50,5,0.8195,8687.4
CRUISE,280000,27000,50,10,0.8195,8730.6
CRUISE,280000,27000,50,15,0.8195,8773.9
CRUISE,280000,27000,50,20,0.8195,8817.1
CRUISE,280000,27000,60,-20,0.8222,8555.3
CRUISE,280000,27000,60,-15,0.8222,8599
CRUISE,280000,27000,60,-10,0.8222,8642.6
CRUISE,280000,27000,60,-5,0.8222,8686.3
CRUISE,280000,27000,60,0,0.8222,8729.9
CRUISE,280000,27000,60,5,0.8222,8773.6
CRUISE,280000,27000,60,10,0.8222,8817.2
CRUISE,280000,27000,60,15,0.8222,8860.9
CRUISE,280000,27000,60,20,0.8222,8904.5
CRUISE,280000,27000,70,-20,0.8249,8639.9
CRUISE,280000,27000,70,-15,0.8249,8684
CRUISE,280000,27000,70,-10,0.8249,8728
CRUISE,280000,27000,70,-5,0.8249,8772.1
CRUISE,280000,27000,70,0,0.8249,8816.2
CRUISE,280000,27000,70,5,0.8249,8860.3
CRUISE,280000,27000,70,10,0.8249,8904.4
CRUISE,280000,27000,70,15,0.8249,8948.5
CRUISE,280000,27000,70,20,0.8249,8992.5
CRUISE,280000,27000,80,-20,0.8276,8725
CRUISE,280000,27000,80,-15,0.8276,8769.5
CRUISE,280000,27000,80,-10,0.8276,8814
CRUISE,280000,27000,80,-5,0.8276,8858.5
CRUISE,280000,27000,80,0,0.8276,8903.1
CRUISE,280000,27000,80,5,0.8276,8947.6
CRUISE,280000,27000,80,10,0.8276,8992.1
CRUISE,280000,27000,80,15,0.8276,9036.6
CRUISE,280000,27000,80,20,0.8276,9081.1
CRUISE,280000,27000,90,-20,0.8303,8810.7
CRUISE,280000,27000,90,-15,0.8303,8855.6
CRUISE,280000,27000,90,-10,0.8303,8900.6
CRUISE,280000,27000,90,-5,0.8303,8945.5
CRUISE,280000,27000,90,0,0.8303,8990.5
CRUISE,280000,27000,90,5,0.8303,9035.4
CRUISE,280000,27000,90,10,0.8303,9080.4
CRUISE,280000,27000,90,15,0.8303,9125.3
CRUISE,280000,27000,90,20,0.8303,9170.3
CRUISE,280000,27000,100,-20,0.833,8896.9
CRUISE,280000,27000,100,-15,0.833,8942.3
CRUISE,280000,27000,100,-10,0.833,8987.7
CRUISE,280000,27000,100,-5,0.833,9033.1
CRUISE,280000,27000,100,0,0.833,9078.5
CRUISE,280000,27000,100,5,0.833,9123.9
CRUISE,280000,27000,100,10,0.833,9169.3
CRUISE,280000,27000,100,15,0.833,9214.7
CRUISE,280000,27000,100,20,0.833,9260
CRUISE,280000,27000,110,-20,0.8357,8983.7
CRUISE,280000,27000,110,-15,0.8357,9029.5
CRUISE,280000,27000,110,-10,0.8357,9075.4
CRUISE,280000,27000,110,-5,0.8357,9121.2
CRUISE,280000,27000,110,0,0.8357,9167
CRUISE,280000,27000,110,5,0.8357,9212.9
CRUISE,280000,27000,110,10,0.8357,9258.7
CRUISE,280000,27000,110,15,0.8357,9304.5
CRUISE,280000,27000,110,20,0.8357,9350.4
CRUISE,280000,27000,120,-20,0.8384,9071.1
CRUISE,280000,27000,120,-15,0.8384,9117.3
CRUISE,280000,27000,120,-10,0.8384,9163.6
CRUISE,280000,27000,120,-5,0.8384,9209.9
CRUISE,280000,27000,120,0,0.8384,9256.2
CRUISE,280000,27000,120,5,0.8384,9302.5
CRUISE,280000,27000,120,10,0.8384,9348.7
CRUISE,280000,27000,120,15,0.8384,9395
CRUISE,280000,27000,120,20,0.8384,9441.3
CRUISE,280000,27000,130,-20,0.8411,9159
CRUISE,280000,27000,130,-15,0.8411,9205.7
CRUISE,280000,27000,130,-10,0.8411,9252.4
CRUISE,280000,27000,130,-5,0.8411,9299.2
CRUISE,280000,27000,130,0,0.8411,9345.9
CRUISE,280000,27000,130,5,0.8411,9392.6
CRUISE,280000,27000,130,10,0.8411,9439.4
CRUISE,280000,27000,130,15,0.8411,9486.1
CRUISE,280000,27000,130,20,0.8411,9532.8
CRUISE,280000,27000,140,-20,0.8438,9247.5
CRUISE,280000,27000,140,-15,0.8438,9294.6
CRUISE,280000,27000,140,-10,0.8438,9341.8
CRUISE,280000,27000,140,-5,0.8438,9389
CRUISE,280000,27000,140,0,0.8438,9436.2
CRUISE,280000,27000,140,5,0.8438,9483.4
CRUISE,280000,27000,140,10,0.8438,9530.5
CRUISE,280000,27000,140,15,0.8438,9577.7
CRUISE,280000,27000,140,20,0.8438,9624.9
CRUISE,280000,27000,150,-20,0.8465,9336.5
CRUISE,280000,27000,150,-15,0.8465,9384.2
CRUISE,280000,27000,150,-10,0.8465,9431.8
CRUISE,280000,27000,150,-5,0.8465,9479.4
CRUISE,280000,27000,150,0,0.8465,9527.1
CRUISE,280000,27000,150,5,0.8465,9574.7
CRUISE,280000,27000,150,10,0.8465,9622.3
CRUISE,280000,27000,150,15,0.8465,9670
CRUISE,280000,27000,150,20,0.8465,9717.6
CRUISE,280000,27000,160,-20,0.8492,9426.1
CRUISE,280000,27000,160,-15,0.8492,9474.2
CRUISE,280000,27000,160,-10,0.8492,9522.3
CRUISE,280000,27000,160,-5,0.8492,9570.4
CRUISE,280000,27000,160,0,0.8492,9618.5
CRUISE,280000,27000,160,5,0.8492,9666.6
CRUISE,280000,27000,160,10,0.8492,9714.7
CRUISE,280000,27000,160,15,0.8492,9762.8
CRUISE,280000,27000,160,20,0.8492,9810.9
CRUISE,280000,27000,170,-20,0.8519,9516.3
CRUISE,280000,27000,170,-15,0.8519,9564.9
CRUISE,280000,27000,170,-10,0.8519,9613.4
CRUISE,280000,27000,170,-5,0.8519,9662
CRUISE,280000,27000,170,0,0.8519,9710.6
CRUISE,280000,27000,170,5,0.8519,9759.1
CRUISE,280000,27000,170,10,0.8519,9807.7
CRUISE,280000,27000,170,15,0.8519,9856.2
CRUISE,280000,27000,170,20,0.8519,9904.8
CRUISE,280000,27000,180,-20,0.8546,9607.1
CRUISE,280000,27000,180,-15,0.8546,9656.1
CRUISE,280000,27000,180,-10,0.8546,9705.1
CRUISE,280000,27000,180,-5,0.8546,9754.2
CRUISE,280000,27000,180,0,0.8546,9803.2
CRUISE,280000,27000,180,5,0.8546,9852.2
CRUISE,280000,27000,180,10,0.8546,9901.2
CRUISE,280000,27000,180,15,0.8546,9950.2
CRUISE,280000,27000,180,20,0.8546,9999.2
CRUISE,280000,27000,190,-20,0.8573,9698.5
CRUISE,280000,27000,190,-15,0.8573,9747.9
CRUISE,280000,27000,190,-10,0.8573,9797.4
CRUISE,280000,27000,190,-5,0.8573,9846.9
CRUISE,280000,27000,190,0,0.8573,9896.4
CRUISE,280000,27000,190,5,0.8573,9945.9
CRUISE,280000,27000,190,10,0.8573,9995.3
CRUISE,280000,27000,190,15,0.8573,10044.8
CRUISE,280000,27000,190,20,0.8573,10094.3
CRUISE,280000,27000,200,-20,0.86,9790.4
CRUISE,280000,27000,200,-15,0.86,9840.3
CRUISE,280000,27000,200,-10,0.86,9890.3
CRUISE,280000,27000,200,-5,0.86,9940.2
CRUISE,280000,27000,200,0,0.86,9990.2
CRUISE,280000,27000,200,5,0.86,10040.1
CRUISE,280000,27000,200,10,0.86,10090.1
CRUISE,280000,27000,200,15,0.86,10140
CRUISE,280000,27000,200,20,0.86,10190
CRUISE,280000,29000,0,-20,0.827,7975.2
CRUISE,280000,29000,0,-15,0.827,8015.9
CRUISE,280000,29000,0,-10,0.827,8056.6
CRUISE,280000,29000,0,-5,0.827,8097.3
CRUISE,280000,29000,0,0,0.827,8138
CRUISE,280000,29000,0,5,0.827,8178.7
CRUISE,280000,29000,0,10,0.827,8219.4
CRUISE,280000,29000,0,15,0.827,8260.1
CRUISE,280000,29000,0,20,0.827,8300.8
CRUISE,280000,29000,10,-20,0.8286,8023.1
CRUISE,280000,29000,10,-15,0.8286,8064
CRUISE,280000,29000,10,-10,0.8286,8104.9
CRUISE,280000,29000,10,-5,0.8286,8145.9
CRUISE,280000,29000,10,0,0.8286,8186.8
CRUISE,280000,29000,10,5,0.8286,8227.7
CRUISE,280000,29000,10,10,0.8286,8268.7
CRUISE,280000,29000,10,15,0.8286,8309.6
CRUISE,280000,29000,10,20,0.8286,8350.5
CRUISE,280000,29000,20,-20,0.8303,8071.1
CRUISE,280000,29000,20,-15,0.8303,8112.3
CRUISE,280000,29000,20,-10,0.8303,8153.5
CRUISE,280000,29000,20,-5,0.8303,8194.6
CRUISE,280000,29000,20,0,0.8303,8235.8
CRUISE,280000,29000,20,5,0.8303,8277
CRUISE,280000,29000,20,10,0.8303,8318.2
CRUISE,280000,29000,20,15,0.8303,8359.3
CRUISE,280000,29000,20,20,0.8303,8400.5
CRUISE,280000,29000,30,-20,0.8319,8119.3
CRUISE,280000,29000,30,-15,0.8319,8160.7
CRUISE,280000,29000,30,-10,0.8319,8202.2
CRUISE,280000,29000,30,-5,0.8319,8243.6
CRUISE,280000,29000,30,0,0.8319,8285
CRUISE,280000,29000,30,5,0.8319,8326.4
CRUISE,280000,29000,30,10,0.8319,8367.9
CRUISE,280000,29000,30,15,0.8319,8409.3
CRUISE,280000,29000,30,20,0.8319,8450.7
CRUISE,280000,29000,40,-20,0.8336,8167.7
CRUISE,280000,29000,40,-15,0.8336,8209.4
CRUISE,280000,29000,40,-10,0.8336,8251.1
CRUISE,280000,29000,40,-5,0.8336,8292.7
CRUISE,280000,29000,40,0,0.8336,8334.4
CRUISE,280000,29000,40,5,0.8336,8376.1
CRUISE,280000,29000,40,10,0.8336,8417.7
CRUISE,280000,29000,40,15,0.8336,8459.4
CRUISE,280000,29000,40,20,0.8336,8501.1
CRUISE,280000,29000,50,-20,0.8352,8216.3
CRUISE,280000,29000,50,-15,0.8352,8258.2
CRUISE,280000,29000,50,-10,0.8352,8300.1
CRUISE,280000,29000,50,-5,0.8352,8342.1
CRUISE,280000,29000,50,0,0.8352,8384
CRUISE,280000,29000,50,5,0.8352,8425.9
CRUISE,280000,29000,50,10,0.8352,8467.8
CRUISE,280000,29000,50,15,0.8352,8509.7
CRUISE,280000,29000,50,20,0.8352,8551.7
CRUISE,280000,29000,60,-20,0.8369,8265.1
CRUISE,280000,29000,60,-15,0.8369,8307.3
CRUISE,280000,29000,60,-10,0.8369,8349.4
CRUISE,280000,29000,60,-5,0.8369,8391.6
CRUISE,280000,29000,60,0,0.8369,8433.8
CRUISE,280000,29000,60,5,0.8369,8475.9
CRUISE,280000,29000,60,10,0.8369,8518.1
CRUISE,280000,29000,60,15,0.8369,8560.3
CRUISE,280000,29000,60,20,0.8369,8602.4
CRUISE,280000,29000,70,-20,0.8386,8314.1
CRUISE,280000,29000,70,-15,0.8386,8356.5
CRUISE,280000,29000,70,-10,0.8386,8398.9
CRUISE,280000,29000,70,-5,0.8386,8441.3
CRUISE,280000,29000,70,0,0.8386,8483.8
CRUISE,280000,29000,70,5,0.8386,8526.2
CRUISE,280000,29000,70,10,0.8386,8568.6
CRUISE,280000,29000,70,15,0.8386,8611
CRUISE,280000,29000,70,20,0.8386,8653.4
CRUISE,280000,29000,80,-20,0.8402,8363.3
CRUISE,280000,29000,80,-15,0.8402,8405.9
CRUISE,280000,29000,80,-10,0.8402,8448.6
CRUISE,280000,29000,80,-5,0.8402,8491.3
CRUISE,280000,29000,80,0,0.8402,8533.9
CRUISE,280000,29000,80,5,0.8402,8576.6
CRUISE,280000,29000,80,10,0.8402,8619.3
CRUISE,280000,29000,80,15,0.8402,8661.9
CRUISE,280000,29000,80,20,0.8402,8704.6
CRUISE,280000,29000,90,-20,0.8418,8412.6
CRUISE,280000,29000,90,-15,0.8418,8455.5
CRUISE,280000,29000,90,-10,0.8418,8498.5
CRUISE,280000,29000,90,-5,0.8418,8541.4
CRUISE,280000,29000,90,0,0.8418,8584.3
CRUISE,280000,29000,90,5,0.8418,8627.2
CRUISE,280000,29000,90,10,0.8418,8670.2
CRUISE,280000,29000,90,15,0.8418,8713.1
CRUISE,280000,29000,90,20,0.8418,8756
CRUISE,280000,29000,100,-20,0.8435,8462.2
CRUISE,280000,29000,100,-15,0.8435,8505.4
CRUISE,280000,29000,100,-10,0.8435,8548.5
CRUISE,280000,29000,100,-5,0.8435,8591.7
CRUISE,280000,29000,100,0,0.8435,8634.9
CRUISE,280000,29000,100,5,0.8435,8678.1
CRUISE,280000,29000,100,10,0.8435,8721.2
CRUISE,280000,29000,100,15,0.8435,8764.4
CRUISE,280000,29000,100,20,0.8435,8807.6
CRUISE,280000,29000,110,-20,0.8451,8511.9
CRUISE,280000,29000,110,-15,0.8451,8555.4
CRUISE,280000,29000,110,-10,0.8451,8598.8
CRUISE,280000,29000,110,-5,0.8451,8642.2
CRUISE,280000,29000,110,0,0.8451,8685.7
CRUISE,280000,29000,110,5,0.8451,8729.1
CRUISE,280000,29000,110,10,0.8451,8772.5
CRUISE,280000,29000,110,15,0.8451,8815.9
CRUISE,280000,29000,110,20,0.8451,8859.4
CRUISE,280000,29000,120,-20,0.8468,8561.9
CRUISE,280000,29000,120,-15,0.8468,8605.6
CRUISE,280000,29000,120,-10,0.8468,8649.3
CRUISE,280000,29000,120,-5,0.8468,8692.9
CRUISE,280000,29000,120,0,0.8468,8736.6
CRUISE,280000,29000,120,5,0.8468,8780.3
CRUISE,280000,29000,120,10,0.8468,8824
CRUISE,280000,29000,120,15,0.8468,8867.7
CRUISE,280000,29000,120,20,0.8468,8911.4
CRUISE,280000,29000,130,-20,0.8484,8612
CRUISE,280000,29000,130,-15,0.8484,8656
CRUISE,280000,29000,130,-10,0.8484,8699.9
CRUISE,280000,29000,130,-5,0.8484,8743.9
CRUISE,280000,29000,130,0,0.8484,8787.8
CRUISE,280000,29000,130,5,0.8484,8831.7
CRUISE,280000,29000,130,10,0.8484,8875.7
CRUISE,280000,29000,130,15,0.8484,8919.6
CRUISE,280000,29000,130,20,0.8484,8963.6
CRUISE,280000,29000,140,-20,0.8501,8662.4
CRUISE,280000,29000,140,-15,0.8501,8706.6
CRUISE,280000,29000,140,-10,0.8501,8750.8
CRUISE,280000,29000,140,-5,0.8501,8795
CRUISE,280000,29000,140,0,0.8501,8839.2
CRUISE,280000,29000,140,5,0.8501,8883.4
CRUISE,280000,29000,140,10,0.8501,8927.6
CRUISE,280000,29000,140,15,0.8501,8971.8
CRUISE,280000,29000,140,20,0.8501,9015.9
CRUISE,280000,29000,150,-20,0.8518,8712.9
CRUISE,280000,29000,150,-15,0.8518,8757.4
CRUISE,280000,29000,150,-10,0.8518,8801.8
CRUISE,280000,29000,150,-5,0.8518,8846.3
CRUISE,280000,29000,150,0,0.8518,8890.7
CRUISE,280000,29000,150,5,0.8518,8935.2
CRUISE,280000,29000,150,10,0.8518,8979.6
CRUISE,280000,29000,150,15,0.8518,9024.1
CRUISE,280000,29000,150,20,0.8518,9068.5
CRUISE,280000,29000,160,-20,0.8534,8763.7
CRUISE,280000,29000,160,-15,0.8534,8808.4
CRUISE,280000,29000,160,-10,0.8534,8853.1
CRUISE,280000,29000,160,-5,0.8534,8897.8
CRUISE,280000,29000,160,0,0.8534,8942.5
CRUISE,280000,29000,160,5,0.8534,8987.2
CRUISE,280000,29000,160,10,0.8534,9031.9
CRUISE,280000,29000,160,15,0.8534,9076.6
CRUISE,280000,29000,160,20,0.8534,9121.4
CRUISE,280000,29000,170,-20,0.855,8814.6
CRUISE,280000,29000,170,-15,0.855,8859.6
CRUISE,280000,29000,170,-10,0.855,8904.5
CRUISE,280000,29000,170,-5,0.855,8949.5
CRUISE,280000,29000,170,0,0.855,8994.5
CRUISE,280000,29000,170,5,0.855,9039.4
CRUISE,280000,29000,170,10,0.855,9084.4
CRUISE,280000,29000,170,15,0.855,9129.4
CRUISE,280000,29000,170,20,0.855,9174.4
CRUISE,280000,29000,180,-20,0.8567,8865.7
CRUISE,280000,29000,180,-15,0.8567,8910.9
CRUISE,280000,29000,180,-10,0.8567,8956.2
CRUISE,280000,29000,180,-5,0.8567,9001.4
CRUISE,280000,29000,180,0,0.8567,9046.6
CRUISE,280000,29000,180,5,0.8567,9091.9
CRUISE,280000,29000,180,10,0.8567,9137.1
CRUISE,280000,29000,180,15,0.8567,9182.3
CRUISE,280000,29000,180,20,0.8567,9227.6
CRUISE,280000,29000,190,-20,0.8583,8917
CRUISE,280000,29000,190,-15,0.8583,8962.5
CRUISE,280000,29000,190,-10,0.8583,9008
CRUISE,280000,29000,190,-5,0.8583,9053.5
CRUISE,280000,29000,190,0,0.8583,9099
CRUISE,280000,29000,190,5,0.8583,9144.5
CRUISE,280000,29000,190,10,0.8583,9190
CRUISE,280000,29000,190,15,0.8583,9235.5
CRUISE,280000,29000,190,20,0.8583,9281
CRUISE,280000,29000,200,-20,0.86,8968.6
CRUISE,280000,29000,200,-15,0.86,9014.3
CRUISE,280000,29000,200,-10,0.86,9060.1
CRUISE,280000,29000,200,-5,0.86,9105.8
CRUISE,280000,29000,200,0,0.86,9151.6
CRUISE,280000,29000,200,5,0.86,9197.3
CRUISE,280000,29000,200,10,0.86,9243.1
CRUISE,280000,29000,200,15,0.86,9288.9
CRUISE,280000,29000,200,20,0.86,9334.6
CRUISE,280000,31000,0,-20,0.838,7847.8
CRUISE,280000,31000,0,-15,0.838,7887.9
CRUISE,280000,31000,0,-10,0.838,7927.9
CRUISE,280000,31000,0,-5,0.838,7968
CRUISE,280000,31000,0,0,0.838,8008
CRUISE,280000,31000,0,5,0.838,8048
CRUISE,280000,31000,0,10,0.838,8088.1
CRUISE,280000,31000,0,15,0.838,8128.1
CRUISE,280000,31000,0,20,0.838,8168.2
CRUISE,280000,31000,10,-20,0.8391,7878.8
CRUISE,280000,31000,10,-15,0.8391,7919
CRUISE,280000,31000,10,-10,0.8391,7959.2
CRUISE,280000,31000,10,-5,0.8391,7999.4
CRUISE,280000,31000,10,0,0.8391,8039.6
CRUISE,280000,31000,10,5,0.8391,8079.8
CRUISE,280000,31000,10,10,0.8391,8120
CRUISE,280000,31000,10,15,0.8391,8160.2
CRUISE,280000,31000,10,20,0.8391,8200.4
CRUISE,280000,31000,20,-20,0.8402,7909.8
CRUISE,280000,31000,20,-15,0.8402,7950.2
CRUISE,280000,31000,20,-10,0.8402,7990.5
CRUISE,280000,31000,20,-5,0.8402,8030.9
CRUISE,280000,31000,20,0,0.8402,8071.2
CRUISE,280000,31000,20,5,0.8402,8111.6
CRUISE,280000,31000,20,10,0.8402,8151.9
CRUISE,280000,31000,20,15,0.8402,8192.3
CRUISE,280000,31000,20,20,0.8402,8232.7
CRUISE,280000,31000,30,-20,0.8413,7940.9
CRUISE,280000,31000,30,-15,0.8413,7981.4
CRUISE,280000,31000,30,-10,0.8413,8021.9
CRUISE,280000,31000,30,-5,0.8413,8062.5
CRUISE,280000,31000,30,0,0.8413,8103
CRUISE,280000,31000,30,5,0.8413,8143.5
CRUISE,280000,31000,30,10,0.8413,8184
CRUISE,280000,31000,30,15,0.8413,8224.5
CRUISE,280000,31000,30,20,0.8413,8265
CRUISE,280000,31000,40,-20,0.8424,7972.1
CRUISE,280000,31000,40,-15,0.8424,8012.8
CRUISE,280000,31000,40,-10,0.8424,8053.5
CRUISE,280000,31000,40,-5,0.8424,8094.1
CRUISE,280000,31000,40,0,0.8424,8134.8
CRUISE,280000,31000,40,5,0.8424,8175.5
CRUISE,280000,31000,40,10,0.8424,8216.2
CRUISE,280000,31000,40,15,0.8424,8256.8
CRUISE,280000,31000,40,20,0.8424,8297.5
CRUISE,280000,31000,50,-20,0.8435,8003.4
CRUISE,280000,31000,50,-15,0.8435,8044.2
CRUISE,280000,31000,50,-10,0.8435,8085
CRUISE,280000,31000,50,-5,0.8435,8125.9
CRUISE,280000,31000,50,0,0.8435,8166.7
CRUISE,280000,31000,50,5,0.8435,8207.5
CRUISE,280000,31000,50,10,0.8435,8248.4
CRUISE,280000,31000,50,15,0.8435,8289.2
CRUISE,280000,31000,50,20,0.8435,8330
CRUISE,280000,31000,60,-20,0.8446,8034.7
CRUISE,280000,31000,60,-15,0.8446,8075.7
CRUISE,280000,31000,60,-10,0.8446,8116.7
CRUISE,280000,31000,60,-5,0.8446,8157.7
CRUISE,280000,31000,60,0,0.8446,8198.7
CRUISE,280000,31000,60,5,0.8446,8239.7
CRUISE,280000,31000,60,10,0.8446,8280.7
CRUISE,280000,31000,60,15,0.8446,8321.7
CRUISE,280000,31000,60,20,0.8446,8362.7
CRUISE,280000,31000,70,-20,0.8457,8066.2
CRUISE,280000,31000,70,-15,0.8457,8107.3
CRUISE,280000,31000,70,-10,0.8457,8148.5
CRUISE,280000,31000,70,-5,0.8457,8189.6
CRUISE,280000,31000,70,0,0.8457,8230.8
CRUISE,280000,31000,70,5,0.8457,8271.9
CRUISE,280000,31000,70,10,0.8457,8313.1
CRUISE,280000,31000,70,15,0.8457,8354.2
CRUISE,280000,31000,70,20,0.8457,8395.4
CRUISE,280000,31000,80,-20,0.8468,8097.7
CRUISE,280000,31000,80,-15,0.8468,8139
CRUISE,280000,31000,80,-10,0.8468,8180.3
CRUISE,280000,31000,80,-5,0.8468,8221.6
CRUISE,280000,31000,80,0,0.8468,8262.9
CRUISE,280000,31000,80,5,0.8468,8304.3
CRUISE,280000,31000,80,10,0.8468,8345.6
CRUISE,280000,31000,80,15,0.8468,8386.9
CRUISE,280000,31000,80,20,0.8468,8428.2
CRUISE,280000,31000,90,-20,0.8479,8129.3
CRUISE,280000,31000,90,-15,0.8479,8170.8
CRUISE,280000,31000,90,-10,0.8479,8212.2
CRUISE,280000,31000,90,-5,0.8479,8253.7
CRUISE,280000,31000,90,0,0.8479,8295.2
CRUISE,280000,31000,90,5,0.8479,8336.7
CRUISE,280000,31000,90,10,0.8479,8378.1
CRUISE,280000,31000,90,15,0.8479,8419.6
CRUISE,280000,31000,90,20,0.8479,8461.1
CRUISE,280000,31000,100,-20,0.849,8161
CRUISE,280000,31000,100,-15,0.849,8202.6
CRUISE,280000,31000,100,-10,0.849,8244.2
CRUISE,280000,31000,100,-5,0.849,8285.9
CRUISE,280000,31000,100,0,0.849,8327.5
CRUISE,280000,31000,100,5,0.849,8369.1
CRUISE,280000,31000,100,10,0.849,8410.8
CRUISE,280000,31000,100,15,0.849,8452.4
CRUISE,280000,31000,100,20,0.849,8494.1
CRUISE,280000,31000,110,-20,0.8501,8192.7
CRUISE,280000,31000,110,-15,0.8501,8234.5
CRUISE,280000,31000,110,-10,0.8501,8276.3
CRUISE,280000,31000,110,-5,0.8501,8318.1
CRUISE,280000,31000,110,0,0.8501,8359.9
CRUISE,280000,31000,110,5,0.8501,8401.7
CRUISE,280000,31000,110,10,0.8501,8443.5
CRUISE,280000,31000,110,15,0.8501,8485.3
CRUISE,280000,31000,110,20,0.8501,8527.1
CRUISE,280000,31000,120,-20,0.8512,8224.6
CRUISE,280000,31000,120,-15,0.8512,8266.5
CRUISE,280000,31000,120,-10,0.8512,8308.5
CRUISE,280000,31000,120,-5,0.8512,8350.5
CRUISE,280000,31000,120,0,0.8512,8392.4
CRUISE,280000,31000,120,5,0.8512,8434.4
CRUISE,280000,31000,120,10,0.8512,8476.3
CRUISE,280000,31000,120,15,0.8512,8518.3
CRUISE,280000,31000,120,20,0.8512,8560.3
CRUISE,280000,31000,130,-20,0.8523,8256.5
CRUISE,280000,31000,130,-15,0.8523,8298.6
CRUISE,280000,31000,130,-10,0.8523,8340.7
CRUISE,280000,31000,130,-5,0.8523,8382.9
CRUISE,280000,31000,130,0,0.8523,8425
CRUISE,280000,31000,130,5,0.8523,8467.1
CRUISE,280000,31000,130,10,0.8523,8509.2
CRUISE,280000,31000,130,15,0.8523,8551.4
CRUISE,280000,31000,130,20,0.8523,8593.5
CRUISE,280000,31000,140,-20,0.8534,8288.5
CRUISE,280000,31000,140,-15,0.8534,8330.8
CRUISE,280000,31000,140,-10,0.8534,8373.1
CRUISE,280000,31000,140,-5,0.8534,8415.4
CRUISE,280000,31000,140,0,0.8534,8457.7
CRUISE,280000,31000,140,5,0.8534,8499.9
CRUISE,280000,31000,140,10,0.8534,8542.2
CRUISE,280000,31000,140,15,0.8534,8584.5
CRUISE,280000,31000,140,20,0.8534,8626.8
CRUISE,280000,31000,150,-20,0.8545,8320.6
CRUISE,280000,31000,150,-15,0.8545,8363
CRUISE,280000,31000,150,-10,0.8545,8405.5
CRUISE,280000,31000,150,-5,0.8545,8447.9
CRUISE,280000,31000,150,0,0.8545,8490.4
CRUISE,280000,31000,150,5,0.8545,8532.9
CRUISE,280000,31000,150,10,0.8545,8575.3
CRUISE,280000,31000,150,15,0.8545,8617.8
CRUISE,280000,31000,150,20,0.8545,8660.2
CRUISE,280000,31000,160,-20,0.8556,8352.8
CRUISE,280000,31000,160,-15,0.8556,8395.4
CRUISE,280000,31000,160,-10,0.8556,8438
CRUISE,280000,31000,160,-5,0.8556,8480.6
CRUISE,280000,31000,160,0,0.8556,8523.2
CRUISE,280000,31000,160,5,0.8556,8565.8
CRUISE,280000,31000,160,10,0.8556,8608.5
CRUISE,280000,31000,160,15,0.8556,8651.1
CRUISE,280000,31000,160,20,0.8556,8693.7
CRUISE,280000,31000,170,-20,0.8567,8385
CRUISE,280000,31000,170,-15,0.8567,8427.8
CRUISE,280000,31000,170,-10,0.8567,8470.6
CRUISE,280000,31000,170,-5,0.8567,8513.4
CRUISE,280000,31000,170,0,0.8567,8556.1
CRUISE,280000,31000,170,5,0.8567,8598.9
CRUISE,280000,31000,170,10,0.8567,8641.7
CRUISE,280000,31000,170,15,0.8567,8684.5
CRUISE,280000,31000,170,20,0.8567,8727.3
CRUISE,280000,31000,180,-20,0.8578,8417.4
CRUISE,280000,31000,180,-15,0.8578,8460.3
CRUISE,280000,31000,180,-10,0.8578,8503.3
CRUISE,280000,31000,180,-5,0.8578,8546.2
CRUISE,280000,31000,180,0,0.8578,8589.1
CRUISE,280000,31000,180,5,0.8578,8632.1
CRUISE,280000,31000,180,10,0.8578,8675
CRUISE,280000,31000,180,15,0.8578,8718
CRUISE,280000,31000,180,20,0.8578,8760.9
CRUISE,280000,31000,190,-20,0.8589,8449.8
CRUISE,280000,31000,190,-15,0.8589,8492.9
CRUISE,280000,31000,190,-10,0.8589,8536
CRUISE,280000,31000,190,-5,0.8589,8579.1
CRUISE,280000,31000,190,0,0.8589,8622.2
CRUISE,280000,31000,190,5,0.8589,8665.3
CRUISE,280000,31000,190,10,0.8589,8708.5
CRUISE,280000,31000,190,15,0.8589,8751.6
CRUISE,280000,31000,190,20,0.8589,8794.7
CRUISE,280000,31000,200,-20,0.86,8482.3
CRUISE,280000,31000,200,-15,0.86,8525.6
CRUISE,280000,31000,200,-10,0.86,8568.9
CRUISE,280000,31000,200,-5,0.86,8612.1
CRUISE,280000,31000,200,0,0.86,8655.4
CRUISE,280000,31000,200,5,0.86,8698.7
CRUISE,280000,31000,200,10,0.86,8742
CRUISE,280000,31000,200,15,0.86,8785.2
CRUISE,280000,31000,200,20,0.86,8828.5
CRUISE,280000,33000,0,-20,0.84,7738.1
CRUISE,280000,33000,0,-15,0.84,7777.6
CRUISE,280000,33000,0,-10,0.84,7817
CRUISE,280000,33000,0,-5,0.84,7856.5
CRUISE,280000,33000,0,0,0.84,7896
CRUISE,280000,33000,0,5,0.84,7935.5
CRUISE,280000,33000,0,10,0.84,7975
CRUISE,280000,33000,0,15,0.84,8014.4
CRUISE,280000,33000,0,20,0.84,8053.9
CRUISE,280000,33000,10,-20,0.841,7765.7
CRUISE,280000,33000,10,-15,0.841,7805.4
CRUISE,280000,33000,10,-10,0.841,7845
CRUISE,280000,33000,10,-5,0.841,7884.6
CRUISE,280000,33000,10,0,0.841,7924.2
CRUISE,280000,33000,10,5,0.841,7963.9
CRUISE,280000,33000,10,10,0.841,8003.5
CRUISE,280000,33000,10,15,0.841,8043.1
CRUISE,280000,33000,10,20,0.841,8082.7
CRUISE,280000,33000,20,-20,0.842,7793.5
CRUISE,280000,33000,20,-15,0.842,7833.2
CRUISE,280000,33000,20,-10,0.842,7873
CRUISE,280000,33000,20,-5,0.842,7912.8
CRUISE,280000,33000,20,0,0.842,7952.5
CRUISE,280000,33000,20,5,0.842,7992.3
CRUISE,280000,33000,20,10,0.842,8032.1
CRUISE,280000,33000,20,15,0.842,8071.8
CRUISE,280000,33000,20,20,0.842,8111.6
CRUISE,280000,33000,30,-20,0.843,7821.3
CRUISE,280000,33000,30,-15,0.843,7861.2
CRUISE,280000,33000,30,-10,0.843,7901.1
CRUISE,280000,33000,30,-5,0.843,7941
CRUISE,280000,33000,30,0,0.843,7980.9
CRUISE,280000,33000,30,5,0.843,8020.8
CRUISE,280000,33000,30,10,0.843,8060.7
CRUISE,280000,33000,30,15,0.843,8100.6
CRUISE,280000,33000,30,20,0.843,8140.5
CRUISE,280000,33000,40,-20,0.844,7849.2
CRUISE,280000,33000,40,-15,0.844,7889.2
CRUISE,280000,33000,40,-10,0.844,7929.2
CRUISE,280000,33000,40,-5,0.844,7969.3
CRUISE,280000,33000,40,0,0.844,8009.3
CRUISE,280000,33000,40,5,0.844,8049.4
CRUISE,280000,33000,40,10,0.844,8089.4
CRUISE,280000,33000,40,15,0.844,8129.5
CRUISE,280000,33000,40,20,0.844,8169.5
CRUISE,280000,33000,50,-20,0.845,7877.1
CRUISE,280000,33000,50,-15,0.845,7917.3
CRUISE,280000,33000,50,-10,0.845,7957.5
CRUISE,280000,33000,50,-5,0.845,7997.7
CRUISE,280000,33000,50,0,0.845,8037.8
CRUISE,280000,33000,50,5,0.845,8078
CRUISE,280000,33000,50,10,0.845,8118.2
CRUISE,280000,33000,50,15,0.845,8158.4
CRUISE,280000,33000,50,20,0.845,8198.6
CRUISE,280000,33000,60,-20,0.846,7905.1
CRUISE,280000,33000,60,-15,0.846,7945.4
CRUISE,280000,33000,60,-10,0.846,7985.7
CRUISE,280000,33000,60,-5,0.846,8026.1
CRUISE,280000,33000,60,0,0.846,8066.4
CRUISE,280000,33000,60,5,0.846,8106.7
CRUISE,280000,33000,60,10,0.846,8147.1
CRUISE,280000,33000,60,15,0.846,8187.4
CRUISE,280000,33000,60,20,0.846,8227.7
CRUISE,280000,33000,70,-20,0.847,7933.1
CRUISE,280000,33000,70,-15,0.847,7973.6
CRUISE,280000,33000,70,-10,0.847,8014.1
CRUISE,280000,33000,70,-5,0.847,8054.6
CRUISE,280000,33000,70,0,0.847,8095
CRUISE,280000,33000,70,5,0.847,8135.5
CRUISE,280000,33000,70,10,0.847,8176
CRUISE,280000,33000,70,15,0.847,8216.5
CRUISE,280000,33000,70,20,0.847,8257
CRUISE,280000,33000,80,-20,0.848,7961.3
CRUISE,280000,33000,80,-15,0.848,8001.9
CRUISE,280000,33000,80,-10,0.848,8042.5
CRUISE,280000,33000,80,-5,0.848,8083.1
CRUISE,280000,33000,80,0,0.848,8123.8
CRUISE,280000,33000,80,5,0.848,8164.4
CRUISE,280000,33000,80,10,0.848,8205
CRUISE,280000,33000,80,15,0.848,8245.6
CRUISE,280000,33000,80,20,0.848,8286.2
CRUISE,280000,33000,90,-20,0.849,7989.5
CRUISE,280000,33000,90,-15,0.849,8030.2
CRUISE,280000,33000,90,-10,0.849,8071
CRUISE,280000,33000,90,-5,0.849,8111.8
CRUISE,280000,33000,90,0,0.849,8152.5
CRUISE,280000,33000,90,5,0.849,8193.3
CRUISE,280000,33000,90,10,0.849,8234.1
CRUISE,280000,33000,90,15,0.849,8274.8
CRUISE,280000,33000,90,20,0.849,8315.6
CRUISE,280000,33000,100,-20,0.85,8017.7
CRUISE,280000,33000,100,-15,0.85,8058.6
CRUISE,280000,33000,100,-10,0.85,8099.6
CRUISE,280000,33000,100,-5,0.85,8140.5
CRUISE,280000,33000,100,0,0.85,8181.4
CRUISE,280000,33000,100,5,0.85,8222.3
CRUISE,280000,33000,100,10,0.85,8263.2
CRUISE,280000,33000,100,15,0.85,8304.1
CRUISE,280000,33000,100,20,0.85,8345
CRUISE,280000,33000,110,-20,0.851,8046.1
CRUISE,280000,33000,110,-15,0.851,8087.1
CRUISE,280000,33000,110,-10,0.851,8128.2
CRUISE,280000,33000,110,-5,0.851,8169.2
CRUISE,280000,33000,110,0,0.851,8210.3
CRUISE,280000,33000,110,5,0.851,8251.3
CRUISE,280000,33000,110,10,0.851,8292.4
CRUISE,280000,33000,110,15,0.851,8333.4
CRUISE,280000,33000,110,20,0.851,8374.5
CRUISE,280000,33000,120,-20,0.852,8074.5
CRUISE,280000,33000,120,-15,0.852,8115.7
CRUISE,280000,33000,120,-10,0.852,8156.9
CRUISE,280000,33000,120,-5,0.852,8198.1
CRUISE,280000,33000,120,0,0.852,8239.3
CRUISE,280000,33000,120,5,0.852,8280.5
CRUISE,280000,33000,120,10,0.852,8321.6
CRUISE,280000,33000,120,15,0.852,8362.8
CRUISE,280000,33000,120,20,0.852,8404
CRUISE,280000,33000,130,-20,0.853,8102.9
CRUISE,280000,33000,130,-15,0.853,8144.3
CRUISE,280000,33000,130,-10,0.853,8185.6
CRUISE,280000,33000,130,-5,0.853,8227
CRUISE,280000,33000,130,0,0.853,8268.3
CRUISE,280000,33000,130,5,0.853,8309.6
CRUISE,280000,33000,130,10,0.853,8351
CRUISE,280000,33000,130,15,0.853,8392.3
CRUISE,280000,33000,130,20,0.853,8433.7
CRUISE,280000,33000,140,-20,0.854,8131.5
CRUISE,280000,33000,140,-15,0.854,8173
CRUISE,280000,33000,140,-10,0.854,8214.4
CRUISE,280000,33000,140,-5,0.854,8255.9
CRUISE,280000,33000,140,0,0.854,8297.4
CRUISE,280000,33000,140,5,0.854,8338.9
CRUISE,280000,33000,140,10,0.854,8380.4
CRUISE,280000,33000,140,15,0.854,8421.9
CRUISE,280000,33000,140,20,0.854,8463.4
CRUISE,280000,33000,150,-20,0.855,8160.1
CRUISE,280000,33000,150,-15,0.855,8201.7
CRUISE,280000,33000,150,-10,0.855,8243.3
CRUISE,280000,33000,150,-5,0.855,8285
CRUISE,280000,33000,150,0,0.855,8326.6
CRUISE,280000,33000,150,5,0.855,8368.2
CRUISE,280000,33000,150,10,0.855,8409.9
CRUISE,280000,33000,150,15,0.855,8451.5
CRUISE,280000,33000,150,20,0.855,8493.1
CRUISE,280000,33000,160,-20,0.856,8188.7
CRUISE,280000,33000,160,-15,0.856,8230.5
CRUISE,280000,33000,160,-10,0.856,8272.3
CRUISE,280000,33000,160,-5,0.856,8314.1
CRUISE,280000,33000,160,0,0.856,8355.8
CRUISE,280000,33000,160,5,0.856,8397.6
CRUISE,280000,33000,160,10,0.856,8439.4
CRUISE,280000,33000,160,15,0.856,8481.2
CRUISE,280000,33000,160,20,0.856,8523
CRUISE,280000,33000,170,-20,0.857,8217.5
CRUISE,280000,33000,170,-15,0.857,8259.4
CRUISE,280000,33000,170,-10,0.857,8301.3
CRUISE,280000,33000,170,-5,0.857,8343.2
CRUISE,280000,33000,170,0,0.857,8385.2
CRUISE,280000,33000,170,5,0.857,8427.1
CRUISE,280000,33000,170,10,0.857,8469
CRUISE,280000,33000,170,15,0.857,8510.9
CRUISE,280000,33000,170,20,0.857,8552.9
CRUISE,280000,33000,180,-20,0.858,8246.3
CRUISE,280000,33000,180,-15,0.858,8288.3
CRUISE,280000,33000,180,-10,0.858,8330.4
CRUISE,280000,33000,180,-5,0.858,8372.5
CRUISE,280000,33000,180,0,0.858,8414.6
CRUISE,280000,33000,180,5,0.858,8456.6
CRUISE,280000,33000,180,10,0.858,8498.7
CRUISE,280000,33000,180,15,0.858,8540.8
CRUISE,280000,33000,180,20,0.858,8582.8
CRUISE,280000,33000,190,-20,0.859,8275.1
CRUISE,280000,33000,190,-15,0.859,8317.4
CRUISE,280000,33000,190,-10,0.859,8359.6
CRUISE,280000,33000,190,-5,0.859,8401.8
CRUISE,280000,33000,190,0,0.859,8444
CRUISE,280000,33000,190,5,0.859,8486.2
CRUISE,280000,33000,190,10,0.859,8528.5
CRUISE,280000,33000,190,15,0.859,8570.7
CRUISE,280000,33000,190,20,0.859,8612.9
CRUISE,280000,33000,200,-20,0.86,8304.1
CRUISE,280000,33000,200,-15,0.86,8346.4
CRUISE,280000,33000,200,-10,0.86,8388.8
CRUISE,280000,33000,200,-5,0.86,8431.2
CRUISE,280000,33000,200,0,0.86,8473.5
CRUISE,280000,33000,200,5,0.86,8515.9
CRUISE,280000,33000,200,10,0.86,8558.3
CRUISE,280000,33000,200,15,0.86,8600.6
CRUISE,280000,33000,200,20,0.86,8643
CRUISE,280000,35000,0,-20,0.836,7785.1
CRUISE,280000,35000,0,-15,0.836,7824.8
CRUISE,280000,35000,0,-10,0.836,7864.6
CRUISE,280000,35000,0,-5,0.836,7904.3
CRUISE,280000,35000,0,0,0.836,7944
CRUISE,280000,35000,0,5,0.836,7983.7
CRUISE,280000,35000,0,10,0.836,8023.4
CRUISE,280000,35000,0,15,0.836,8063.2
CRUISE,280000,35000,0,20,0.836,8102.9
CRUISE,280000,35000,10,-20,0.8372,7818.7
CRUISE,280000,35000,10,-15,0.8372,7858.6
CRUISE,280000,35000,10,-10,0.8372,7898.5
CRUISE,280000,35000,10,-5,0.8372,7938.4
CRUISE,280000,35000,10,0,0.8372,7978.3
CRUISE,280000,35000,10,5,0.8372,8018.1
CRUISE,280000,35000,10,10,0.8372,8058
CRUISE,280000,35000,10,15,0.8372,8097.9
CRUISE,280000,35000,10,20,0.8372,8137.8
CRUISE,280000,35000,20,-20,0.8384,7852.4
CRUISE,280000,35000,20,-15,0.8384,7892.4
CRUISE,280000,35000,20,-10,0.8384,7932.5
CRUISE,280000,35000,20,-5,0.8384,7972.6
CRUISE,280000,35000,20,0,0.8384,8012.6
CRUISE,280000,35000,20,5,0.8384,8052.7
CRUISE,280000,35000,20,10,0.8384,8092.7
CRUISE,280000,35000,20,15,0.8384,8132.8
CRUISE,280000,35000,20,20,0.8384,8172.9
CRUISE,280000,35000,30,-20,0.8396,7886.1
CRUISE,280000,35000,30,-15,0.8396,7926.4
CRUISE,280000,35000,30,-10,0.8396,7966.6
CRUISE,280000,35000,30,-5,0.8396,8006.8
CRUISE,280000,35000,30,0,0.8396,8047.1
CRUISE,280000,35000,30,5,0.8396,8087.3
CRUISE,280000,35000,30,10,0.8396,8127.5
CRUISE,280000,35000,30,15,0.8396,8167.8
CRUISE,280000,35000,30,20,0.8396,8208
CRUISE,280000,35000,40,-20,0.8408,7920
CRUISE,280000,35000,40,-15,0.8408,7960.4
CRUISE,280000,35000,40,-10,0.8408,8000.8
CRUISE,280000,35000,40,-5,0.8408,8041.2
CRUISE,280000,35000,40,0,0.8408,8081.6
CRUISE,280000,35000,40,5,0.8408,8122
CRUISE,280000,35000,40,10,0.8408,8162.4
CRUISE,280000,35000,40,15,0.8408,8202.8
CRUISE,280000,35000,40,20,0.8408,8243.3
CRUISE,280000,35000,50,-20,0.842,7953.9
CRUISE,280000,35000,50,-15,0.842,7994.5
CRUISE,280000,35000,50,-10,0.842,8035.1
CRUISE,280000,35000,50,-5,0.842,8075.7
CRUISE,280000,35000,50,0,0.842,8116.3
CRUISE,280000,35000,50,5,0.842,8156.9
CRUISE,280000,35000,50,10,0.842,8197.4
CRUISE,280000,35000,50,15,0.842,8238
CRUISE,280000,35000,50,20,0.842,8278.6
CRUISE,280000,35000,60,-20,0.8432,7988
CRUISE,280000,35000,60,-15,0.8432,8028.8
CRUISE,280000,35000,60,-10,0.8432,8069.5
CRUISE,280000,35000,60,-5,0.8432,8110.3
CRUISE,280000,35000,60,0,0.8432,8151
CRUISE,280000,35000,60,5,0.8432,8191.8
CRUISE,280000,35000,60,10,0.8432,8232.5
CRUISE,280000,35000,60,15,0.8432,8273.3
CRUISE,280000,35000,60,20,0.8432,8314
CRUISE,280000,35000,70,-20,0.8444,8022.2
CRUISE,280000,35000,70,-15,0.8444,8063.1
CRUISE,280000,35000,70,-10,0.8444,8104
CRUISE,280000,35000,70,-5,0.8444,8144.9
CRUISE,280000,35000,70,0,0.8444,8185.9
CRUISE,280000,35000,70,5,0.8444,8226.8
CRUISE,280000,35000,70,10,0.8444,8267.7
CRUISE,280000,35000,70,15,0.8444,8308.7
CRUISE,280000,35000,70,20,0.8444,8349.6
CRUISE,280000,35000,80,-20,0.8456,8056.4
CRUISE,280000,35000,80,-15,0.8456,8097.5
CRUISE,280000,35000,80,-10,0.8456,8138.6
CRUISE,280000,35000,80,-5,0.8456,8179.7
CRUISE,280000,35000,80,0,0.8456,8220.8
CRUISE,280000,35000,80,5,0.8456,8261.9
CRUISE,280000,35000,80,10,0.8456,8303
CRUISE,280000,35000,80,15,0.8456,8344.1
CRUISE,280000,35000,80,20,0.8456,8385.2
CRUISE,280000,35000,90,-20,0.8468,8090.8
CRUISE,280000,35000,90,-15,0.8468,8132
CRUISE,280000,35000,90,-10,0.8468,8173.3
CRUISE,280000,35000,90,-5,0.8468,8214.6
CRUISE,280000,35000,90,0,0.8468,8255.9
CRUISE,280000,35000,90,5,0.8468,8297.2
CRUISE,280000,35000,90,10,0.8468,8338.4
CRUISE,280000,35000,90,15,0.8468,8379.7
CRUISE,280000,35000,90,20,0.8468,8421
CRUISE,280000,35000,100,-20,0.848,8125.2
CRUISE,280000,35000,100,-15,0.848,8166.7
CRUISE,280000,35000,100,-10,0.848,8208.1
CRUISE,280000,35000,100,-5,0.848,8249.6
CRUISE,280000,35000,100,0,0.848,8291
CRUISE,280000,35000,100,5,0.848,8332.5
CRUISE,280000,35000,100,10,0.848,8373.9
CRUISE,280000,35000,100,15,0.848,8415.4
CRUISE,280000,35000,100,20,0.848,8456.8
CRUISE,280000,35000,110,-20,0.8492,8159.7
CRUISE,280000,35000,110,-15,0.8492,8201.4
CRUISE,280000,35000,110,-10,0.8492,8243
CRUISE,280000,35000,110,-5,0.8492,8284.6
CRUISE,280000,35000,110,0,0.8492,8326.3
CRUISE,280000,35000,110,5,0.8492,8367.9
CRUISE,280000,35000,110,10,0.8492,8409.5
CRUISE,280000,35000,110,15,0.8492,8451.2
CRUISE,280000,35000,110,20,0.8492,8492.8
CRUISE,280000,35000,120,-20,0.8504,8194.4
CRUISE,280000,35000,120,-15,0.8504,8236.2
CRUISE,280000,35000,120,-10,0.8504,8278
CRUISE,280000,35000,120,-5,0.8504,8319.8
CRUISE,280000,35000,120,0,0.8504,8361.6
CRUISE,280000,35000,120,5,0.8504,8403.4
CRUISE,280000,35000,120,10,0.8504,8445.2
CRUISE,280000,35000,120,15,0.8504,8487
CRUISE,280000,35000,120,20,0.8504,8528.8
CRUISE,280000,35000,130,-20,0.8516,8229.1
CRUISE,280000,35000,130,-15,0.8516,8271.1
CRUISE,280000,35000,130,-10,0.8516,8313.1
CRUISE,280000,35000,130,-5,0.8516,8355.1
CRUISE,280000,35000,130,0,0.8516,8397.1
CRUISE,280000,35000,130,5,0.8516,8439
CRUISE,280000,35000,130,10,0.8516,8481
CRUISE,280000,35000,130,15,0.8516,8523
CRUISE,280000,35000,130,20,0.8516,8565
CRUISE,280000,35000,140,-20,0.8528,8264
CRUISE,280000,35000,140,-15,0.8528,8306.1
CRUISE,280000,35000,140,-10,0.8528,8348.3
CRUISE,280000,35000,140,-5,0.8528,8390.4
CRUISE,280000,35000,140,0,0.8528,8432.6
CRUISE,280000,35000,140,5,0.8528,8474.8
CRUISE,280000,35000,140,10,0.8528,8516.9
CRUISE,280000,35000,140,15,0.8528,8559.1
CRUISE,280000,35000,140,20,0.8528,8601.3
CRUISE,280000,35000,150,-20,0.854,8298.9
CRUISE,280000,35000,150,-15,0.854,8341.2
CRUISE,280000,35000,150,-10,0.854,8383.6
CRUISE,280000,35000,150,-5,0.854,8425.9
CRUISE,280000,35000,150,0,0.854,8468.3
CRUISE,280000,35000,150,5,0.854,8510.6
CRUISE,280000,35000,150,10,0.854,8552.9
CRUISE,280000,35000,150,15,0.854,8595.3
CRUISE,280000,35000,150,20,0.854,8637.6
CRUISE,280000,35000,160,-20,0.8552,8333.9
CRUISE,280000,35000,160,-15,0.8552,8376.4
CRUISE,280000,35000,160,-10,0.8552,8419
CRUISE,280000,35000,160,-5,0.8552,8461.5
CRUISE,280000,35000,160,0,0.8552,8504
CRUISE,280000,35000,160,5,0.8552,8546.5
CRUISE,280000,35000,160,10,0.8552,8589
CRUISE,280000,35000,160,15,0.8552,8631.6
CRUISE,280000,35000,160,20,0.8552,8674.1
CRUISE,280000,35000,170,-20,0.8564,8369.1
CRUISE,280000,35000,170,-15,0.8564,8411.8
CRUISE,280000,35000,170,-10,0.8564,8454.5
CRUISE,280000,35000,170,-5,0.8564,8497.2
CRUISE,280000,35000,170,0,0.8564,8539.9
CRUISE,280000,35000,170,5,0.8564,8582.6
CRUISE,280000,35000,170,10,0.8564,8625.3
CRUISE,280000,35000,170,15,0.8564,8668
CRUISE,280000,35000,170,20,0.8564,8710.6
CRUISE,280000,35000,180,-20,0.8576,8404.3
CRUISE,280000,35000,180,-15,0.8576,8447.2
CRUISE,280000,35000,180,-10,0.8576,8490
CRUISE,280000,35000,180,-5,0.8576,8532.9
CRUISE,280000,35000,180,0,0.8576,8575.8
CRUISE,280000,35000,180,5,0.8576,8618.7
CRUISE,280000,35000,180,10,0.8576,8661.6
CRUISE,280000,35000,180,15,0.8576,8704.4
CRUISE,280000,35000,180,20,0.8576,8747.3
CRUISE,280000,35000,190,-20,0.8588,8439.6
CRUISE,280000,35000,190,-15,0.8588,8482.7
CRUISE,280000,35000,190,-10,0.8588,8525.7
CRUISE,280000,35000,190,-5,0.8588,8568.8
CRUISE,280000,35000,190,0,0.8588,8611.9
CRUISE,280000,35000,190,5,0.8588,8654.9
CRUISE,280000,35000,190,10,0.8588,8698
CRUISE,280000,35000,190,15,0.8588,8741
CRUISE,280000,35000,190,20,0.8588,8784.1
CRUISE,280000,35000,200,-20,0.86,8475
CRUISE,280000,35000,200,-15,0.86,8518.3
CRUISE,280000,35000,200,-10,0.86,8561.5
CRUISE,280000,35000,200,-5,0.86,8604.8
CRUISE,280000,35000,200,0,0.86,8648
CRUISE,280000,35000,200,5,0.86,8691.2
CRUISE,280000,35000,200,10,0.86,8734.5
CRUISE,280000,35000,200,15,0.86,8777.7
CRUISE,280000,35000,200,20,0.86,8821
CRUISE,300000,25000,0,-20,0.8,8655.4
CRUISE,300000,25000,0,-15,0.8,8699.5
CRUISE,300000,25000,0,-10,0.8,8743.7
CRUISE,300000,25000,0,-5,0.8,8787.8
CRUISE,300000,25000,0,0,0.8,8832
CRUISE,300000,25000,0,5,0.8,8876.2
CRUISE,300000,25000,0,10,0.8,8920.3
CRUISE,300000,25000,0,15,0.8,8964.5
CRUISE,300000,25000,0,20,0.8,9008.6
CRUISE,300000,25000,10,-20,0.803,8753.1
CRUISE,300000,25000,10,-15,0.803,8797.8
CRUISE,300000,25000,10,-10,0.803,8842.4
CRUISE,300000,25000,10,-5,0.803,8887.1
CRUISE,300000,25000,10,0,0.803,8931.7
CRUISE,300000,25000,10,5,0.803,8976.4
CRUISE,300000,25000,10,10,0.803,9021.1
CRUISE,300000,25000,10,15,0.803,9065.7
CRUISE,300000,25000,10,20,0.803,9110.4
CRUISE,300000,25000,20,-20,0.806,8851.6
CRUISE,300000,25000,20,-15,0.806,8896.7
CRUISE,300000,25000,20,-10,0.806,8941.9
CRUISE,300000,25000,20,-5,0.806,8987.1
CRUISE,300000,25000,20,0,0.806,9032.2
CRUISE,300000,25000,20,5,0.806,9077.4
CRUISE,300000,25000,20,10,0.806,9122.5
CRUISE,300000,25000,20,15,0.806,9167.7
CRUISE,300000,25000,20,20,0.806,9212.9
CRUISE,300000,25000,30,-20,0.809,8950.8
CRUISE,300000,25000,30,-15,0.809,8996.4
CRUISE,300000,25000,30,-10,0.809,9042.1
CRUISE,300000,25000,30,-5,0.809,9087.8
CRUISE,300000,25000,30,0,0.809,9133.4
CRUISE,300000,25000,30,5,0.809,9179.1
CRUISE,300000,25000,30,10,0.809,9224.8
CRUISE,300000,25000,30,15,0.809,9270.4
CRUISE,300000,25000,30,20,0.809,9316.1
CRUISE,300000,25000,40,-20,0.812,9050.7
CRUISE,300000,25000,40,-15,0.812,9096.9
CRUISE,300000,25000,40,-10,0.812,9143.1
CRUISE,300000,25000,40,-5,0.812,9189.3
CRUISE,300000,25000,40,0,0.812,9235.4
CRUISE,300000,25000,40,5,0.812,9281.6
CRUISE,300000,25000,40,10,0.812,9327.8
CRUISE,300000,25000,40,15,0.812,9374
CRUISE,300000,25000,40,20,0.812,9420.1
CRUISE,300000,25000,50,-20,0.815,9151.4
CRUISE,300000,25000,50,-15,0.815,9198.1
CRUISE,300000,25000,50,-10,0.815,9244.8
CRUISE,300000,25000,50,-5,0.815,9291.5
CRUISE,300000,25000,50,0,0.815,9338.2
CRUISE,300000,25000,50,5,0.815,9384.9
CRUISE,300000,25000,50,10,0.815,9431.6
CRUISE,300000,25000,50,15,0.815,9478.2
CRUISE,300000,25000,50,20,0.815,9524.9
CRUISE,300000,25000,60,-20,0.818,9252.8
CRUISE,300000,25000,60,-15,0.818,9300
CRUISE,300000,25000,60,-10,0.818,9347.3
CRUISE,300000,25000,60,-5,0.818,9394.5
CRUISE,300000,25000,60,0,0.818,9441.7
CRUISE,300000,25000,60,5,0.818,9488.9
CRUISE,300000,25000,60,10,0.818,9536.1
CRUISE,300000,25000,60,15,0.818,9583.3
CRUISE,300000,25000,60,20,0.818,9630.5
CRUISE,300000,25000,70,-20,0.821,9355
CRUISE,300000,25000,70,-15,0.821,9402.7
CRUISE,300000,25000,70,-10,0.821,9450.5
CRUISE,300000,25000,70,-5,0.821,9498.2
CRUISE,300000,25000,70,0,0.821,9545.9
CRUISE,300000,25000,70,5,0.821,9593.7
CRUISE,300000,25000,70,10,0.821,9641.4
CRUISE,300000,25000,70,15,0.821,9689.1
CRUISE,300000,25000,70,20,0.821,9736.9
CRUISE,300000,25000,80,-20,0.824,9457.9
CRUISE,300000,25000,80,-15,0.824,9506.2
CRUISE,300000,25000,80,-10,0.824,9554.5
CRUISE,300000,25000,80,-5,0.824,9602.7
CRUISE,300000,25000,80,0,0.824,9651
CRUISE,300000,25000,80,5,0.824,9699.2
CRUISE,300000,25000,80,10,0.824,9747.5
CRUISE,300000,25000,80,15,0.824,9795.7
CRUISE,300000,25000,80,20,0.824,9844
CRUISE,300000,25000,90,-20,0.827,9561.6
CRUISE,300000,25000,90,-15,0.827,9610.4
CRUISE,300000,25000,90,-10,0.827,9659.2
CRUISE,300000,25000,90,-5,0.827,9708
CRUISE,300000,25000,90,0,0.827,9756.8
CRUISE,300000,25000,90,5,0.827,9805.5
CRUISE,300000,25000,90,10,0.827,9854.3
CRUISE,300000,25000,90,15,0.827,9903.1
CRUISE,300000,25000,90,20,0.827,9951.9
CRUISE,300000,25000,100,-20,0.83,9666.1
CRUISE,300000,25000,100,-15,0.83,9715.4
CRUISE,300000,25000,100,-10,0.83,9764.7
CRUISE,300000,25000,100,-5,0.83,9814
CRUISE,300000,25000,100,0,0.83,9863.3
CRUISE,300000,25000,100,5,0.83,9912.6
CRUISE,300000,25000,100,10,0.83,9962
CRUISE,300000,25000,100,15,0.83,10011.3
CRUISE,300000,25000,100,20,0.83,10060.6
CRUISE,300000,25000,110,-20,0.833,9771.3
CRUISE,300000,25000,110,-15,0.833,9821.1
CRUISE,300000,25000,110,-10,0.833,9871
CRUISE,300000,25000,110,-5,0.833,9920.8
CRUISE,300000,25000,110,0,0.833,9970.7
CRUISE,300000,25000,110,5,0.833,10020.5
CRUISE,300000,25000,110,10,0.833,10070.4
CRUISE,300000,25000,110,15,0.833,10120.2
CRUISE,300000,25000,110,20,0.833,10170.1
CRUISE,300000,25000,120,-20,0.836,9877.2
CRUISE,300000,25000,120,-15,0.836,9927.6
CRUISE,300000,25000,120,-10,0.836,9978
CRUISE,300000,25000,120,-5,0.836,10028.4
CRUISE,300000,25000,120,0,0.836,10078.8
CRUISE,300000,25000,120,5,0.836,10129.2
CRUISE,300000,25000,120,10,0.836,10179.6
CRUISE,300000,25000,120,15,0.836,10230
CRUISE,300000,25000,120,20,0.836,10280.4
CRUISE,300000,25000,130,-20,0.839,9983.9
CRUISE,300000,25000,130,-15,0.839,10034.9
CRUISE,300000,25000,130,-10,0.839,10085.8
CRUISE,300000,25000,130,-5,0.839,10136.7
CRUISE,300000,25000,130,0,0.839,10187.7
CRUISE,300000,25000,130,5,0.839,10238.6
CRUISE,300000,25000,130,10,0.839,10289.5
CRUISE,300000,25000,130,15,0.839,10340.5
CRUISE,300000,25000,130,20,0.839,10391.4
CRUISE,300000,25000,140,-20,0.842,10091.4
CRUISE,300000,25000,140,-15,0.842,10142.9
CRUISE,300000,25000,140,-10,0.842,10194.4
CRUISE,300000,25000,140,-5,0.842,10245.9
CRUISE,300000,25000,140,0,0.842,10297.3
CRUISE,300000,25000,140,5,0.842,10348.8
CRUISE,300000,25000,140,10,0.842,10400.3
CRUISE,300000,25000,140,15,0.842,10451.8
CRUISE,300000,25000,140,20,0.842,10503.3
CRUISE,300000,25000,150,-20,0.845,10199.7
CRUISE,300000,25000,150,-15,0.845,10251.7
CRUISE,300000,25000,150,-10,0.845,10303.7
CRUISE,300000,25000,150,-5,0.845,10355.8
CRUISE,300000,25000,150,0,0.845,10407.8
CRUISE,300000,25000,150,5,0.845,10459.8
CRUISE,300000,25000,150,10,0.845,10511.9
CRUISE,300000,25000,150,15,0.845,10563.9
CRUISE,300000,25000,150,20,0.845,10616
CRUISE,300000,25000,160,-20,0.848,10308.7
CRUISE,300000,25000,160,-15,0.848,10361.3
CRUISE,300000,25000,160,-10,0.848,10413.9
CRUISE,300000,25000,160,-5,0.848,10466.5
CRUISE,300000,25000,160,0,0.848,10519.1
CRUISE,300000,25000,160,5,0.848,10571.6
CRUISE,300000,25000,160,10,0.848,10624.2
CRUISE,300000,25000,160,15,0.848,10676.8
CRUISE,300000,25000,160,20,0.848,10729.4
CRUISE,300000,25000,170,-20,0.851,10418.5
CRUISE,300000,25000,170,-15,0.851,10471.6
CRUISE,300000,25000,170,-10,0.851,10524.8
CRUISE,300000,25000,170,-5,0.851,10577.9
CRUISE,300000,25000,170,0,0.851,10631.1
CRUISE,300000,25000,170,5,0.851,10684.2
CRUISE,300000,25000,170,10,0.851,10737.4
CRUISE,300000,25000,170,15,0.851,10790.6
CRUISE,300000,25000,170,20,0.851,10843.7
CRUISE,300000,25000,180,-20,0.854,10529
CRUISE,300000,25000,180,-15,0.854,10582.8
CRUISE,300000,25000,180,-10,0.854,10636.5
CRUISE,300000,25000,180,-5,0.854,10690.2
CRUISE,300000,25000,180,0,0.854,10743.9
CRUISE,300000,25000,180,5,0.854,10797.6
CRUISE,300000,25000,180,10,0.854,10851.4
CRUISE,300000,25000,180,15,0.854,10905.1
CRUISE,300000,25000,180,20,0.854,10958.8
CRUISE,300000,25000,190,-20,0.857,10640.4
CRUISE,300000,25000,190,-15,0.857,10694.7
CRUISE,300000,25000,190,-10,0.857,10749
CRUISE,300000,25000,190,-5,0.857,10803.3
CRUISE,300000,25000,190,0,0.857,10857.5
CRUISE,300000,25000,190,5,0.857,10911.8
CRUISE,300000,25000,190,10,0.857,10966.1
CRUISE,300000,25000,190,15,0.857,11020.4
CRUISE,300000,25000,190,20,0.857,11074.7
CRUISE,300000,25000,200,-20,0.86,10752.5
CRUISE,300000,25000,200,-15,0.86,10807.4
CRUISE,300000,25000,200,-10,0.86,10862.2
CRUISE,300000,25000,200,-5,0.86,10917.1
CRUISE,300000,25000,200,0,0.86,10972
CRUISE,300000,25000,200,5,0.86,11026.8
CRUISE,300000,25000,200,10,0.86,11081.7
CRUISE,300000,25000,200,15,0.86,11136.5
CRUISE,300000,25000,200,20,0.86,11191.4
CRUISE,300000,27000,0,-20,0.823,8606.4
CRUISE,300000,27000,0,-15,0.823,8650.3
CRUISE,300000,27000,0,-10,0.823,8694.2
CRUISE,300000,27000,0,-5,0.823,8738.1
CRUISE,300000,27000,0,0,0.823,8782
CRUISE,300000,27000,0,5,0.823,8825.9
CRUISE,300000,27000,0,10,0.823,8869.8
CRUISE,300000,27000,0,15,0.823,8913.7
CRUISE,300000,27000,0,20,0.823,8957.6
CRUISE,300000,27000,10,-20,0.8248,8664.5
CRUISE,300000,27000,10,-15,0.8248,8708.7
CRUISE,300000,27000,10,-10,0.8248,8752.9
CRUISE,300000,27000,10,-5,0.8248,8797.1
CRUISE,300000,27000,10,0,0.8248,8841.4
CRUISE,300000,27000,10,5,0.8248,8885.6
CRUISE,300000,27000,10,10,0.8248,8929.8
CRUISE,300000,27000,10,15,0.8248,8974
CRUISE,300000,27000,10,20,0.8248,9018.2
CRUISE,300000,27000,20,-20,0.8267,8723
CRUISE,300000,27000,20,-15,0.8267,8767.5
CRUISE,300000,27000,20,-10,0.8267,8812
CRUISE,300000,27000,20,-5,0.8267,8856.5
CRUISE,300000,27000,20,0,0.8267,8901
CRUISE,300000,27000,20,5,0.8267,8945.5
CRUISE,300000,27000,20,10,0.8267,8990
CRUISE,300000,27000,20,15,0.8267,9034.5
CRUISE,300000,27000,20,20,0.8267,9079
CRUISE,300000,27000,30,-20,0.8286,8781.7
CRUISE,300000,27000,30,-15,0.8286,8826.5
CRUISE,300000,27000,30,-10,0.8286,8871.3
CRUISE,300000,27000,30,-5,0.8286,8916.1
CRUISE,300000,27000,30,0,0.8286,8960.9
CRUISE,300000,27000,30,5,0.8286,9005.7
CRUISE,300000,27000,30,10,0.8286,9050.5
CRUISE,300000,27000,30,15,0.8286,9095.3
CRUISE,300000,27000,30,20,0.8286,9140.1
CRUISE,300000,27000,40,-20,0.8304,8840.6
CRUISE,300000,27000,40,-15,0.8304,8885.7
CRUISE,300000,27000,40,-10,0.8304,8930.8
CRUISE,300000,27000,40,-5,0.8304,8975.9
CRUISE,300000,27000,40,0,0.8304,9021
CRUISE,300000,27000,40,5,0.8304,9066.1
CRUISE,300000,27000,40,10,0.8304,9111.2
CRUISE,300000,27000,40,15,0.8304,9156.3
CRUISE,300000,27000,40,20,0.8304,9201.4
CRUISE,300000,27000,50,-20,0.8322,8899.8
CRUISE,300000,27000,50,-15,0.8322,8945.2
CRUISE,300000,27000,50,-10,0.8322,8990.6
CRUISE,300000,27000,50,-5,0.8322,9036
CRUISE,300000,27000,50,0,0.8322,9081.5
CRUISE,300000,27000,50,5,0.8322,9126.9
CRUISE,300000,27000,50,10,0.8322,9172.3
CRUISE,300000,27000,50,15,0.8322,9217.7
CRUISE,300000,27000,50,20,0.8322,9263.1
CRUISE,300000,27000,60,-20,0.8341,8959.3
CRUISE,300000,27000,60,-15,0.8341,9005
CRUISE,300000,27000,60,-10,0.8341,9050.7
CRUISE,300000,27000,60,-5,0.8341,9096.4
CRUISE,300000,27000,60,0,0.8341,9142.1
CRUISE,300000,27000,60,5,0.8341,9187.9
CRUISE,300000,27000,60,10,0.8341,9233.6
CRUISE,300000,27000,60,15,0.8341,9279.3
CRUISE,300000,27000,60,20,0.8341,9325
CRUISE,300000,27000,70,-20,0.8359,9019.1
CRUISE,300000,27000,70,-15,0.8359,9065.1
CRUISE,300000,27000,70,-10,0.8359,9111.1
CRUISE,300000,27000,70,-5,0.8359,9157.1
CRUISE,300000,27000,70,0,0.8359,9203.1
CRUISE,300000,27000,70,5,0.8359,9249.1
CRUISE,300000,27000,70,10,0.8359,9295.1
CRUISE,300000,27000,70,15,0.8359,9341.2
CRUISE,300000,27000,70,20,0.8359,9387.2
CRUISE,300000,27000,80,-20,0.8378,9079.1
CRUISE,300000,27000,80,-15,0.8378,9125.4
CRUISE,300000,27000,80,-10,0.8378,9171.7
CRUISE,300000,27000,80,-5,0.8378,9218
CRUISE,300000,27000,80,0,0.8378,9264.4
CRUISE,300000,27000,80,5,0.8378,9310.7
CRUISE,300000,27000,80,10,0.8378,9357
CRUISE,300000,27000,80,15,0.8378,9403.3
CRUISE,300000,27000,80,20,0.8378,9449.6
CRUISE,300000,27000,90,-20,0.8397,9139.3
CRUISE,300000,27000,90,-15,0.8397,9186
CRUISE,300000,27000,90,-10,0.8397,9232.6
CRUISE,300000,27000,90,-5,0.8397,9279.2
CRUISE,300000,27000,90,0,0.8397,9325.9
CRUISE,300000,27000,90,5,0.8397,9372.5
CRUISE,300000,27000,90,10,0.8397,9419.1
CRUISE,300000,27000,90,15,0.8397,9465.7
CRUISE,300000,27000,90,20,0.8397,9512.4
CRUISE,300000,27000,100,-20,0.8415,9199.9
CRUISE,300000,27000,100,-15,0.8415,9246.8
CRUISE,300000,27000,100,-10,0.8415,9293.8
CRUISE,300000,27000,100,-5,0.8415,9340.7
CRUISE,300000,27000,100,0,0.8415,9387.6
CRUISE,300000,27000,100,5,0.8415,9434.6
CRUISE,300000,27000,100,10,0.8415,9481.5
CRUISE,300000,27000,100,15,0.8415,9528.5
CRUISE,300000,27000,100,20,0.8415,9575.4
CRUISE,300000,27000,110,-20,0.8433,9260.7
CRUISE,300000,27000,110,-15,0.8433,9307.9
CRUISE,300000,27000,110,-10,0.8433,9355.2
CRUISE,300000,27000,110,-5,0.8433,9402.4
CRUISE,300000,27000,110,0,0.8433,9449.7
CRUISE,300000,27000,110,5,0.8433,9496.9
CRUISE,300000,27000,110,10,0.8433,9544.2
CRUISE,300000,27000,110,15,0.8433,9591.4
CRUISE,300000,27000,110,20,0.8433,9638.7
CRUISE,300000,27000,120,-20,0.8452,9321.8
CRUISE,300000,27000,120,-15,0.8452,9369.3
CRUISE,300000,27000,120,-10,0.8452,9416.9
CRUISE,300000,27000,120,-5,0.8452,9464.5
CRUISE,300000,27000,120,0,0.8452,9512
CRUISE,300000,27000,120,5,0.8452,9559.6
CRUISE,300000,27000,120,10,0.8452,9607.1
CRUISE,300000,27000,120,15,0.8452,9654.7
CRUISE,300000,27000,120,20,0.8452,9702.3
CRUISE,300000,27000,130,-20,0.847,9383.1
CRUISE,300000,27000,130,-15,0.847,9431
CRUISE,300000,27000,130,-10,0.847,9478.9
CRUISE,300000,27000,130,-5,0.847,9526.7
CRUISE,300000,27000,130,0,0.847,9574.6
CRUISE,300000,27000,130,5,0.847,9622.5
CRUISE,300000,27000,130,10,0.847,9670.4
CRUISE,300000,27000,130,15,0.847,9718.2
CRUISE,300000,27000,130,20,0.847,9766.1
CRUISE,300000,27000,140,-20,0.8489,9444.7
CRUISE,300000,27000,140,-15,0.8489,9492.9
CRUISE,300000,27000,140,-10,0.8489,9541.1
CRUISE,300000,27000,140,-5,0.8489,9589.3
CRUISE,300000,27000,140,0,0.8489,9637.5
CRUISE,300000,27000,140,5,0.8489,9685.7
CRUISE,300000,27000,140,10,0.8489,9733.9
CRUISE,300000,27000,140,15,0.8489,9782
CRUISE,300000,27000,140,20,0.8489,9830.2
CRUISE,300000,27000,150,-20,0.8508,9506.6
CRUISE,300000,27000,150,-15,0.8508,9555.1
CRUISE,300000,27000,150,-10,0.8508,9603.6
CRUISE,300000,27000,150,-5,0.8508,9652.1
CRUISE,300000,27000,150,0,0.8508,9700.6
CRUISE,300000,27000,150,5,0.8508,9749.1
CRUISE,300000,27000,150,10,0.8508,9797.6
CRUISE,300000,27000,150,15,0.8508,9846.1
CRUISE,300000,27000,150,20,0.8508,9894.6
CRUISE,300000,27000,160,-20,0.8526,9568.8
CRUISE,300000,27000,160,-15,0.8526,9617.6
CRUISE,300000,27000,160,-10,0.8526,9666.4
CRUISE,300000,27000,160,-5,0.8526,9715.2
CRUISE,300000,27000,160,0,0.8526,9764
CRUISE,300000,27000,160,5,0.8526,9812.9
CRUISE,300000,27000,160,10,0.8526,9861.7
CRUISE,300000,27000,160,15,0.8526,9910.5
CRUISE,300000,27000,160,20,0.8526,9959.3
CRUISE,300000,27000,170,-20,0.8544,9631.2
CRUISE,300000,27000,170,-15,0.8544,9680.3
CRUISE,300000,27000,170,-10,0.8544,9729.5
CRUISE,300000,27000,170,-5,0.8544,9778.6
CRUISE,300000,27000,170,0,0.8544,9827.7
CRUISE,300000,27000,170,5,0.8544,9876.9
CRUISE,300000,27000,170,10,0.8544,9926
CRUISE,300000,27000,170,15,0.8544,9975.2
CRUISE,300000,27000,170,20,0.8544,10024.3
CRUISE,300000,27000,180,-20,0.8563,9693.9
CRUISE,300000,27000,180,-15,0.8563,9743.3
CRUISE,300000,27000,180,-10,0.8563,9792.8
CRUISE,300000,27000,180,-5,0.8563,9842.3
CRUISE,300000,27000,180,0,0.8563,9891.7
CRUISE,300000,27000,180,5,0.8563,9941.2
CRUISE,300000,27000,180,10,0.8563,9990.6
CRUISE,300000,27000,180,15,0.8563,10040.1
CRUISE,300000,27000,180,20,0.8563,10089.6
CRUISE,300000,27000,190,-20,0.8581,9756.8
CRUISE,300000,27000,190,-15,0.8581,9806.6
CRUISE,300000,27000,190,-10,0.8581,9856.4
CRUISE,300000,27000,190,-5,0.8581,9906.2
CRUISE,300000,27000,190,0,0.8581,9956
CRUISE,300000,27000,190,5,0.8581,10005.7
CRUISE,300000,27000,190,10,0.8581,10055.5
CRUISE,300000,27000,190,15,0.8581,10105.3
CRUISE,300000,27000,190,20,0.8581,10155.1
CRUISE,300000,27000,200,-20,0.86,9820.1
CRUISE,300000,27000,200,-15,0.86,9870.2
CRUISE,300000,27000,200,-10,0.86,9920.3
CRUISE,300000,27000,200,-5,0.86,9970.4
CRUISE,300000,27000,200,0,0.86,10020.5
CRUISE,300000,27000,200,5,0.86,10070.6
CRUISE,300000,27000,200,10,0.86,10120.7
CRUISE,300000,27000,200,15,0.86,10170.8
CRUISE,300000,27000,200,20,0.86,10220.9
CRUISE,300000,29000,0,-20,0.836,8459.4
CRUISE,300000,29000,0,-15,0.836,8502.5
CRUISE,300000,29000,0,-10,0.836,8545.7
CRUISE,300000,29000,0,-5,0.836,8588.8
CRUISE,300000,29000,0,0,0.836,8632
CRUISE,300000,29000,0,5,0.836,8675.2
CRUISE,300000,29000,0,10,0.836,8718.3
CRUISE,300000,29000,0,15,0.836,8761.5
CRUISE,300000,29000,0,20,0.836,8804.6
CRUISE,300000,29000,10,-20,0.8372,8495.8
CRUISE,300000,29000,10,-15,0.8372,8539.2
CRUISE,300000,29000,10,-10,0.8372,8582.5
CRUISE,300000,29000,10,-5,0.8372,8625.9
CRUISE,300000,29000,10,0,0.8372,8669.2
CRUISE,300000,29000,10,5,0.8372,8712.6
CRUISE,300000,29000,10,10,0.8372,8755.9
CRUISE,300000,29000,10,15,0.8372,8799.3
CRUISE,300000,29000,10,20,0.8372,8842.6
CRUISE,300000,29000,20,-20,0.8384,8532.4
CRUISE,300000,29000,20,-15,0.8384,8576
CRUISE,300000,29000,20,-10,0.8384,8619.5
CRUISE,300000,29000,20,-5,0.8384,8663
CRUISE,300000,29000,20,0,0.8384,8706.6
CRUISE,300000,29000,20,5,0.8384,8750.1
CRUISE,300000,29000,20,10,0.8384,8793.6
CRUISE,300000,29000,20,15,0.8384,8837.2
CRUISE,300000,29000,20,20,0.8384,8880.7
CRUISE,300000,29000,30,-20,0.8396,8569.1
CRUISE,300000,29000,30,-15,0.8396,8612.8
CRUISE,300000,29000,30,-10,0.8396,8656.6
CRUISE,300000,29000,30,-5,0.8396,8700.3
CRUISE,300000,29000,30,0,0.8396,8744
CRUISE,300000,29000,30,5,0.8396,8787.7
CRUISE,300000,29000,30,10,0.8396,8831.4
CRUISE,300000,29000,30,15,0.8396,8875.2
CRUISE,300000,29000,30,20,0.8396,8918.9
CRUISE,300000,29000,40,-20,0.8408,8605.9
CRUISE,300000,29000,40,-15,0.8408,8649.8
CRUISE,300000,29000,40,-10,0.8408,8693.7
CRUISE,300000,29000,40,-5,0.8408,8737.6
CRUISE,300000,29000,40,0,0.8408,8781.5
CRUISE,300000,29000,40,5,0.8408,8825.4
CRUISE,300000,29000,40,10,0.8408,8869.4
CRUISE,300000,29000,40,15,0.8408,8913.3
CRUISE,300000,29000,40,20,0.8408,8957.2
CRUISE,300000,29000,50,-20,0.842,8642.8
CRUISE,300000,29000,50,-15,0.842,8686.9
CRUISE,300000,29000,50,-10,0.842,8731
CRUISE,300000,29000,50,-5,0.842,8775.1
CRUISE,300000,29000,50,0,0.842,8819.2
CRUISE,300000,29000,50,5,0.842,8863.3
CRUISE,300000,29000,50,10,0.842,8907.4
CRUISE,300000,29000,50,15,0.842,8951.5
CRUISE,300000,29000,50,20,0.842,8995.6
CRUISE,300000,29000,60,-20,0.8432,8679.8
CRUISE,300000,29000,60,-15,0.8432,8724.1
CRUISE,300000,29000,60,-10,0.8432,8768.4
CRUISE,300000,29000,60,-5,0.8432,8812.7
CRUISE,300000,29000,60,0,0.8432,8857
CRUISE,300000,29000,60,5,0.8432,8901.2
CRUISE,300000,29000,60,10,0.8432,8945.5
CRUISE,300000,29000,60,15,0.8432,8989.8
CRUISE,300000,29000,60,20,0.8432,9034.1
CRUISE,300000,29000,70,-20,0.8444,8716.9
CRUISE,300000,29000,70,-15,0.8444,8761.4
CRUISE,300000,29000,70,-10,0.8444,8805.9
CRUISE,300000,29000,70,-5,0.8444,8850.3
CRUISE,300000,29000,70,0,0.8444,8894.8
CRUISE,300000,29000,70,5,0.8444,8939.3
CRUISE,300000,29000,70,10,0.8444,8983.8
CRUISE,300000,29000,70,15,0.8444,9028.2
CRUISE,300000,29000,70,20,0.8444,9072.7
CRUISE,300000,29000,80,-20,0.8456,8754.1
CRUISE,300000,29000,80,-15,0.8456,8798.8
CRUISE,300000,29000,80,-10,0.8456,8843.5
CRUISE,300000,29000,80,-5,0.8456,8888.1
CRUISE,300000,29000,80,0,0.8456,8932.8
CRUISE,300000,29000,80,5,0.8456,8977.5
CRUISE,300000,29000,80,10,0.8456,9022.1
CRUISE,300000,29000,80,15,0.8456,9066.8
CRUISE,300000,29000,80,20,0.8456,9111.5
CRUISE,300000,29000,90,-20,0.8468,8791.5
CRUISE,300000,29000,90,-15,0.8468,8836.3
CRUISE,300000,29000,90,-10,0.8468,8881.2
CRUISE,300000,29000,90,-5,0.8468,8926
CRUISE,300000,29000,90,0,0.8468,8970.9
CRUISE,300000,29000,90,5,0.8468,9015.7
CRUISE,300000,29000,90,10,0.8468,9060.6
CRUISE,300000,29000,90,15,0.8468,9105.4
CRUISE,300000,29000,90,20,0.8468,9150.3
CRUISE,300000,29000,100,-20,0.848,8828.9
CRUISE,300000,29000,100,-15,0.848,8873.9
CRUISE,300000,29000,100,-10,0.848,8919
CRUISE,300000,29000,100,-5,0.848,8964
CRUISE,300000,29000,100,0,0.848,9009.1
CRUISE,300000,29000,100,5,0.848,9054.1
CRUISE,300000,29000,100,10,0.848,9099.2
CRUISE,300000,29000,100,15,0.848,9144.2
CRUISE,300000,29000,100,20,0.848,9189.3
CRUISE,300000,29000,110,-20,0.8492,8866.4
CRUISE,300000,29000,110,-15,0.8492,8911.7
CRUISE,300000,29000,110,-10,0.8492,8956.9
CRUISE,300000,29000,110,-5,0.8492,9002.1
CRUISE,300000,29000,110,0,0.8492,9047.4
CRUISE,300000,29000,110,5,0.8492,9092.6
CRUISE,300000,29000,110,10,0.8492,9137.8
CRUISE,300000,29000,110,15,0.8492,9183.1
CRUISE,300000,29000,110,20,0.8492,9228.3
CRUISE,300000,29000,120,-20,0.8504,8904.1
CRUISE,300000,29000,120,-15,0.8504,8949.5
CRUISE,300000,29000,120,-10,0.8504,8994.9
CRUISE,300000,29000,120,-5,0.8504,9040.4
CRUISE,300000,29000,120,0,0.8504,9085.8
CRUISE,300000,29000,120,5,0.8504,9131.2
CRUISE,300000,29000,120,10,0.8504,9176.6
CRUISE,300000,29000,120,15,0.8504,9222.1
CRUISE,300000,29000,120,20,0.8504,9267.5
CRUISE,300000,29000,130,-20,0.8516,8941.8
CRUISE,300000,29000,130,-15,0.8516,8987.4
CRUISE,300000,29000,130,-10,0.8516,9033.1
CRUISE,300000,29000,130,-5,0.8516,9078.7
CRUISE,300000,29000,130,0,0.8516,9124.3
CRUISE,300000,29000,130,5,0.8516,9169.9
CRUISE,300000,29000,130,10,0.8516,9215.5
CRUISE,300000,29000,130,15,0.8516,9261.2
CRUISE,300000,29000,130,20,0.8516,9306.8
CRUISE,300000,29000,140,-20,0.8528,8979.7
CRUISE,300000,29000,140,-15,0.8528,9025.5
CRUISE,300000,29000,140,-10,0.8528,9071.3
CRUISE,300000,29000,140,-5,0.8528,9117.1
CRUISE,300000,29000,140,0,0.8528,9162.9
CRUISE,300000,29000,140,5,0.8528,9208.7
CRUISE,300000,29000,140,10,0.8528,9254.6
CRUISE,300000,29000,140,15,0.8528,9300.4
CRUISE,300000,29000,140,20,0.8528,9346.2
CRUISE,300000,29000,150,-20,0.854,9017.6
CRUISE,300000,29000,150,-15,0.854,9063.6
CRUISE,300000,29000,150,-10,0.854,9109.6
CRUISE,300000,29000,150,-5,0.854,9155.7
CRUISE,300000,29000,150,0,0.854,9201.7
CRUISE,300000,29000,150,5,0.854,9247.7
CRUISE,300000,29000,150,10,0.854,9293.7
CRUISE,300000,29000,150,15,0.854,9339.7
CRUISE,300000,29000,150,20,0.854,9385.7
CRUISE,300000,29000,160,-20,0.8552,9055.7
CRUISE,300000,29000,160,-15,0.8552,9101.9
CRUISE,300000,29000,160,-10,0.8552,9148.1
CRUISE,300000,29000,160,-5,0.8552,9194.3
CRUISE,300000,29000,160,0,0.8552,9240.5
CRUISE,300000,29000,160,5,0.8552,9286.7
CRUISE,300000,29000,160,10,0.8552,9332.9
CRUISE,300000,29000,160,15,0.8552,9379.1
CRUISE,300000,29000,160,20,0.8552,9425.3
CRUISE,300000,29000,170,-20,0.8564,9093.9
CRUISE,300000,29000,170,-15,0.8564,9140.3
CRUISE,300000,29000,170,-10,0.8564,9186.7
CRUISE,300000,29000,170,-5,0.8564,9233.1
CRUISE,300000,29000,170,0,0.8564,9279.5
CRUISE,300000,29000,170,5,0.8564,9325.9
CRUISE,300000,29000,170,10,0.8564,9372.3
CRUISE,300000,29000,170,15,0.8564,9418.6
CRUISE,300000,29000,170,20,0.8564,9465
CRUISE,300000,29000,180,-20,0.8576,9132.1
CRUISE,300000,29000,180,-15,0.8576,9178.7
CRUISE,300000,29000,180,-10,0.8576,9225.3
CRUISE,300000,29000,180,-5,0.8576,9271.9
CRUISE,300000,29000,180,0,0.8576,9318.5
CRUISE,300000,29000,180,5,0.8576,9365.1
CRUISE,300000,29000,180,10,0.8576,9411.7
CRUISE,300000,29000,180,15,0.8576,9458.3
CRUISE,300000,29000,180,20,0.8576,9504.9
CRUISE,300000,29000,190,-20,0.8588,9170.5
CRUISE,300000,29000,190,-15,0.8588,9217.3
CRUISE,300000,29000,190,-10,0.8588,9264.1
CRUISE,300000,29000,190,-5,0.8588,9310.9
CRUISE,300000,29000,190,0,0.8588,9357.7
CRUISE,300000,29000,190,5,0.8588,9404.5
CRUISE,300000,29000,190,10,0.8588,9451.3
CRUISE,300000,29000,190,15,0.8588,9498.1
CRUISE,300000,29000,190,20,0.8588,9544.8
CRUISE,300000,29000,200,-20,0.86,9209
CRUISE,300000,29000,200,-15,0.86,9256
CRUISE,300000,29000,200,-10,0.86,9303
CRUISE,300000,29000,200,-5,0.86,9350
CRUISE,300000,29000,200,0,0.86,9397
CRUISE,300000,29000,200,5,0.86,9444
CRUISE,300000,29000,200,10,0.86,9490.9
CRUISE,300000,29000,200,15,0.86,9537.9
CRUISE,300000,29000,200,20,0.86,9584.9
CRUISE,300000,31000,0,-20,0.84,8326.1
CRUISE,300000,31000,0,-15,0.84,8368.6
CRUISE,300000,31000,0,-10,0.84,8411
CRUISE,300000,31000,0,-5,0.84,8453.5
CRUISE,300000,31000,0,0,0.84,8496
CRUISE,300000,31000,0,5,0.84,8538.5
CRUISE,300000,31000,0,10,0.84,8581
CRUISE,300000,31000,0,15,0.84,8623.4
CRUISE,300000,31000,0,20,0.84,8665.9
CRUISE,300000,31000,10,-20,0.841,8355.9
CRUISE,300000,31000,10,-15,0.841,8398.5
CRUISE,300000,31000,10,-10,0.841,8441.1
CRUISE,300000,31000,10,-5,0.841,8483.7
CRUISE,300000,31000,10,0,0.841,8526.4
CRUISE,300000,31000,10,5,0.841,8569
CRUISE,300000,31000,10,10,0.841,8611.6
CRUISE,300000,31000,10,15,0.841,8654.3
CRUISE,300000,31000,10,20,0.841,8696.9
CRUISE,300000,31000,20,-20,0.842,8385.7
CRUISE,300000,31000,20,-15,0.842,8428.5
CRUISE,300000,31000,20,-10,0.842,8471.3
CRUISE,300000,31000,20,-5,0.842,8514
CRUISE,300000,31000,20,0,0.842,8556.8
CRUISE,300000,31000,20,5,0.842,8599.6
CRUISE,300000,31000,20,10,0.842,8642.4
CRUISE,300000,31000,20,15,0.842,8685.2
CRUISE,300000,31000,20,20,0.842,8728
CRUISE,300000,31000,30,-20,0.843,8415.6
CRUISE,300000,31000,30,-15,0.843,8458.5
CRUISE,300000,31000,30,-10,0.843,8501.5
CRUISE,300000,31000,30,-5,0.843,8544.4
CRUISE,300000,31000,30,0,0.843,8587.4
CRUISE,300000,31000,30,5,0.843,8630.3
CRUISE,300000,31000,30,10,0.843,8673.2
CRUISE,300000,31000,30,15,0.843,8716.2
CRUISE,300000,31000,30,20,0.843,8759.1
CRUISE,300000,31000,40,-20,0.844,8445.6
CRUISE,300000,31000,40,-15,0.844,8488.7
CRUISE,300000,31000,40,-10,0.844,8531.8
CRUISE,300000,31000,40,-5,0.844,8574.9
CRUISE,300000,31000,40,0,0.844,8618
CRUISE,300000,31000,40,5,0.844,8661
CRUISE,300000,31000,40,10,0.844,8704.1
CRUISE,300000,31000,40,15,0.844,8747.2
CRUISE,300000,31000,40,20,0.844,8790.3
CRUISE,300000,31000,50,-20,0.845,8475.6
CRUISE,300000,31000,50,-15,0.845,8518.9
CRUISE,300000,31000,50,-10,0.845,8562.1
CRUISE,300000,31000,50,-5,0.845,8605.4
CRUISE,300000,31000,50,0,0.845,8648.6
CRUISE,300000,31000,50,5,0.845,8691.9
CRUISE,300000,31000,50,10,0.845,8735.1
CRUISE,300000,31000,50,15,0.845,8778.3
CRUISE,300000,31000,50,20,0.845,8821.6
CRUISE,300000,31000,60,-20,0.846,8505.8
CRUISE,300000,31000,60,-15,0.846,8549.2
CRUISE,300000,31000,60,-10,0.846,8592.6
CRUISE,300000,31000,60,-5,0.846,8636
CRUISE,300000,31000,60,0,0.846,8679.4
CRUISE,300000,31000,60,5,0.846,8722.8
CRUISE,300000,31000,60,10,0.846,8766.2
CRUISE,300000,31000,60,15,0.846,8809.6
CRUISE,300000,31000,60,20,0.846,8852.9
CRUISE,300000,31000,70,-20,0.847,8536
CRUISE,300000,31000,70,-15,0.847,8579.5
CRUISE,300000,31000,70,-10,0.847,8623.1
CRUISE,300000,31000,70,-5,0.847,8666.6
CRUISE,300000,31000,70,0,0.847,8710.2
CRUISE,300000,31000,70,5,0.847,8753.7
CRUISE,300000,31000,70,10,0.847,8797.3
CRUISE,300000,31000,70,15,0.847,8840.8
CRUISE,300000,31000,70,20,0.847,8884.4
CRUISE,300000,31000,80,-20,0.848,8566.2
CRUISE,300000,31000,80,-15,0.848,8609.9
CRUISE,300000,31000,80,-10,0.848,8653.7
CRUISE,300000,31000,80,-5,0.848,8697.4
CRUISE,300000,31000,80,0,0.848,8741.1
CRUISE,300000,31000,80,5,0.848,8784.8
CRUISE,300000,31000,80,10,0.848,8828.5
CRUISE,300000,31000,80,15,0.848,8872.2
CRUISE,300000,31000,80,20,0.848,8915.9
CRUISE,300000,31000,90,-20,0.849,8596.6
CRUISE,300000,31000,90,-15,0.849,8640.4
CRUISE,300000,31000,90,-10,0.849,8684.3
CRUISE,300000,31000,90,-5,0.849,8728.2
CRUISE,300000,31000,90,0,0.849,8772
CRUISE,300000,31000,90,5,0.849,8815.9
CRUISE,300000,31000,90,10,0.849,8859.7
CRUISE,300000,31000,90,15,0.849,8903.6
CRUISE,300000,31000,90,20,0.849,8947.5
CRUISE,300000,31000,100,-20,0.85,8627
CRUISE,300000,31000,100,-15,0.85,8671
CRUISE,300000,31000,100,-10,0.85,8715
CRUISE,300000,31000,100,-5,0.85,8759
CRUISE,300000,31000,100,0,0.85,8803.1
CRUISE,300000,31000,100,5,0.85,8847.1
CRUISE,300000,31000,100,10,0.85,8891.1
CRUISE,300000,31000,100,15,0.85,8935.1
CRUISE,300000,31000,100,20,0.85,8979.1
CRUISE,300000,31000,110,-20,0.851,8657.5
CRUISE,300000,31000,110,-15,0.851,8701.6
CRUISE,300000,31000,110,-10,0.851,8745.8
CRUISE,300000,31000,110,-5,0.851,8790
CRUISE,300000,31000,110,0,0.851,8834.2
CRUISE,300000,31000,110,5,0.851,8878.3
CRUISE,300000,31000,110,10,0.851,8922.5
CRUISE,300000,31000,110,15,0.851,8966.7
CRUISE,300000,31000,110,20,0.851,9010.8
CRUISE,300000,31000,120,-20,0.852,8688
CRUISE,300000,31000,120,-15,0.852,8732.4
CRUISE,300000,31000,120,-10,0.852,8776.7
CRUISE,300000,31000,120,-5,0.852,8821
CRUISE,300000,31000,120,0,0.852,8865.3
CRUISE,300000,31000,120,5,0.852,8909.7
CRUISE,300000,31000,120,10,0.852,8954
CRUISE,300000,31000,120,15,0.852,8998.3
CRUISE,300000,31000,120,20,0.852,9042.6
CRUISE,300000,31000,130,-20,0.853,8718.7
CRUISE,300000,31000,130,-15,0.853,8763.1
CRUISE,300000,31000,130,-10,0.853,8807.6
CRUISE,300000,31000,130,-5,0.853,8852.1
CRUISE,300000,31000,130,0,0.853,8896.6
CRUISE,300000,31000,130,5,0.853,8941.1
CRUISE,300000,31000,130,10,0.853,8985.6
CRUISE,300000,31000,130,15,0.853,9030
CRUISE,300000,31000,130,20,0.853,9074.5
CRUISE,300000,31000,140,-20,0.854,8749.4
CRUISE,300000,31000,140,-15,0.854,8794
CRUISE,300000,31000,140,-10,0.854,8838.6
CRUISE,300000,31000,140,-5,0.854,8883.3
CRUISE,300000,31000,140,0,0.854,8927.9
CRUISE,300000,31000,140,5,0.854,8972.6
CRUISE,300000,31000,140,10,0.854,9017.2
CRUISE,300000,31000,140,15,0.854,9061.8
CRUISE,300000,31000,140,20,0.854,9106.5
CRUISE,300000,31000,150,-20,0.855,8780.1
CRUISE,300000,31000,150,-15,0.855,8824.9
CRUISE,300000,31000,150,-10,0.855,8869.7
CRUISE,300000,31000,150,-5,0.855,8914.5
CRUISE,300000,31000,150,0,0.855,8959.3
CRUISE,300000,31000,150,5,0.855,9004.1
CRUISE,300000,31000,150,10,0.855,9048.9
CRUISE,300000,31000,150,15,0.855,9093.7
CRUISE,300000,31000,150,20,0.855,9138.5
CRUISE,300000,31000,160,-20,0.856,8811
CRUISE,300000,31000,160,-15,0.856,8855.9
CRUISE,300000,31000,160,-10,0.856,8900.9
CRUISE,300000,31000,160,-5,0.856,8945.8
CRUISE,300000,31000,160,0,0.856,8990.8
CRUISE,300000,31000,160,5,0.856,9035.7
CRUISE,300000,31000,160,10,0.856,9080.7
CRUISE,300000,31000,160,15,0.856,9125.7
CRUISE,300000,31000,160,20,0.856,9170.6
CRUISE,300000,31000,170,-20,0.857,8841.9
CRUISE,300000,31000,170,-15,0.857,8887
CRUISE,300000,31000,170,-10,0.857,8932.1
CRUISE,300000,31000,170,-5,0.857,8977.2
CRUISE,300000,31000,170,0,0.857,9022.3
CRUISE,300000,31000,170,5,0.857,9067.5
CRUISE,300000,31000,170,10,0.857,9112.6
CRUISE,300000,31000,170,15,0.857,9157.7
CRUISE,300000,31000,170,20,0.857,9202.8
CRUISE,300000,31000,180,-20,0.858,8872.9
CRUISE,300000,31000,180,-15,0.858,8918.1
CRUISE,300000,31000,180,-10,0.858,8963.4
CRUISE,300000,31000,180,-5,0.858,9008.7
CRUISE,300000,31000,180,0,0.858,9054
CRUISE,300000,31000,180,5,0.858,9099.2
CRUISE,300000,31000,180,10,0.858,9144.5
CRUISE,300000,31000,180,15,0.858,9189.8
CRUISE,300000,31000,180,20,0.858,9235
CRUISE,300000,31000,190,-20,0.859,8903.9
CRUISE,300000,31000,190,-15,0.859,8949.4
CRUISE,300000,31000,190,-10,0.859,8994.8
CRUISE,300000,31000,190,-5,0.859,9040.2
CRUISE,300000,31000,190,0,0.859,9085.7
CRUISE,300000,31000,190,5,0.859,9131.1
CRUISE,300000,31000,190,10,0.859,9176.5
CRUISE,300000,31000,190,15,0.859,9221.9
CRUISE,300000,31000,190,20,0.859,9267.4
CRUISE,300000,31000,200,-20,0.86,8935.1
CRUISE,300000,31000,200,-15,0.86,8980.7
CRUISE,300000,31000,200,-10,0.86,9026.2
CRUISE,300000,31000,200,-5,0.86,9071.8
CRUISE,300000,31000,200,0,0.86,9117.4
CRUISE,300000,31000,200,5,0.86,9163
CRUISE,300000,31000,200,10,0.86,9208.6
CRUISE,300000,31000,200,15,0.86,9254.2
CRUISE,300000,31000,200,20,0.86,9299.8
CRUISE,300000,33000,0,-20,0.837,8294.7
CRUISE,300000,33000,0,-15,0.837,8337
CRUISE,300000,33000,0,-10,0.837,8379.4
CRUISE,300000,33000,0,-5,0.837,8421.7
CRUISE,300000,33000,0,0,0.837,8464
CRUISE,300000,33000,0,5,0.837,8506.3
CRUISE,300000,33000,0,10,0.837,8548.6
CRUISE,300000,33000,0,15,0.837,8591
CRUISE,300000,33000,0,20,0.837,8633.3
CRUISE,300000,33000,10,-20,0.8381,8329
CRUISE,300000,33000,10,-15,0.8381,8371.5
CRUISE,300000,33000,10,-10,0.8381,8413.9
CRUISE,300000,33000,10,-5,0.8381,8456.4
CRUISE,300000,33000,10,0,0.8381,8498.9
CRUISE,300000,33000,10,5,0.8381,8541.4
CRUISE,300000,33000,10,10,0.8381,8583.9
CRUISE,300000,33000,10,15,0.8381,8626.4
CRUISE,300000,33000,10,20,0.8381,8668.9
CRUISE,300000,33000,20,-20,0.8393,8363.3
CRUISE,300000,33000,20,-15,0.8393,8406
CRUISE,300000,33000,20,-10,0.8393,8448.6
CRUISE,300000,33000,20,-5,0.8393,8491.3
CRUISE,300000,33000,20,0,0.8393,8534
CRUISE,300000,33000,20,5,0.8393,8576.6
CRUISE,300000,33000,20,10,0.8393,8619.3
CRUISE,300000,33000,20,15,0.8393,8662
CRUISE,300000,33000,20,20,0.8393,8704.6
CRUISE,300000,33000,30,-20,0.8404,8397.7
CRUISE,300000,33000,30,-15,0.8404,8440.6
CRUISE,300000,33000,30,-10,0.8404,8483.4
CRUISE,300000,33000,30,-5,0.8404,8526.2
CRUISE,300000,33000,30,0,0.8404,8569.1
CRUISE,300000,33000,30,5,0.8404,8611.9
CRUISE,300000,33000,30,10,0.8404,8654.8
CRUISE,300000,33000,30,15,0.8404,8697.6
CRUISE,300000,33000,30,20,0.8404,8740.5
CRUISE,300000,33000,40,-20,0.8416,8432.2
CRUISE,300000,33000,40,-15,0.8416,8475.3
CRUISE,300000,33000,40,-10,0.8416,8518.3
CRUISE,300000,33000,40,-5,0.8416,8561.3
CRUISE,300000,33000,40,0,0.8416,8604.3
CRUISE,300000,33000,40,5,0.8416,8647.3
CRUISE,300000,33000,40,10,0.8416,8690.4
CRUISE,300000,33000,40,15,0.8416,8733.4
CRUISE,300000,33000,40,20,0.8416,8776.4
CRUISE,300000,33000,50,-20,0.8427,8466.8
CRUISE,300000,33000,50,-15,0.8427,8510
CRUISE,300000,33000,50,-10,0.8427,8553.2
CRUISE,300000,33000,50,-5,0.8427,8596.4
CRUISE,300000,33000,50,0,0.8427,8639.6
CRUISE,300000,33000,50,5,0.8427,8682.8
CRUISE,300000,33000,50,10,0.8427,8726
CRUISE,300000,33000,50,15,0.8427,8769.2
CRUISE,300000,33000,50,20,0.8427,8812.4
CRUISE,300000,33000,60,-20,0.8439,8501.6
CRUISE,300000,33000,60,-15,0.8439,8544.9
CRUISE,300000,33000,60,-10,0.8439,8588.3
CRUISE,300000,33000,60,-5,0.8439,8631.7
CRUISE,300000,33000,60,0,0.8439,8675.1
CRUISE,300000,33000,60,5,0.8439,8718.4
CRUISE,300000,33000,60,10,0.8439,8761.8
CRUISE,300000,33000,60,15,0.8439,8805.2
CRUISE,300000,33000,60,20,0.8439,8848.6
CRUISE,300000,33000,70,-20,0.845,8536.4
CRUISE,300000,33000,70,-15,0.845,8579.9
CRUISE,300000,33000,70,-10,0.845,8623.5
CRUISE,300000,33000,70,-5,0.845,8667
CRUISE,300000,33000,70,0,0.845,8710.6
CRUISE,300000,33000,70,5,0.845,8754.1
CRUISE,300000,33000,70,10,0.845,8797.7
CRUISE,300000,33000,70,15,0.845,8841.2
CRUISE,300000,33000,70,20,0.845,8884.8
CRUISE,300000,33000,80,-20,0.8462,8571.3
CRUISE,300000,33000,80,-15,0.8462,8615
CRUISE,300000,33000,80,-10,0.8462,8658.7
CRUISE,300000,33000,80,-5,0.8462,8702.4
CRUISE,300000,33000,80,0,0.8462,8746.2
CRUISE,300000,33000,80,5,0.8462,8789.9
CRUISE,300000,33000,80,10,0.8462,8833.6
CRUISE,300000,33000,80,15,0.8462,8877.4
CRUISE,300000,33000,80,20,0.8462,8921.1
CRUISE,300000,33000,90,-20,0.8473,8606.2
CRUISE,300000,33000,90,-15,0.8473,8650.2
CRUISE,300000,33000,90,-10,0.8473,8694.1
CRUISE,300000,33000,90,-5,0.8473,8738
CRUISE,300000,33000,90,0,0.8473,8781.9
CRUISE,300000,33000,90,5,0.8473,8825.8
CRUISE,300000,33000,90,10,0.8473,8869.7
CRUISE,300000,33000,90,15,0.8473,8913.6
CRUISE,300000,33000,90,20,0.8473,8957.5
CRUISE,300000,33000,100,-20,0.8485,8641.3
CRUISE,300000,33000,100,-15,0.8485,8685.4
CRUISE,300000,33000,100,-10,0.8485,8729.5
CRUISE,300000,33000,100,-5,0.8485,8773.6
CRUISE,300000,33000,100,0,0.8485,8817.7
CRUISE,300000,33000,100,5,0.8485,8861.8
CRUISE,300000,33000,100,10,0.8485,8905.9
CRUISE,300000,33000,100,15,0.8485,8950
CRUISE,300000,33000,100,20,0.8485,8994
CRUISE,300000,33000,110,-20,0.8497,8676.5
CRUISE,300000,33000,110,-15,0.8497,8720.8
CRUISE,300000,33000,110,-10,0.8497,8765.1
CRUISE,300000,33000,110,-5,0.8497,8809.3
CRUISE,300000,33000,110,0,0.8497,8853.6
CRUISE,300000,33000,110,5,0.8497,8897.9
CRUISE,300000,33000,110,10,0.8497,8942.1
CRUISE,300000,33000,110,15,0.8497,8986.4
CRUISE,300000,33000,110,20,0.8497,9030.7
CRUISE,300000,33000,120,-20,0.8508,8711.8
CRUISE,300000,33000,120,-15,0.8508,8756.2
CRUISE,300000,33000,120,-10,0.8508,8800.7
CRUISE,300000,33000,120,-5,0.8508,8845.1
CRUISE,300000,33000,120,0,0.8508,8889.6
CRUISE,300000,33000,120,5,0.8508,8934
CRUISE,300000,33000,120,10,0.8508,8978.5
CRUISE,300000,33000,120,15,0.8508,9022.9
CRUISE,300000,33000,120,20,0.8508,9067.4
CRUISE,300000,33000,130,-20,0.8519,8747.2
CRUISE,300000,33000,130,-15,0.8519,8791.8
CRUISE,300000,33000,130,-10,0.8519,8836.4
CRUISE,300000,33000,130,-5,0.8519,8881.1
CRUISE,300000,33000,130,0,0.8519,8925.7
CRUISE,300000,33000,130,5,0.8519,8970.3
CRUISE,300000,33000,130,10,0.8519,9014.9
CRUISE,300000,33000,130,15,0.8519,9059.6
CRUISE,300000,33000,130,20,0.8519,9104.2
CRUISE,300000,33000,140,-20,0.8531,8782.6
CRUISE,300000,33000,140,-15,0.8531,8827.5
CRUISE,300000,33000,140,-10,0.8531,8872.3
CRUISE,300000,33000,140,-5,0.8531,8917.1
CRUISE,300000,33000,140,0,0.8531,8961.9
CRUISE,300000,33000,140,5,0.8531,9006.7
CRUISE,300000,33000,140,10,0.8531,9051.5
CRUISE,300000,33000,140,15,0.8531,9096.3
CRUISE,300000,33000,140,20,0.8531,9141.1
CRUISE,300000,33000,150,-20,0.8542,8818.2
CRUISE,300000,33000,150,-15,0.8542,8863.2
CRUISE,300000,33000,150,-10,0.8542,8908.2
CRUISE,300000,33000,150,-5,0.8542,8953.2
CRUISE,300000,33000,150,0,0.8542,8998.2
CRUISE,300000,33000,150,5,0.8542,9043.2
CRUISE,300000,33000,150,10,0.8542,9088.2
CRUISE,300000,33000,150,15,0.8542,9133.1
CRUISE,300000,33000,150,20,0.8542,9178.1
CRUISE,300000,33000,160,-20,0.8554,8853.9
CRUISE,300000,33000,160,-15,0.8554,8899
CRUISE,300000,33000,160,-10,0.8554,8944.2
CRUISE,300000,33000,160,-5,0.8554,8989.4
CRUISE,300000,33000,160,0,0.8554,9034.6
CRUISE,300000,33000,160,5,0.8554,9079.7
CRUISE,300000,33000,160,10,0.8554,9124.9
CRUISE,300000,33000,160,15,0.8554,9170.1
CRUISE,300000,33000,160,20,0.8554,9215.3
CRUISE,300000,33000,170,-20,0.8566,8889.6
CRUISE,300000,33000,170,-15,0.8566,8935
CRUISE,300000,33000,170,-10,0.8566,8980.3
CRUISE,300000,33000,170,-5,0.8566,9025.7
CRUISE,300000,33000,170,0,0.8566,9071
CRUISE,300000,33000,170,5,0.8566,9116.4
CRUISE,300000,33000,170,10,0.8566,9161.8
CRUISE,300000,33000,170,15,0.8566,9207.1
CRUISE,300000,33000,170,20,0.8566,9252.5
CRUISE,300000,33000,180,-20,0.8577,8925.5
CRUISE,300000,33000,180,-15,0.8577,8971
CRUISE,300000,33000,180,-10,0.8577,9016.6
CRUISE,300000,33000,180,-5,0.8577,9062.1
CRUISE,300000,33000,180,0,0.8577,9107.6
CRUISE,300000,33000,180,5,0.8577,9153.2
CRUISE,300000,33000,180,10,0.8577,9198.7
CRUISE,300000,33000,180,15,0.8577,9244.2
CRUISE,300000,33000,180,20,0.8577,9289.8
CRUISE,300000,33000,190,-20,0.8589,8961.4
CRUISE,300000,33000,190,-15,0.8589,9007.2
CRUISE,300000,33000,190,-10,0.8589,9052.9
CRUISE,300000,33000,190,-5,0.8589,9098.6
CRUISE,300000,33000,190,0,0.8589,9144.3
CRUISE,300000,33000,190,5,0.8589,9190
CRUISE,300000,33000,190,10,0.8589,9235.8
CRUISE,300000,33000,190,15,0.8589,9281.5
CRUISE,300000,33000,190,20,0.8589,9327.2
CRUISE,300000,33000,200,-20,0.86,8997.5
CRUISE,300000,33000,200,-15,0.86,9043.4
CRUISE,300000,33000,200,-10,0.86,9089.3
CRUISE,300000,33000,200,-5,0.86,9135.2
CRUISE,300000,33000,200,0,0.86,9181.1
CRUISE,300000,33000,200,5,0.86,9227
CRUISE,300000,33000,200,10,0.86,9272.9
CRUISE,300000,33000,200,15,0.86,9318.8
CRUISE,300000,33000,200,20,0.86,9364.7
CRUISE,320000,25000,0,-20,0.818,9280.6
CRUISE,320000,25000,0,-15,0.818,9328
CRUISE,320000,25000,0,-10,0.818,9375.3
CRUISE,320000,25000,0,-5,0.818,9422.6
CRUISE,320000,25000,0,0,0.818,9470
CRUISE,320000,25000,0,5,0.818,9517.3
CRUISE,320000,25000,0,10,0.818,9564.7
CRUISE,320000,25000,0,15,0.818,9612
CRUISE,320000,25000,0,20,0.818,9659.4
CRUISE,320000,25000,10,-20,0.8201,9352.3
CRUISE,320000,25000,10,-15,0.8201,9400
CRUISE,320000,25000,10,-10,0.8201,9447.7
CRUISE,320000,25000,10,-5,0.8201,9495.4
CRUISE,320000,25000,10,0,0.8201,9543.1
CRUISE,320000,25000,10,5,0.8201,9590.8
CRUISE,320000,25000,10,10,0.8201,9638.6
CRUISE,320000,25000,10,15,0.8201,9686.3
CRUISE,320000,25000,10,20,0.8201,9734
CRUISE,320000,25000,20,-20,0.8222,9424.3
CRUISE,320000,25000,20,-15,0.8222,9472.4
CRUISE,320000,25000,20,-10,0.8222,9520.5
CRUISE,320000,25000,20,-5,0.8222,9568.5
CRUISE,320000,25000,20,0,0.8222,9616.6
CRUISE,320000,25000,20,5,0.8222,9664.7
CRUISE,320000,25000,20,10,0.8222,9712.8
CRUISE,320000,25000,20,15,0.8222,9760.9
CRUISE,320000,25000,20,20,0.8222,9809
CRUISE,320000,25000,30,-20,0.8243,9496.7
CRUISE,320000,25000,30,-15,0.8243,9545.1
CRUISE,320000,25000,30,-10,0.8243,9593.6
CRUISE,320000,25000,30,-5,0.8243,9642
CRUISE,320000,25000,30,0,0.8243,9690.5
CRUISE,320000,25000,30,5,0.8243,9738.9
CRUISE,320000,25000,30,10,0.8243,9787.4
CRUISE,320000,25000,30,15,0.8243,9835.9
CRUISE,320000,25000,30,20,0.8243,9884.3
CRUISE,320000,25000,40,-20,0.8264,9569.5
CRUISE,320000,25000,40,-15,0.8264,9618.3
CRUISE,320000,25000,40,-10,0.8264,9667.1
CRUISE,320000,25000,40,-5,0.8264,9715.9
CRUISE,320000,25000,40,0,0.8264,9764.7
CRUISE,320000,25000,40,5,0.8264,9813.6
CRUISE,320000,25000,40,10,0.8264,9862.4
CRUISE,320000,25000,40,15,0.8264,9911.2
CRUISE,320000,25000,40,20,0.8264,9960
CRUISE,320000,25000,50,-20,0.8285,9642.6
CRUISE,320000,25000,50,-15,0.8285,9691.8
CRUISE,320000,25000,50,-10,0.8285,9741
CRUISE,320000,25000,50,-5,0.8285,9790.2
CRUISE,320000,25000,50,0,0.8285,9839.4
CRUISE,320000,25000,50,5,0.8285,9888.6
CRUISE,320000,25000,50,10,0.8285,9937.8
CRUISE,320000,25000,50,15,0.8285,9987
CRUISE,320000,25000,50,20,0.8285,10036.2
CRUISE,320000,25000,60,-20,0.8306,9716.1
CRUISE,320000,25000,60,-15,0.8306,9765.7
CRUISE,320000,25000,60,-10,0.8306,9815.2
CRUISE,320000,25000,60,-5,0.8306,9864.8
CRUISE,320000,25000,60,0,0.8306,9914.4
CRUISE,320000,25000,60,5,0.8306,9964
CRUISE,320000,25000,60,10,0.8306,10013.5
CRUISE,320000,25000,60,15,0.8306,10063.1
CRUISE,320000,25000,60,20,0.8306,10112.7
CRUISE,320000,25000,70,-20,0.8327,9790
CRUISE,320000,25000,70,-15,0.8327,9839.9
CRUISE,320000,25000,70,-10,0.8327,9889.9
CRUISE,320000,25000,70,-5,0.8327,9939.8
CRUISE,320000,25000,70,0,0.8327,9989.8
CRUISE,320000,25000,70,5,0.8327,10039.7
CRUISE,320000,25000,70,10,0.8327,10089.7
CRUISE,320000,25000,70,15,0.8327,10139.6
CRUISE,320000,25000,70,20,0.8327,10189.6
CRUISE,320000,25000,80,-20,0.8348,9864.2
CRUISE,320000,25000,80,-15,0.8348,9914.6
CRUISE,320000,25000,80,-10,0.8348,9964.9
CRUISE,320000,25000,80,-5,0.8348,10015.2
CRUISE,320000,25000,80,0,0.8348,10065.5
CRUISE,320000,25000,80,5,0.8348,10115.9
CRUISE,320000,25000,80,10,0.8348,10166.2
CRUISE,320000,25000,80,15,0.8348,10216.5
CRUISE,320000,25000,80,20,0.8348,10266.9
CRUISE,320000,25000,90,-20,0.8369,9938.9
CRUISE,320000,25000,90,-15,0.8369,9989.6
CRUISE,320000,25000,90,-10,0.8369,10040.3
CRUISE,320000,25000,90,-5,0.8369,10091
CRUISE,320000,25000,90,0,0.8369,10141.7
CRUISE,320000,25000,90,5,0.8369,10192.4
CRUISE,320000,25000,90,10,0.8369,10243.1
CRUISE,320000,25000,90,15,0.8369,10293.8
CRUISE,320000,25000,90,20,0.8369,10344.5
CRUISE,320000,25000,100,-20,0.839,10013.9
CRUISE,320000,25000,100,-15,0.839,10065
CRUISE,320000,25000,100,-10,0.839,10116.1
CRUISE,320000,25000,100,-5,0.839,10167.1
CRUISE,320000,25000,100,0,0.839,10218.2
CRUISE,320000,25000,100,5,0.839,10269.3
CRUISE,320000,25000,100,10,0.839,10320.4
CRUISE,320000,25000,100,15,0.839,10371.5
CRUISE,320000,25000,100,20,0.839,10422.6
CRUISE,320000,25000,110,-20,0.8411,10089.3
CRUISE,320000,25000,110,-15,0.8411,10140.7
CRUISE,320000,25000,110,-10,0.8411,10192.2
CRUISE,320000,25000,110,-5,0.8411,10243.7
CRUISE,320000,25000,110,0,0.8411,10295.2
CRUISE,320000,25000,110,5,0.8411,10346.6
CRUISE,320000,25000,110,10,0.8411,10398.1
CRUISE,320000,25000,110,15,0.8411,10449.6
CRUISE,320000,25000,110,20,0.8411,10501.1
CRUISE,320000,25000,120,-20,0.8432,10165
CRUISE,320000,25000,120,-15,0.8432,10216.9
CRUISE,320000,25000,120,-10,0.8432,10268.7
CRUISE,320000,25000,120,-5,0.8432,10320.6
CRUISE,320000,25000,120,0,0.8432,10372.5
CRUISE,320000,25000,120,5,0.8432,10424.3
CRUISE,320000,25000,120,10,0.8432,10476.2
CRUISE,320000,25000,120,15,0.8432,10528
CRUISE,320000,25000,120,20,0.8432,10579.9
CRUISE,320000,25000,130,-20,0.8453,10241.2
CRUISE,320000,25000,130,-15,0.8453,10293.4
CRUISE,320000,25000,130,-10,0.8453,10345.7
CRUISE,320000,25000,130,-5,0.8453,10397.9
CRUISE,320000,25000,130,0,0.8453,10450.2
CRUISE,320000,25000,130,5,0.8453,10502.4
CRUISE,320000,25000,130,10,0.8453,10554.7
CRUISE,320000,25000,130,15,0.8453,10606.9
CRUISE,320000,25000,130,20,0.8453,10659.2
CRUISE,320000,25000,140,-20,0.8474,10317.7
CRUISE,320000,25000,140,-15,0.8474,10370.3
CRUISE,320000,25000,140,-10,0.8474,10422.9
CRUISE,320000,25000,140,-5,0.8474,10475.6
CRUISE,320000,25000,140,0,0.8474,10528.2
CRUISE,320000,25000,140,5,0.8474,10580.9
CRUISE,320000,25000,140,10,0.8474,10633.5
CRUISE,320000,25000,140,15,0.8474,10686.2
CRUISE,320000,25000,140,20,0.8474,10738.8
CRUISE,320000,25000,150,-20,0.8495,10394.6
CRUISE,320000,25000,150,-15,0.8495,10447.6
CRUISE,320000,25000,150,-10,0.8495,10500.6
CRUISE,320000,25000,150,-5,0.8495,10553.7
CRUISE,320000,25000,150,0,0.8495,10606.7
CRUISE,320000,25000,150,5,0.8495,10659.7
CRUISE,320000,25000,150,10,0.8495,10712.8
CRUISE,320000,25000,150,15,0.8495,10765.8
CRUISE,320000,25000,150,20,0.8495,10818.8
CRUISE,320000,25000,160,-20,0.8516,10471.8
CRUISE,320000,25000,160,-15,0.8516,10525.3
CRUISE,320000,25000,160,-10,0.8516,10578.7
CRUISE,320000,25000,160,-5,0.8516,10632.1
CRUISE,320000,25000,160,0,0.8516,10685.6
CRUISE,320000,25000,160,5,0.8516,10739
CRUISE,320000,25000,160,10,0.8516,10792.4
CRUISE,320000,25000,160,15,0.8516,10845.8
CRUISE,320000,25000,160,20,0.8516,10899.3
CRUISE,320000,25000,170,-20,0.8537,10549.5
CRUISE,320000,25000,170,-15,0.8537,10603.3
CRUISE,320000,25000,170,-10,0.8537,10657.2
CRUISE,320000,25000,170,-5,0.8537,10711
CRUISE,320000,25000,170,0,0.8537,10764.8
CRUISE,320000,25000,170,5,0.8537,10818.6
CRUISE,320000,25000,170,10,0.8537,10872.4
CRUISE,320000,25000,170,15,0.8537,10926.3
CRUISE,320000,25000,170,20,0.8537,10980.1
CRUISE,320000,25000,180,-20,0.8558,10627.5
CRUISE,320000,25000,180,-15,0.8558,10681.8
CRUISE,320000,25000,180,-10,0.8558,10736
CRUISE,320000,25000,180,-5,0.8558,10790.2
CRUISE,320000,25000,180,0,0.8558,10844.4
CRUISE,320000,25000,180,5,0.8558,10898.7
CRUISE,320000,25000,180,10,0.8558,10952.9
CRUISE,320000,25000,180,15,0.8558,11007.1
CRUISE,320000,25000,180,20,0.8558,11061.3
CRUISE,320000,25000,190,-20,0.8579,10706
CRUISE,320000,25000,190,-15,0.8579,10760.6
CRUISE,320000,25000,190,-10,0.8579,10815.2
CRUISE,320000,25000,190,-5,0.8579,10869.8
CRUISE,320000,25000,190,0,0.8579,10924.5
CRUISE,320000,25000,190,5,0.8579,10979.1
CRUISE,320000,25000,190,10,0.8579,11033.7
CRUISE,320000,25000,190,15,0.8579,11088.3
CRUISE,320000,25000,190,20,0.8579,11143
CRUISE,320000,25000,200,-20,0.86,10784.8
CRUISE,320000,25000,200,-15,0.86,10839.8
CRUISE,320000,25000,200,-10,0.86,10894.8
CRUISE,320000,25000,200,-5,0.86,10949.9
CRUISE,320000,25000,200,0,0.86,11004.9
CRUISE,320000,25000,200,5,0.86,11059.9
CRUISE,320000,25000,200,10,0.86,11114.9
CRUISE,320000,25000,200,15,0.86,11170
CRUISE,320000,25000,200,20,0.86,11225
CRUISE,320000,27000,0,-20,0.833,9137.5
CRUISE,320000,27000,0,-15,0.833,9184.1
CRUISE,320000,27000,0,-10,0.833,9230.8
CRUISE,320000,27000,0,-5,0.833,9277.4
CRUISE,320000,27000,0,0,0.833,9324
CRUISE,320000,27000,0,5,0.833,9370.6
CRUISE,320000,27000,0,10,0.833,9417.2
CRUISE,320000,27000,0,15,0.833,9463.9
CRUISE,320000,27000,0,20,0.833,9510.5
CRUISE,320000,27000,10,-20,0.8343,9182
CRUISE,320000,27000,10,-15,0.8343,9228.9
CRUISE,320000,27000,10,-10,0.8343,9275.7
CRUISE,320000,27000,10,-5,0.8343,9322.6
CRUISE,320000,27000,10,0,0.8343,9369.4
CRUISE,320000,27000,10,5,0.8343,9416.3
CRUISE,320000,27000,10,10,0.8343,9463.1
CRUISE,320000,27000,10,15,0.8343,9509.9
CRUISE,320000,27000,10,20,0.8343,9556.8
CRUISE,320000,27000,20,-20,0.8357,9226.7
CRUISE,320000,27000,20,-15,0.8357,9273.7
CRUISE,320000,27000,20,-10,0.8357,9320.8
CRUISE,320000,27000,20,-5,0.8357,9367.9
CRUISE,320000,27000,20,0,0.8357,9415
CRUISE,320000,27000,20,5,0.8357,9462
CRUISE,320000,27000,20,10,0.8357,9509.1
CRUISE,320000,27000,20,15,0.8357,9556.2
CRUISE,320000,27000,20,20,0.8357,9603.3
CRUISE,320000,27000,30,-20,0.837,9271.4
CRUISE,320000,27000,30,-15,0.837,9318.8
CRUISE,320000,27000,30,-10,0.837,9366.1
CRUISE,320000,27000,30,-5,0.837,9413.4
CRUISE,320000,27000,30,0,0.837,9460.7
CRUISE,320000,27000,30,5,0.837,9508
CRUISE,320000,27000,30,10,0.837,9555.3
CRUISE,320000,27000,30,15,0.837,9602.6
CRUISE,320000,27000,30,20,0.837,9649.9
CRUISE,320000,27000,40,-20,0.8384,9316.4
CRUISE,320000,27000,40,-15,0.8384,9363.9
CRUISE,320000,27000,40,-10,0.8384,9411.4
CRUISE,320000,27000,40,-5,0.8384,9459
CRUISE,320000,27000,40,0,0.8384,9506.5
CRUISE,320000,27000,40,5,0.8384,9554
CRUISE,320000,27000,40,10,0.8384,9601.6
CRUISE,320000,27000,40,15,0.8384,9649.1
CRUISE,320000,27000,40,20,0.8384,9696.6
CRUISE,320000,27000,50,-20,0.8397,9361.5
CRUISE,320000,27000,50,-15,0.8397,9409.2
CRUISE,320000,27000,50,-10,0.8397,9457
CRUISE,320000,27000,50,-5,0.8397,9504.7
CRUISE,320000,27000,50,0,0.8397,9552.5
CRUISE,320000,27000,50,5,0.8397,9600.3
CRUISE,320000,27000,50,10,0.8397,9648
CRUISE,320000,27000,50,15,0.8397,9695.8
CRUISE,320000,27000,50,20,0.8397,9743.6
CRUISE,320000,27000,60,-20,0.8411,9406.7
CRUISE,320000,27000,60,-15,0.8411,9454.7
CRUISE,320000,27000,60,-10,0.8411,9502.7
CRUISE,320000,27000,60,-5,0.8411,9550.7
CRUISE,320000,27000,60,0,0.8411,9598.7
CRUISE,320000,27000,60,5,0.8411,9646.6
CRUISE,320000,27000,60,10,0.8411,9694.6
CRUISE,320000,27000,60,15,0.8411,9742.6
CRUISE,320000,27000,60,20,0.8411,9790.6
CRUISE,320000,27000,70,-20,0.8424,9452
CRUISE,320000,27000,70,-15,0.8424,9500.3
CRUISE,320000,27000,70,-10,0.8424,9548.5
CRUISE,320000,27000,70,-5,0.8424,9596.7
CRUISE,320000,27000,70,0,0.8424,9644.9
CRUISE,320000,27000,70,5,0.8424,9693.2
CRUISE,320000,27000,70,10,0.8424,9741.4
CRUISE,320000,27000,70,15,0.8424,9789.6
CRUISE,320000,27000,70,20,0.8424,9837.8
CRUISE,320000,27000,80,-20,0.8438,9497.6
CRUISE,320000,27000,80,-15,0.8438,9546
CRUISE,320000,27000,80,-10,0.8438,9594.5
CRUISE,320000,27000,80,-5,0.8438,9642.9
CRUISE,320000,27000,80,0,0.8438,9691.4
CRUISE,320000,27000,80,5,0.8438,9739.8
CRUISE,320000,27000,80,10,0.8438,9788.3
CRUISE,320000,27000,80,15,0.8438,9836.8
CRUISE,320000,27000,80,20,0.8438,9885.2
CRUISE,320000,27000,90,-20,0.8451,9543.2
CRUISE,320000,27000,90,-15,0.8451,9591.9
CRUISE,320000,27000,90,-10,0.8451,9640.6
CRUISE,320000,27000,90,-5,0.8451,9689.3
CRUISE,320000,27000,90,0,0.8451,9738
CRUISE,320000,27000,90,5,0.8451,9786.7
CRUISE,320000,27000,90,10,0.8451,9835.4
CRUISE,320000,27000,90,15,0.8451,9884
CRUISE,320000,27000,90,20,0.8451,9932.7
CRUISE,320000,27000,100,-20,0.8465,9589
CRUISE,320000,27000,100,-15,0.8465,9637.9
CRUISE,320000,27000,100,-10,0.8465,9686.9
CRUISE,320000,27000,100,-5,0.8465,9735.8
CRUISE,320000,27000,100,0,0.8465,9784.7
CRUISE,320000,27000,100,5,0.8465,9833.6
CRUISE,320000,27000,100,10,0.8465,9882.6
CRUISE,320000,27000,100,15,0.8465,9931.5
CRUISE,320000,27000,100,20,0.8465,9980.4
CRUISE,320000,27000,110,-20,0.8478,9635
CRUISE,320000,27000,110,-15,0.8478,9684.1
CRUISE,320000,27000,110,-10,0.8478,9733.3
CRUISE,320000,27000,110,-5,0.8478,9782.4
CRUISE,320000,27000,110,0,0.8478,9831.6
CRUISE,320000,27000,110,5,0.8478,9880.8
CRUISE,320000,27000,110,10,0.8478,9929.9
CRUISE,320000,27000,110,15,0.8478,9979.1
CRUISE,320000,27000,110,20,0.8478,10028.2
CRUISE,320000,27000,120,-20,0.8492,9681.1
CRUISE,320000,27000,120,-15,0.8492,9730.5
CRUISE,320000,27000,120,-10,0.8492,9779.9
CRUISE,320000,27000,120,-5,0.8492,9829.2
CRUISE,320000,27000,120,0,0.8492,9878.6
CRUISE,320000,27000,120,5,0.8492,9928
CRUISE,320000,27000,120,10,0.8492,9977.4
CRUISE,320000,27000,120,15,0.8492,10026.8
CRUISE,320000,27000,120,20,0.8492,10076.2
CRUISE,320000,27000,130,-20,0.8506,9727.3
CRUISE,320000,27000,130,-15,0.8506,9776.9
CRUISE,320000,27000,130,-10,0.8506,9826.6
CRUISE,320000,27000,130,-5,0.8506,9876.2
CRUISE,320000,27000,130,0,0.8506,9925.8
CRUISE,320000,27000,130,5,0.8506,9975.5
CRUISE,320000,27000,130,10,0.8506,10025.1
CRUISE,320000,27000,130,15,0.8506,10074.7
CRUISE,320000,27000,130,20,0.8506,10124.3
CRUISE,320000,27000,140,-20,0.8519,9773.7
CRUISE,320000,27000,140,-15,0.8519,9823.6
CRUISE,320000,27000,140,-10,0.8519,9873.4
CRUISE,320000,27000,140,-5,0.8519,9923.3
CRUISE,320000,27000,140,0,0.8519,9973.2
CRUISE,320000,27000,140,5,0.8519,10023
CRUISE,320000,27000,140,10,0.8519,10072.9
CRUISE,320000,27000,140,15,0.8519,10122.8
CRUISE,320000,27000,140,20,0.8519,10172.6
CRUISE,320000,27000,150,-20,0.8532,9820.2
CRUISE,320000,27000,150,-15,0.8532,9870.3
CRUISE,320000,27000,150,-10,0.8532,9920.4
CRUISE,320000,27000,150,-5,0.8532,9970.6
CRUISE,320000,27000,150,0,0.8532,10020.7
CRUISE,320000,27000,150,5,0.8532,10070.8
CRUISE,320000,27000,150,10,0.8532,10120.9
CRUISE,320000,27000,150,15,0.8532,10171
CRUISE,320000,27000,150,20,0.8532,10221.1
CRUISE,320000,27000,160,-20,0.8546,9866.9
CRUISE,320000,27000,160,-15,0.8546,9917.3
CRUISE,320000,27000,160,-10,0.8546,9967.6
CRUISE,320000,27000,160,-5,0.8546,10018
CRUISE,320000,27000,160,0,0.8546,10068.3
CRUISE,320000,27000,160,5,0.8546,10118.6
CRUISE,320000,27000,160,10,0.8546,10169
CRUISE,320000,27000,160,15,0.8546,10219.3
CRUISE,320000,27000,160,20,0.8546,10269.7
CRUISE,320000,27000,170,-20,0.8559,9913.8
CRUISE,320000,27000,170,-15,0.8559,9964.3
CRUISE,320000,27000,170,-10,0.8559,10014.9
CRUISE,320000,27000,170,-5,0.8559,10065.5
CRUISE,320000,27000,170,0,0.8559,10116.1
CRUISE,320000,27000,170,5,0.8559,10166.7
CRUISE,320000,27000,170,10,0.8559,10217.2
CRUISE,320000,27000,170,15,0.8559,10267.8
CRUISE,320000,27000,170,20,0.8559,10318.4
CRUISE,320000,27000,180,-20,0.8573,9960.7
CRUISE,320000,27000,180,-15,0.8573,10011.6
CRUISE,320000,27000,180,-10,0.8573,10062.4
CRUISE,320000,27000,180,-5,0.8573,10113.2
CRUISE,320000,27000,180,0,0.8573,10164
CRUISE,320000,27000,180,5,0.8573,10214.8
CRUISE,320000,27000,180,10,0.8573,10265.7
CRUISE,320000,27000,180,15,0.8573,10316.5
CRUISE,320000,27000,180,20,0.8573,10367.3
CRUISE,320000,27000,190,-20,0.8587,10007.9
CRUISE,320000,27000,190,-15,0.8587,10058.9
CRUISE,320000,27000,190,-10,0.8587,10110
CRUISE,320000,27000,190,-5,0.8587,10161.1
CRUISE,320000,27000,190,0,0.8587,10212.1
CRUISE,320000,27000,190,5,0.8587,10263.2
CRUISE,320000,27000,190,10,0.8587,10314.2
CRUISE,320000,27000,190,15,0.8587,10365.3
CRUISE,320000,27000,190,20,0.8587,10416.4
CRUISE,320000,27000,200,-20,0.86,10055.2
CRUISE,320000,27000,200,-15,0.86,10106.5
CRUISE,320000,27000,200,-10,0.86,10157.8
CRUISE,320000,27000,200,-5,0.86,10209.1
CRUISE,320000,27000,200,0,0.86,10260.4
CRUISE,320000,27000,200,5,0.86,10311.7
CRUISE,320000,27000,200,10,0.86,10363
CRUISE,320000,27000,200,15,0.86,10414.3
CRUISE,320000,27000,200,20,0.86,10465.6
CRUISE,320000,29000,0,-20,0.84,8986.6
CRUISE,320000,29000,0,-15,0.84,9032.5
CRUISE,320000,29000,0,-10,0.84,9078.3
CRUISE,320000,29000,0,-5,0.84,9124.1
CRUISE,320000,29000,0,0,0.84,9170
CRUISE,320000,29000,0,5,0.84,9215.8
CRUISE,320000,29000,0,10,0.84,9261.7
CRUISE,320000,29000,0,15,0.84,9307.5
CRUISE,320000,29000,0,20,0.84,9353.4
CRUISE,320000,29000,10,-20,0.841,9018.7
CRUISE,320000,29000,10,-15,0.841,9064.7
CRUISE,320000,29000,10,-10,0.841,9110.8
CRUISE,320000,29000,10,-5,0.841,9156.8
CRUISE,320000,29000,10,0,0.841,9202.8
CRUISE,320000,29000,10,5,0.841,9248.8
CRUISE,320000,29000,10,10,0.841,9294.8
CRUISE,320000,29000,10,15,0.841,9340.8
CRUISE,320000,29000,10,20,0.841,9386.8
CRUISE,320000,29000,20,-20,0.842,9050.9
CRUISE,320000,29000,20,-15,0.842,9097.1
CRUISE,320000,29000,20,-10,0.842,9143.3
CRUISE,320000,29000,20,-5,0.842,9189.5
CRUISE,320000,29000,20,0,0.842,9235.7
CRUISE,320000,29000,20,5,0.842,9281.8
CRUISE,320000,29000,20,10,0.842,9328
CRUISE,320000,29000,20,15,0.842,9374.2
CRUISE,320000,29000,20,20,0.842,9420.4
CRUISE,320000,29000,30,-20,0.843,9083.2
CRUISE,320000,29000,30,-15,0.843,9129.6
CRUISE,320000,29000,30,-10,0.843,9175.9
CRUISE,320000,29000,30,-5,0.843,9222.3
CRUISE,320000,29000,30,0,0.843,9268.6
CRUISE,320000,29000,30,5,0.843,9314.9
CRUISE,320000,29000,30,10,0.843,9361.3
CRUISE,320000,29000,30,15,0.843,9407.6
CRUISE,320000,29000,30,20,0.843,9454
CRUISE,320000,29000,40,-20,0.844,9115.6
CRUISE,320000,29000,40,-15,0.844,9162.1
CRUISE,320000,29000,40,-10,0.844,9208.6
CRUISE,320000,29000,40,-5,0.844,9255.1
CRUISE,320000,29000,40,0,0.844,9301.6
CRUISE,320000,29000,40,5,0.844,9348.1
CRUISE,320000,29000,40,10,0.844,9394.6
CRUISE,320000,29000,40,15,0.844,9441.1
CRUISE,320000,29000,40,20,0.844,9487.7
CRUISE,320000,29000,50,-20,0.845,9148
CRUISE,320000,29000,50,-15,0.845,9194.7
CRUISE,320000,29000,50,-10,0.845,9241.4
CRUISE,320000,29000,50,-5,0.845,9288.1
CRUISE,320000,29000,50,0,0.845,9334.7
CRUISE,320000,29000,50,5,0.845,9381.4
CRUISE,320000,29000,50,10,0.845,9428.1
CRUISE,320000,29000,50,15,0.845,9474.7
CRUISE,320000,29000,50,20,0.845,9521.4
CRUISE,320000,29000,60,-20,0.846,9180.5
CRUISE,320000,29000,60,-15,0.846,9227.4
CRUISE,320000,29000,60,-10,0.846,9274.2
CRUISE,320000,29000,60,-5,0.846,9321.1
CRUISE,320000,29000,60,0,0.846,9367.9
CRUISE,320000,29000,60,5,0.846,9414.7
CRUISE,320000,29000,60,10,0.846,9461.6
CRUISE,320000,29000,60,15,0.846,9508.4
CRUISE,320000,29000,60,20,0.846,9555.3
CRUISE,320000,29000,70,-20,0.847,9213.1
CRUISE,320000,29000,70,-15,0.847,9260.1
CRUISE,320000,29000,70,-10,0.847,9307.2
CRUISE,320000,29000,70,-5,0.847,9354.2
CRUISE,320000,29000,70,0,0.847,9401.2
CRUISE,320000,29000,70,5,0.847,9448.2
CRUISE,320000,29000,70,10,0.847,9495.2
CRUISE,320000,29000,70,15,0.847,9542.2
CRUISE,320000,29000,70,20,0.847,9589.2
CRUISE,320000,29000,80,-20,0.848,9245.8
CRUISE,320000,29000,80,-15,0.848,9293
CRUISE,320000,29000,80,-10,0.848,9340.2
CRUISE,320000,29000,80,-5,0.848,9387.3
CRUISE,320000,29000,80,0,0.848,9434.5
CRUISE,320000,29000,80,5,0.848,9481.7
CRUISE,320000,29000,80,10,0.848,9528.8
CRUISE,320000,29000,80,15,0.848,9576
CRUISE,320000,29000,80,20,0.848,9623.2
CRUISE,320000,29000,90,-20,0.849,9278.6
CRUISE,320000,29000,90,-15,0.849,9325.9
CRUISE,320000,29000,90,-10,0.849,9373.2
CRUISE,320000,29000,90,-5,0.849,9420.6
CRUISE,320000,29000,90,0,0.849,9467.9
CRUISE,320000,29000,90,5,0.849,9515.3
CRUISE,320000,29000,90,10,0.849,9562.6
CRUISE,320000,29000,90,15,0.849,9609.9
CRUISE,320000,29000,90,20,0.849,9657.3
CRUISE,320000,29000,100,-20,0.85,9311.4
CRUISE,320000,29000,100,-15,0.85,9358.9
CRUISE,320000,29000,100,-10,0.85,9406.4
CRUISE,320000,29000,100,-5,0.85,9453.9
CRUISE,320000,29000,100,0,0.85,9501.4
CRUISE,320000,29000,100,5,0.85,9548.9
CRUISE,320000,29000,100,10,0.85,9596.4
CRUISE,320000,29000,100,15,0.85,9643.9
CRUISE,320000,29000,100,20,0.85,9691.4
CRUISE,320000,29000,110,-20,0.851,9344.3
CRUISE,320000,29000,110,-15,0.851,9392
CRUISE,320000,29000,110,-10,0.851,9439.6
CRUISE,320000,29000,110,-5,0.851,9487.3
CRUISE,320000,29000,110,0,0.851,9535
CRUISE,320000,29000,110,5,0.851,9582.7
CRUISE,320000,29000,110,10,0.851,9630.3
CRUISE,320000,29000,110,15,0.851,9678
CRUISE,320000,29000,110,20,0.851,9725.7
CRUISE,320000,29000,120,-20,0.852,9377.3
CRUISE,320000,29000,120,-15,0.852,9425.1
CRUISE,320000,29000,120,-10,0.852,9473
CRUISE,320000,29000,120,-5,0.852,9520.8
CRUISE,320000,29000,120,0,0.852,9568.6
CRUISE,320000,29000,120,5,0.852,9616.5
CRUISE,320000,29000,120,10,0.852,9664.3
CRUISE,320000,29000,120,15,0.852,9712.2
CRUISE,320000,29000,120,20,0.852,9760
CRUISE,320000,29000,130,-20,0.853,9410.3
CRUISE,320000,29000,130,-15,0.853,9458.3
CRUISE,320000,29000,130,-10,0.853,9506.3
CRUISE,320000,29000,130,-5,0.853,9554.4
CRUISE,320000,29000,130,0,0.853,9602.4
CRUISE,320000,29000,130,5,0.853,9650.4
CRUISE,320000,29000,130,10,0.853,9698.4
CRUISE,320000,29000,130,15,0.853,9746.4
CRUISE,320000,29000,130,20,0.853,9794.4
CRUISE,320000,29000,140,-20,0.854,9443.5
CRUISE,320000,29000,140,-15,0.854,9491.6
CRUISE,320000,29000,140,-10,0.854,9539.8
CRUISE,320000,29000,140,-5,0.854,9588
CRUISE,320000,29000,140,0,0.854,9636.2
CRUISE,320000,29000,140,5,0.854,9684.4
CRUISE,320000,29000,140,10,0.854,9732.5
CRUISE,320000,29000,140,15,0.854,9780.7
CRUISE,320000,29000,140,20,0.854,9828.9
CRUISE,320000,29000,150,-20,0.855,9476.7
CRUISE,320000,29000,150,-15,0.855,9525
CRUISE,320000,29000,150,-10,0.855,9573.4
CRUISE,320000,29000,150,-5,0.855,9621.7
CRUISE,320000,29000,150,0,0.855,9670.1
CRUISE,320000,29000,150,5,0.855,9718.4
CRUISE,320000,29000,150,10,0.855,9766.8
CRUISE,320000,29000,150,15,0.855,9815.1
CRUISE,320000,29000,150,20,0.855,9863.5
CRUISE,320000,29000,160,-20,0.856,9510
CRUISE,320000,29000,160,-15,0.856,9558.5
CRUISE,320000,29000,160,-10,0.856,9607
CRUISE,320000,29000,160,-5,0.856,9655.5
CRUISE,320000,29000,160,0,0.856,9704
CRUISE,320000,29000,160,5,0.856,9752.6
CRUISE,320000,29000,160,10,0.856,9801.1
CRUISE,320000,29000,160,15,0.856,9849.6
CRUISE,320000,29000,160,20,0.856,9898.1
CRUISE,320000,29000,170,-20,0.857,9543.3
CRUISE,320000,29000,170,-15,0.857,9592
CRUISE,320000,29000,170,-10,0.857,9640.7
CRUISE,320000,29000,170,-5,0.857,9689.4
CRUISE,320000,29000,170,0,0.857,9738.1
CRUISE,320000,29000,170,5,0.857,9786.8
CRUISE,320000,29000,170,10,0.857,9835.5
CRUISE,320000,29000,170,15,0.857,9884.2
CRUISE,320000,29000,170,20,0.857,9932.9
CRUISE,320000,29000,180,-20,0.858,9576.8
CRUISE,320000,29000,180,-15,0.858,9625.6
CRUISE,320000,29000,180,-10,0.858,9674.5
CRUISE,320000,29000,180,-5,0.858,9723.4
CRUISE,320000,29000,180,0,0.858,9772.2
CRUISE,320000,29000,180,5,0.858,9821.1
CRUISE,320000,29000,180,10,0.858,9869.9
CRUISE,320000,29000,180,15,0.858,9918.8
CRUISE,320000,29000,180,20,0.858,9967.7
CRUISE,320000,29000,190,-20,0.859,9610.3
CRUISE,320000,29000,190,-15,0.859,9659.3
CRUISE,320000,29000,190,-10,0.859,9708.4
CRUISE,320000,29000,190,-5,0.859,9757.4
CRUISE,320000,29000,190,0,0.859,9806.4
CRUISE,320000,29000,190,5,0.859,9855.5
CRUISE,320000,29000,190,10,0.859,9904.5
CRUISE,320000,29000,190,15,0.859,9953.5
CRUISE,320000,29000,190,20,0.859,10002.6
CRUISE,320000,29000,200,-20,0.86,9643.9
CRUISE,320000,29000,200,-15,0.86,9693.1
CRUISE,320000,29000,200,-10,0.86,9742.3
CRUISE,320000,29000,200,-5,0.86,9791.5
CRUISE,320000,29000,200,0,0.86,9840.7
CRUISE,320000,29000,200,5,0.86,9889.9
CRUISE,320000,29000,200,10,0.86,9939.1
CRUISE,320000,29000,200,15,0.86,9988.3
CRUISE,320000,29000,200,20,0.86,10037.5
CRUISE,320000,31000,0,-20,0.839,8865.1
CRUISE,320000,31000,0,-15,0.839,8910.3
CRUISE,320000,31000,0,-10,0.839,8955.5
CRUISE,320000,31000,0,-5,0.839,9000.8
CRUISE,320000,31000,0,0,0.839,9046
CRUISE,320000,31000,0,5,0.839,9091.2
CRUISE,320000,31000,0,10,0.839,9136.5
CRUISE,320000,31000,0,15,0.839,9181.7
CRUISE,320000,31000,0,20,0.839,9226.9
CRUISE,320000,31000,10,-20,0.84,8898.4
CRUISE,320000,31000,10,-15,0.84,8943.8
CRUISE,320000,31000,10,-10,0.84,8989.2
CRUISE,320000,31000,10,-5,0.84,9034.6
CRUISE,320000,31000,10,0,0.84,9080
CRUISE,320000,31000,10,5,0.84,9125.4
CRUISE,320000,31000,10,10,0.84,9170.8
CRUISE,320000,31000,10,15,0.84,9216.2
CRUISE,320000,31000,10,20,0.84,9261.6
CRUISE,320000,31000,20,-20,0.8411,8931.8
CRUISE,320000,31000,20,-15,0.8411,8977.4
CRUISE,320000,31000,20,-10,0.8411,9023
CRUISE,320000,31000,20,-5,0.8411,9068.5
CRUISE,320000,31000,20,0,0.8411,9114.1
CRUISE,320000,31000,20,5,0.8411,9159.7
CRUISE,320000,31000,20,10,0.8411,9205.2
CRUISE,320000,31000,20,15,0.8411,9250.8
CRUISE,320000,31000,20,20,0.8411,9296.4
CRUISE,320000,31000,30,-20,0.8421,8965.3
CRUISE,320000,31000,30,-15,0.8421,9011
CRUISE,320000,31000,30,-10,0.8421,9056.8
CRUISE,320000,31000,30,-5,0.8421,9102.5
CRUISE,320000,31000,30,0,0.8421,9148.3
CRUISE,320000,31000,30,5,0.8421,9194
CRUISE,320000,31000,30,10,0.8421,9239.8
CRUISE,320000,31000,30,15,0.8421,9285.5
CRUISE,320000,31000,30,20,0.8421,9331.2
CRUISE,320000,31000,40,-20,0.8432,8998.9
CRUISE,320000,31000,40,-15,0.8432,9044.8
CRUISE,320000,31000,40,-10,0.8432,9090.7
CRUISE,320000,31000,40,-5,0.8432,9136.6
CRUISE,320000,31000,40,0,0.8432,9182.5
CRUISE,320000,31000,40,5,0.8432,9228.4
CRUISE,320000,31000,40,10,0.8432,9274.4
CRUISE,320000,31000,40,15,0.8432,9320.3
CRUISE,320000,31000,40,20,0.8432,9366.2
CRUISE,320000,31000,50,-20,0.8442,9032.5
CRUISE,320000,31000,50,-15,0.8442,9078.6
CRUISE,320000,31000,50,-10,0.8442,9124.7
CRUISE,320000,31000,50,-5,0.8442,9170.8
CRUISE,320000,31000,50,0,0.8442,9216.9
CRUISE,320000,31000,50,5,0.8442,9263
CRUISE,320000,31000,50,10,0.8442,9309
CRUISE,320000,31000,50,15,0.8442,9355.1
CRUISE,320000,31000,50,20,0.8442,9401.2
CRUISE,320000,31000,60,-20,0.8453,9066.3
CRUISE,320000,31000,60,-15,0.8453,9112.5
CRUISE,320000,31000,60,-10,0.8453,9158.8
CRUISE,320000,31000,60,-5,0.8453,9205.1
CRUISE,320000,31000,60,0,0.8453,9251.3
CRUISE,320000,31000,60,5,0.8453,9297.6
CRUISE,320000,31000,60,10,0.8453,9343.8
CRUISE,320000,31000,60,15,0.8453,9390.1
CRUISE,320000,31000,60,20,0.8453,9436.3
CRUISE,320000,31000,70,-20,0.8463,9100.1
CRUISE,320000,31000,70,-15,0.8463,9146.5
CRUISE,320000,31000,70,-10,0.8463,9193
CRUISE,320000,31000,70,-5,0.8463,9239.4
CRUISE,320000,31000,70,0,0.8463,9285.8
CRUISE,320000,31000,70,5,0.8463,9332.3
CRUISE,320000,31000,70,10,0.8463,9378.7
CRUISE,320000,31000,70,15,0.8463,9425.1
CRUISE,320000,31000,70,20,0.8463,9471.5
CRUISE,320000,31000,80,-20,0.8474,9134
CRUISE,320000,31000,80,-15,0.8474,9180.6
CRUISE,320000,31000,80,-10,0.8474,9227.2
CRUISE,320000,31000,80,-5,0.8474,9273.8
CRUISE,320000,31000,80,0,0.8474,9320.4
CRUISE,320000,31000,80,5,0.8474,9367
CRUISE,320000,31000,80,10,0.8474,9413.6
CRUISE,320000,31000,80,15,0.8474,9460.2
CRUISE,320000,31000,80,20,0.8474,9506.8
CRUISE,320000,31000,90,-20,0.8484,9168
CRUISE,320000,31000,90,-15,0.8484,9214.8
CRUISE,320000,31000,90,-10,0.8484,9261.6
CRUISE,320000,31000,90,-5,0.8484,9308.3
CRUISE,320000,31000,90,0,0.8484,9355.1
CRUISE,320000,31000,90,5,0.8484,9401.9
CRUISE,320000,31000,90,10,0.8484,9448.7
CRUISE,320000,31000,90,15,0.8484,9495.4
CRUISE,320000,31000,90,20,0.8484,9542.2
CRUISE,320000,31000,100,-20,0.8495,9202.1
CRUISE,320000,31000,100,-15,0.8495,9249
CRUISE,320000,31000,100,-10,0.8495,9296
CRUISE,320000,31000,100,-5,0.8495,9342.9
CRUISE,320000,31000,100,0,0.8495,9389.9
CRUISE,320000,31000,100,5,0.8495,9436.8
CRUISE,320000,31000,100,10,0.8495,9483.8
CRUISE,320000,31000,100,15,0.8495,9530.7
CRUISE,320000,31000,100,20,0.8495,9577.7
CRUISE,320000,31000,110,-20,0.8506,9236.3
CRUISE,320000,31000,110,-15,0.8506,9283.4
CRUISE,320000,31000,110,-10,0.8506,9330.5
CRUISE,320000,31000,110,-5,0.8506,9377.6
CRUISE,320000,31000,110,0,0.8506,9424.8
CRUISE,320000,31000,110,5,0.8506,9471.9
CRUISE,320000,31000,110,10,0.8506,9519
CRUISE,320000,31000,110,15,0.8506,9566.1
CRUISE,320000,31000,110,20,0.8506,9613.3
CRUISE,320000,31000,120,-20,0.8516,9270.5
CRUISE,320000,31000,120,-15,0.8516,9317.8
CRUISE,320000,31000,120,-10,0.8516,9365.1
CRUISE,320000,31000,120,-5,0.8516,9412.4
CRUISE,320000,31000,120,0,0.8516,9459.7
CRUISE,320000,31000,120,5,0.8516,9507
CRUISE,320000,31000,120,10,0.8516,9554.3
CRUISE,320000,31000,120,15,0.8516,9601.6
CRUISE,320000,31000,120,20,0.8516,9648.9
CRUISE,320000,31000,130,-20,0.8527,9304.8
CRUISE,320000,31000,130,-15,0.8527,9352.3
CRUISE,320000,31000,130,-10,0.8527,9399.8
CRUISE,320000,31000,130,-5,0.8527,9447.3
CRUISE,320000,31000,130,0,0.8527,9494.7
CRUISE,320000,31000,130,5,0.8527,9542.2
CRUISE,320000,31000,130,10,0.8527,9589.7
CRUISE,320000,31000,130,15,0.8527,9637.2
CRUISE,320000,31000,130,20,0.8527,9684.6
CRUISE,320000,31000,140,-20,0.8537,9339.3
CRUISE,320000,31000,140,-15,0.8537,9386.9
CRUISE,320000,31000,140,-10,0.8537,9434.6
CRUISE,320000,31000,140,-5,0.8537,9482.2
CRUISE,320000,31000,140,0,0.8537,9529.9
CRUISE,320000,31000,140,5,0.8537,9577.5
CRUISE,320000,31000,140,10,0.8537,9625.2
CRUISE,320000,31000,140,15,0.8537,9672.8
CRUISE,320000,31000,140,20,0.8537,9720.5
CRUISE,320000,31000,150,-20,0.8548,9373.8
CRUISE,320000,31000,150,-15,0.8548,9421.6
CRUISE,320000,31000,150,-10,0.8548,9469.4
CRUISE,320000,31000,150,-5,0.8548,9517.2
CRUISE,320000,31000,150,0,0.8548,9565.1
CRUISE,320000,31000,150,5,0.8548,9612.9
CRUISE,320000,31000,150,10,0.8548,9660.7
CRUISE,320000,31000,150,15,0.8548,9708.5
CRUISE,320000,31000,150,20,0.8548,9756.4
CRUISE,320000,31000,160,-20,0.8558,9408.4
CRUISE,320000,31000,160,-15,0.8558,9456.4
CRUISE,320000,31000,160,-10,0.8558,9504.4
CRUISE,320000,31000,160,-5,0.8558,9552.4
CRUISE,320000,31000,160,0,0.8558,9600.4
CRUISE,320000,31000,160,5,0.8558,9648.4
CRUISE,320000,31000,160,10,0.8558,9696.4
CRUISE,320000,31000,160,15,0.8558,9744.4
CRUISE,320000,31000,160,20,0.8558,9792.4
CRUISE,320000,31000,170,-20,0.8569,9443
CRUISE,320000,31000,170,-15,0.8569,9491.2
CRUISE,320000,31000,170,-10,0.8569,9539.4
CRUISE,320000,31000,170,-5,0.8569,9587.6
CRUISE,320000,31000,170,0,0.8569,9635.7
CRUISE,320000,31000,170,5,0.8569,9683.9
CRUISE,320000,31000,170,10,0.8569,9732.1
CRUISE,320000,31000,170,15,0.8569,9780.3
CRUISE,320000,31000,170,20,0.8569,9828.5
CRUISE,320000,31000,180,-20,0.8579,9477.8
CRUISE,320000,31000,180,-15,0.8579,9526.1
CRUISE,320000,31000,180,-10,0.8579,9574.5
CRUISE,320000,31000,180,-5,0.8579,9622.9
CRUISE,320000,31000,180,0,0.8579,9671.2
CRUISE,320000,31000,180,5,0.8579,9719.6
CRUISE,320000,31000,180,10,0.8579,9767.9
CRUISE,320000,31000,180,15,0.8579,9816.3
CRUISE,320000,31000,180,20,0.8579,9864.6
CRUISE,320000,31000,190,-20,0.8589,9512.6
CRUISE,320000,31000,190,-15,0.8589,9561.2
CRUISE,320000,31000,190,-10,0.8589,9609.7
CRUISE,320000,31000,190,-5,0.8589,9658.2
CRUISE,320000,31000,190,0,0.8589,9706.8
CRUISE,320000,31000,190,5,0.8589,9755.3
CRUISE,320000,31000,190,10,0.8589,9803.8
CRUISE,320000,31000,190,15,0.8589,9852.4
CRUISE,320000,31000,190,20,0.8589,9900.9
CRUISE,320000,31000,200,-20,0.86,9547.6
CRUISE,320000,31000,200,-15,0.86,9596.3
CRUISE,320000,31000,200,-10,0.86,9645
CRUISE,320000,31000,200,-5,0.86,9693.7
CRUISE,320000,31000,200,0,0.86,9742.4
CRUISE,320000,31000,200,5,0.86,9791.1
CRUISE,320000,31000,200,10,0.86,9839.8
CRUISE,320000,31000,200,15,0.86,9888.5
CRUISE,320000,31000,200,20,0.86,9937.3
CRUISE,320000,33000,0,-20,0.833,9080.7
CRUISE,320000,33000,0,-15,0.833,9127
CRUISE,320000,33000,0,-10,0.833,9173.3
CRUISE,320000,33000,0,-5,0.833,9219.7
CRUISE,320000,33000,0,0,0.833,9266
CRUISE,320000,33000,0,5,0.833,9312.3
CRUISE,320000,33000,0,10,0.833,9358.7
CRUISE,320000,33000,0,15,0.833,9405
CRUISE,320000,33000,0,20,0.833,9451.3
CRUISE,320000,33000,10,-20,0.8343,9124.9
CRUISE,320000,33000,10,-15,0.8343,9171.5
CRUISE,320000,33000,10,-10,0.8343,9218
CRUISE,320000,33000,10,-5,0.8343,9264.6
CRUISE,320000,33000,10,0,0.8343,9311.1
CRUISE,320000,33000,10,5,0.8343,9357.7
CRUISE,320000,33000,10,10,0.8343,9404.2
CRUISE,320000,33000,10,15,0.8343,9450.8
CRUISE,320000,33000,10,20,0.8343,9497.3
CRUISE,320000,33000,20,-20,0.8357,9169.3
CRUISE,320000,33000,20,-15,0.8357,9216
CRUISE,320000,33000,20,-10,0.8357,9262.8
CRUISE,320000,33000,20,-5,0.8357,9309.6
CRUISE,320000,33000,20,0,0.8357,9356.4
CRUISE,320000,33000,20,5,0.8357,9403.2
CRUISE,320000,33000,20,10,0.8357,9450
CRUISE,320000,33000,20,15,0.8357,9496.7
CRUISE,320000,33000,20,20,0.8357,9543.5
CRUISE,320000,33000,30,-20,0.837,9213.8
CRUISE,320000,33000,30,-15,0.837,9260.8
CRUISE,320000,33000,30,-10,0.837,9307.8
CRUISE,320000,33000,30,-5,0.837,9354.8
CRUISE,320000,33000,30,0,0.837,9401.8
CRUISE,320000,33000,30,5,0.837,9448.8
CRUISE,320000,33000,30,10,0.837,9495.8
CRUISE,320000,33000,30,15,0.837,9542.8
CRUISE,320000,33000,30,20,0.837,9589.8
CRUISE,320000,33000,40,-20,0.8384,9258.4
CRUISE,320000,33000,40,-15,0.8384,9305.7
CRUISE,320000,33000,40,-10,0.8384,9352.9
CRUISE,320000,33000,40,-5,0.8384,9400.1
CRUISE,320000,33000,40,0,0.8384,9447.4
CRUISE,320000,33000,40,5,0.8384,9494.6
CRUISE,320000,33000,40,10,0.8384,9541.8
CRUISE,320000,33000,40,15,0.8384,9589.1
CRUISE,320000,33000,40,20,0.8384,9636.3
CRUISE,320000,33000,50,-20,0.8397,9303.2
CRUISE,320000,33000,50,-15,0.8397,9350.7
CRUISE,320000,33000,50,-10,0.8397,9398.2
CRUISE,320000,33000,50,-5,0.8397,9445.6
CRUISE,320000,33000,50,0,0.8397,9493.1
CRUISE,320000,33000,50,5,0.8397,9540.5
CRUISE,320000,33000,50,10,0.8397,9588
CRUISE,320000,33000,50,15,0.8397,9635.5
CRUISE,320000,33000,50,20,0.8397,9682.9
CRUISE,320000,33000,60,-20,0.8411,9348.2
CRUISE,320000,33000,60,-15,0.8411,9395.9
CRUISE,320000,33000,60,-10,0.8411,9443.6
CRUISE,320000,33000,60,-5,0.8411,9491.2
CRUISE,320000,33000,60,0,0.8411,9538.9
CRUISE,320000,33000,60,5,0.8411,9586.6
CRUISE,320000,33000,60,10,0.8411,9634.3
CRUISE,320000,33000,60,15,0.8411,9682
CRUISE,320000,33000,60,20,0.8411,9729.7
CRUISE,320000,33000,70,-20,0.8424,9393.2
CRUISE,320000,33000,70,-15,0.8424,9441.2
CRUISE,320000,33000,70,-10,0.8424,9489.1
CRUISE,320000,33000,70,-5,0.8424,9537
CRUISE,320000,33000,70,0,0.8424,9584.9
CRUISE,320000,33000,70,5,0.8424,9632.9
CRUISE,320000,33000,70,10,0.8424,9680.8
CRUISE,320000,33000,70,15,0.8424,9728.7
CRUISE,320000,33000,70,20,0.8424,9776.6
CRUISE,320000,33000,80,-20,0.8438,9438.5
CRUISE,320000,33000,80,-15,0.8438,9486.6
CRUISE,320000,33000,80,-10,0.8438,9534.8
CRUISE,320000,33000,80,-5,0.8438,9582.9
CRUISE,320000,33000,80,0,0.8438,9631.1
CRUISE,320000,33000,80,5,0.8438,9679.3
CRUISE,320000,33000,80,10,0.8438,9727.4
CRUISE,320000,33000,80,15,0.8438,9775.6
CRUISE,320000,33000,80,20,0.8438,9823.7
CRUISE,320000,33000,90,-20,0.8451,9483.9
CRUISE,320000,33000,90,-15,0.8451,9532.2
CRUISE,320000,33000,90,-10,0.8451,9580.6
CRUISE,320000,33000,90,-5,0.8451,9629
CRUISE,320000,33000,90,0,0.8451,9677.4
CRUISE,320000,33000,90,5,0.8451,9725.8
CRUISE,320000,33000,90,10,0.8451,9774.2
CRUISE,320000,33000,90,15,0.8451,9822.6
CRUISE,320000,33000,90,20,0.8451,9870.9
CRUISE,320000,33000,100,-20,0.8465,9529.4
CRUISE,320000,33000,100,-15,0.8465,9578
CRUISE,320000,33000,100,-10,0.8465,9626.6
CRUISE,320000,33000,100,-5,0.8465,9675.2
CRUISE,320000,33000,100,0,0.8465,9723.8
CRUISE,320000,33000,100,5,0.8465,9772.5
CRUISE,320000,33000,100,10,0.8465,9821.1
CRUISE,320000,33000,100,15,0.8465,9869.7
CRUISE,320000,33000,100,20,0.8465,9918.3
CRUISE,320000,33000,110,-20,0.8478,9575
CRUISE,320000,33000,110,-15,0.8478,9623.9
CRUISE,320000,33000,110,-10,0.8478,9672.7
CRUISE,320000,33000,110,-5,0.8478,9721.6
CRUISE,320000,33000,110,0,0.8478,9770.4
CRUISE,320000,33000,110,5,0.8478,9819.3
CRUISE,320000,33000,110,10,0.8478,9868.1
CRUISE,320000,33000,110,15,0.8478,9917
CRUISE,320000,33000,110,20,0.8478,9965.9
CRUISE,320000,33000,120,-20,0.8492,9620.8
CRUISE,320000,33000,120,-15,0.8492,9669.9
CRUISE,320000,33000,120,-10,0.8492,9719
CRUISE,320000,33000,120,-5,0.8492,9768.1
CRUISE,320000,33000,120,0,0.8492,9817.2
CRUISE,320000,33000,120,5,0.8492,9866.3
CRUISE,320000,33000,120,10,0.8492,9915.4
CRUISE,320000,33000,120,15,0.8492,9964.4
CRUISE,320000,33000,120,20,0.8492,10013.5
CRUISE,320000,33000,130,-20,0.8506,9666.8
CRUISE,320000,33000,130,-15,0.8506,9716.1
CRUISE,320000,33000,130,-10,0.8506,9765.4
CRUISE,320000,33000,130,-5,0.8506,9814.8
CRUISE,320000,33000,130,0,0.8506,9864.1
CRUISE,320000,33000,130,5,0.8506,9913.4
CRUISE,320000,33000,130,10,0.8506,9962.7
CRUISE,320000,33000,130,15,0.8506,10012
CRUISE,320000,33000,130,20,0.8506,10061.4
CRUISE,320000,33000,140,-20,0.8519,9712.9
CRUISE,320000,33000,140,-15,0.8519,9762.5
CRUISE,320000,33000,140,-10,0.8519,9812
CRUISE,320000,33000,140,-5,0.8519,9861.6
CRUISE,320000,33000,140,0,0.8519,9911.1
CRUISE,320000,33000,140,5,0.8519,9960.7
CRUISE,320000,33000,140,10,0.8519,10010.2
CRUISE,320000,33000,140,15,0.8519,10059.8
CRUISE,320000,33000,140,20,0.8519,10109.4
CRUISE,320000,33000,150,-20,0.8532,9759.2
CRUISE,320000,33000,150,-15,0.8532,9808.9
CRUISE,320000,33000,150,-10,0.8532,9858.7
CRUISE,320000,33000,150,-5,0.8532,9908.5
CRUISE,320000,33000,150,0,0.8532,9958.3
CRUISE,320000,33000,150,5,0.8532,10008.1
CRUISE,320000,33000,150,10,0.8532,10057.9
CRUISE,320000,33000,150,15,0.8532,10107.7
CRUISE,320000,33000,150,20,0.8532,10157.5
CRUISE,320000,33000,160,-20,0.8546,9805.6
CRUISE,320000,33000,160,-15,0.8546,9855.6
CRUISE,320000,33000,160,-10,0.8546,9905.6
CRUISE,320000,33000,160,-5,0.8546,9955.6
CRUISE,320000,33000,160,0,0.8546,10005.7
CRUISE,320000,33000,160,5,0.8546,10055.7
CRUISE,320000,33000,160,10,0.8546,10105.7
CRUISE,320000,33000,160,15,0.8546,10155.7
CRUISE,320000,33000,160,20,0.8546,10205.8
CRUISE,320000,33000,170,-20,0.8559,9852.1
CRUISE,320000,33000,170,-15,0.8559,9902.4
CRUISE,320000,33000,170,-10,0.8559,9952.6
CRUISE,320000,33000,170,-5,0.8559,10002.9
CRUISE,320000,33000,170,0,0.8559,10053.2
CRUISE,320000,33000,170,5,0.8559,10103.4
CRUISE,320000,33000,170,10,0.8559,10153.7
CRUISE,320000,33000,170,15,0.8559,10204
CRUISE,320000,33000,170,20,0.8559,10254.2
CRUISE,320000,33000,180,-20,0.8573,9898.8
CRUISE,320000,33000,180,-15,0.8573,9949.3
CRUISE,320000,33000,180,-10,0.8573,9999.8
CRUISE,320000,33000,180,-5,0.8573,10050.3
CRUISE,320000,33000,180,0,0.8573,10100.8
CRUISE,320000,33000,180,5,0.8573,10151.3
CRUISE,320000,33000,180,10,0.8573,10201.8
CRUISE,320000,33000,180,15,0.8573,10252.3
CRUISE,320000,33000,180,20,0.8573,10302.8
CRUISE,320000,33000,190,-20,0.8587,9945.6
CRUISE,320000,33000,190,-15,0.8587,9996.4
CRUISE,320000,33000,190,-10,0.8587,10047.1
CRUISE,320000,33000,190,-5,0.8587,10097.8
CRUISE,320000,33000,190,0,0.8587,10148.6
CRUISE,320000,33000,190,5,0.8587,10199.3
CRUISE,320000,33000,190,10,0.8587,10250.1
CRUISE,320000,33000,190,15,0.8587,10300.8
CRUISE,320000,33000,190,20,0.8587,10351.6
CRUISE,320000,33000,200,-20,0.86,9992.6
CRUISE,320000,33000,200,-15,0.86,10043.6
CRUISE,320000,33000,200,-10,0.86,10094.6
CRUISE,320000,33000,200,-5,0.86,10145.6
CRUISE,320000,33000,200,0,0.86,10196.5
CRUISE,320000,33000,200,5,0.86,10247.5
CRUISE,320000,33000,200,10,0.86,10298.5
CRUISE,320000,33000,200,15,0.86,10349.5
CRUISE,320000,33000,200,20,0.86,10400.5
CRUISE,340000,25000,0,-20,0.819,9688.3
CRUISE,340000,25000,0,-15,0.819,9737.7
CRUISE,340000,25000,0,-10,0.819,9787.1
CRUISE,340000,25000,0,-5,0.819,9836.6
CRUISE,340000,25000,0,0,0.819,9886
CRUISE,340000,25000,0,5,0.819,9935.4
CRUISE,340000,25000,0,10,0.819,9984.9
CRUISE,340000,25000,0,15,0.819,10034.3
CRUISE,340000,25000,0,20,0.819,10083.7
CRUISE,340000,25000,10,-20,0.821,9761.2
CRUISE,340000,25000,10,-15,0.821,9811
CRUISE,340000,25000,10,-10,0.821,9860.8
CRUISE,340000,25000,10,-5,0.821,9910.6
CRUISE,340000,25000,10,0,0.821,9960.4
CRUISE,340000,25000,10,5,0.821,10010.2
CRUISE,340000,25000,10,10,0.821,10060
CRUISE,340000,25000,10,15,0.821,10109.8
CRUISE,340000,25000,10,20,0.821,10159.6
CRUISE,340000,25000,20,-20,0.8231,9834.5
CRUISE,340000,25000,20,-15,0.8231,9884.7
CRUISE,340000,25000,20,-10,0.8231,9934.9
CRUISE,340000,25000,20,-5,0.8231,9985
CRUISE,340000,25000,20,0,0.8231,10035.2
CRUISE,340000,25000,20,5,0.8231,10085.4
CRUISE,340000,25000,20,10,0.8231,10135.6
CRUISE,340000,25000,20,15,0.8231,10185.7
CRUISE,340000,25000,20,20,0.8231,10235.9
CRUISE,340000,25000,30,-20,0.8251,9908.2
CRUISE,340000,25000,30,-15,0.8251,9958.7
CRUISE,340000,25000,30,-10,0.8251,10009.3
CRUISE,340000,25000,30,-5,0.8251,10059.8
CRUISE,340000,25000,30,0,0.8251,10110.4
CRUISE,340000,25000,30,5,0.8251,10160.9
CRUISE,340000,25000,30,10,0.8251,10211.5
CRUISE,340000,25000,30,15,0.8251,10262
CRUISE,340000,25000,30,20,0.8251,10312.6
CRUISE,340000,25000,40,-20,0.8272,9982.2
CRUISE,340000,25000,40,-15,0.8272,10033.1
CRUISE,340000,25000,40,-10,0.8272,10084.1
CRUISE,340000,25000,40,-5,0.8272,10135
CRUISE,340000,25000,40,0,0.8272,10185.9
CRUISE,340000,25000,40,5,0.8272,10236.9
CRUISE,340000,25000,40,10,0.8272,10287.8
CRUISE,340000,25000,40,15,0.8272,10338.7
CRUISE,340000,25000,40,20,0.8272,10389.6
CRUISE,340000,25000,50,-20,0.8292,10056.6
CRUISE,340000,25000,50,-15,0.8292,10107.9
CRUISE,340000,25000,50,-10,0.8292,10159.2
CRUISE,340000,25000,50,-5,0.8292,10210.5
CRUISE,340000,25000,50,0,0.8292,10261.8
CRUISE,340000,25000,50,5,0.8292,10313.2
CRUISE,340000,25000,50,10,0.8292,10364.5
CRUISE,340000,25000,50,15,0.8292,10415.8
CRUISE,340000,25000,50,20,0.8292,10467.1
CRUISE,340000,25000,60,-20,0.8313,10131.4
CRUISE,340000,25000,60,-15,0.8313,10183.1
CRUISE,340000,25000,60,-10,0.8313,10234.8
CRUISE,340000,25000,60,-5,0.8313,10286.4
CRUISE,340000,25000,60,0,0.8313,10338.1
CRUISE,340000,25000,60,5,0.8313,10389.8
CRUISE,340000,25000,60,10,0.8313,10441.5
CRUISE,340000,25000,60,15,0.8313,10493.2
CRUISE,340000,25000,60,20,0.8313,10544.9
CRUISE,340000,25000,70,-20,0.8333,10206.5
CRUISE,340000,25000,70,-15,0.8333,10258.6
CRUISE,340000,25000,70,-10,0.8333,10310.7
CRUISE,340000,25000,70,-5,0.8333,10362.7
CRUISE,340000,25000,70,0,0.8333,10414.8
CRUISE,340000,25000,70,5,0.8333,10466.9
CRUISE,340000,25000,70,10,0.8333,10519
CRUISE,340000,25000,70,15,0.8333,10571
CRUISE,340000,25000,70,20,0.8333,10623.1
CRUISE,340000,25000,80,-20,0.8354,10282
CRUISE,340000,25000,80,-15,0.8354,10334.5
CRUISE,340000,25000,80,-10,0.8354,10386.9
CRUISE,340000,25000,80,-5,0.8354,10439.4
CRUISE,340000,25000,80,0,0.8354,10491.9
CRUISE,340000,25000,80,5,0.8354,10544.3
CRUISE,340000,25000,80,10,0.8354,10596.8
CRUISE,340000,25000,80,15,0.8354,10649.2
CRUISE,340000,25000,80,20,0.8354,10701.7
CRUISE,340000,25000,90,-20,0.8374,10357.9
CRUISE,340000,25000,90,-15,0.8374,10410.7
CRUISE,340000,25000,90,-10,0.8374,10463.6
CRUISE,340000,25000,90,-5,0.8374,10516.4
CRUISE,340000,25000,90,0,0.8374,10569.3
CRUISE,340000,25000,90,5,0.8374,10622.1
CRUISE,340000,25000,90,10,0.8374,10675
CRUISE,340000,25000,90,15,0.8374,10727.8
CRUISE,340000,25000,90,20,0.8374,10780.7
CRUISE,340000,25000,100,-20,0.8395,10434.2
CRUISE,340000,25000,100,-15,0.8395,10487.4
CRUISE,340000,25000,100,-10,0.8395,10540.6
CRUISE,340000,25000,100,-5,0.8395,10593.9
CRUISE,340000,25000,100,0,0.8395,10647.1
CRUISE,340000,25000,100,5,0.8395,10700.3
CRUISE,340000,25000,100,10,0.8395,10753.6
CRUISE,340000,25000,100,15,0.8395,10806.8
CRUISE,340000,25000,100,20,0.8395,10860
CRUISE,340000,25000,110,-20,0.8416,10510.8
CRUISE,340000,25000,110,-15,0.8416,10564.4
CRUISE,340000,25000,110,-10,0.8416,10618
CRUISE,340000,25000,110,-5,0.8416,10671.7
CRUISE,340000,25000,110,0,0.8416,10725.3
CRUISE,340000,25000,110,5,0.8416,10778.9
CRUISE,340000,25000,110,10,0.8416,10832.5
CRUISE,340000,25000,110,15,0.8416,10886.2
CRUISE,340000,25000,110,20,0.8416,10939.8
CRUISE,340000,25000,120,-20,0.8436,10587.8
CRUISE,340000,25000,120,-15,0.8436,10641.8
CRUISE,340000,25000,120,-10,0.8436,10695.8
CRUISE,340000,25000,120,-5,0.8436,10749.8
CRUISE,340000,25000,120,0,0.8436,10803.9
CRUISE,340000,25000,120,5,0.8436,10857.9
CRUISE,340000,25000,120,10,0.8436,10911.9
CRUISE,340000,25000,120,15,0.8436,10965.9
CRUISE,340000,25000,120,20,0.8436,11019.9
CRUISE,340000,25000,130,-20,0.8457,10665.1
CRUISE,340000,25000,130,-15,0.8457,10719.6
CRUISE,340000,25000,130,-10,0.8457,10774
CRUISE,340000,25000,130,-5,0.8457,10828.4
CRUISE,340000,25000,130,0,0.8457,10882.8
CRUISE,340000,25000,130,5,0.8457,10937.2
CRUISE,340000,25000,130,10,0.8457,10991.6
CRUISE,340000,25000,130,15,0.8457,11046
CRUISE,340000,25000,130,20,0.8457,11100.5
CRUISE,340000,25000,140,-20,0.8477,10742.9
CRUISE,340000,25000,140,-15,0.8477,10797.7
CRUISE,340000,25000,140,-10,0.8477,10852.5
CRUISE,340000,25000,140,-5,0.8477,10907.3
CRUISE,340000,25000,140,0,0.8477,10962.1
CRUISE,340000,25000,140,5,0.8477,11017
CRUISE,340000,25000,140,10,0.8477,11071.8
CRUISE,340000,25000,140,15,0.8477,11126.6
CRUISE,340000,25000,140,20,0.8477,11181.4
CRUISE,340000,25000,150,-20,0.8498,10821
CRUISE,340000,25000,150,-15,0.8498,10876.2
CRUISE,340000,25000,150,-10,0.8498,10931.4
CRUISE,340000,25000,150,-5,0.8498,10986.7
CRUISE,340000,25000,150,0,0.8498,11041.9
CRUISE,340000,25000,150,5,0.8498,11097.1
CRUISE,340000,25000,150,10,0.8498,11152.3
CRUISE,340000,25000,150,15,0.8498,11207.5
CRUISE,340000,25000,150,20,0.8498,11262.7
CRUISE,340000,25000,160,-20,0.8518,10899.5
CRUISE,340000,25000,160,-15,0.8518,10955.1
CRUISE,340000,25000,160,-10,0.8518,11010.8
CRUISE,340000,25000,160,-5,0.8518,11066.4
CRUISE,340000,25000,160,0,0.8518,11122
CRUISE,340000,25000,160,5,0.8518,11177.6
CRUISE,340000,25000,160,10,0.8518,11233.2
CRUISE,340000,25000,160,15,0.8518,11288.8
CRUISE,340000,25000,160,20,0.8518,11344.4
CRUISE,340000,25000,170,-20,0.8538,10978.4
CRUISE,340000,25000,170,-15,0.8538,11034.4
CRUISE,340000,25000,170,-10,0.8538,11090.4
CRUISE,340000,25000,170,-5,0.8538,11146.5
CRUISE,340000,25000,170,0,0.8538,11202.5
CRUISE,340000,25000,170,5,0.8538,11258.5
CRUISE,340000,25000,170,10,0.8538,11314.5
CRUISE,340000,25000,170,15,0.8538,11370.5
CRUISE,340000,25000,170,20,0.8538,11426.5
CRUISE,340000,25000,180,-20,0.8559,11057.7
CRUISE,340000,25000,180,-15,0.8559,11114.1
CRUISE,340000,25000,180,-10,0.8559,11170.5
CRUISE,340000,25000,180,-5,0.8559,11226.9
CRUISE,340000,25000,180,0,0.8559,11283.3
CRUISE,340000,25000,180,5,0.8559,11339.8
CRUISE,340000,25000,180,10,0.8559,11396.2
CRUISE,340000,25000,180,15,0.8559,11452.6
CRUISE,340000,25000,180,20,0.8559,11509
CRUISE,340000,25000,190,-20,0.8579,11137.3
CRUISE,340000,25000,190,-15,0.8579,11194.1
CRUISE,340000,25000,190,-10,0.8579,11251
CRUISE,340000,25000,190,-5,0.8579,11307.8
CRUISE,340000,25000,190,0,0.8579,11364.6
CRUISE,340000,25000,190,5,0.8579,11421.4
CRUISE,340000,25000,190,10,0.8579,11478.3
CRUISE,340000,25000,190,15,0.8579,11535.1
CRUISE,340000,25000,190,20,0.8579,11591.9
CRUISE,340000,25000,200,-20,0.86,11217.4
CRUISE,340000,25000,200,-15,0.86,11274.6
CRUISE,340000,25000,200,-10,0.86,11331.8
CRUISE,340000,25000,200,-5,0.86,11389
CRUISE,340000,25000,200,0,0.86,11446.3
CRUISE,340000,25000,200,5,0.86,11503.5
CRUISE,340000,25000,200,10,0.86,11560.7
CRUISE,340000,25000,200,15,0.86,11618
CRUISE,340000,25000,200,20,0.86,11675.2
CRUISE,340000,27000,0,-20,0.839,9719.6
CRUISE,340000,27000,0,-15,0.839,9769.2
CRUISE,340000,27000,0,-10,0.839,9818.8
CRUISE,340000,27000,0,-5,0.839,9868.4
CRUISE,340000,27000,0,0,0.839,9918
CRUISE,340000,27000,0,5,0.839,9967.6
CRUISE,340000,27000,0,10,0.839,10017.2
CRUISE,340000,27000,0,15,0.839,10066.8
CRUISE,340000,27000,0,20,0.839,10116.4
CRUISE,340000,27000,10,-20,0.84,9756.2
CRUISE,340000,27000,10,-15,0.84,9806
CRUISE,340000,27000,10,-10,0.84,9855.7
CRUISE,340000,27000,10,-5,0.84,9905.5
CRUISE,340000,27000,10,0,0.84,9955.3
CRUISE,340000,27000,10,5,0.84,10005.1
CRUISE,340000,27000,10,10,0.84,10054.8
CRUISE,340000,27000,10,15,0.84,10104.6
CRUISE,340000,27000,10,20,0.84,10154.4
CRUISE,340000,27000,20,-20,0.8411,9792.8
CRUISE,340000,27000,20,-15,0.8411,9842.8
CRUISE,340000,27000,20,-10,0.8411,9892.7
CRUISE,340000,27000,20,-5,0.8411,9942.7
CRUISE,340000,27000,20,0,0.8411,9992.7
CRUISE,340000,27000,20,5,0.8411,10042.6
CRUISE,340000,27000,20,10,0.8411,10092.6
CRUISE,340000,27000,20,15,0.8411,10142.6
CRUISE,340000,27000,20,20,0.8411,10192.5
CRUISE,340000,27000,30,-20,0.8421,9829.5
CRUISE,340000,27000,30,-15,0.8421,9879.7
CRUISE,340000,27000,30,-10,0.8421,9929.8
CRUISE,340000,27000,30,-5,0.8421,9980
CRUISE,340000,27000,30,0,0.8421,10030.1
CRUISE,340000,27000,30,5,0.8421,10080.3
CRUISE,340000,27000,30,10,0.8421,10130.4
CRUISE,340000,27000,30,15,0.8421,10180.6
CRUISE,340000,27000,30,20,0.8421,10230.7
CRUISE,340000,27000,40,-20,0.8432,9866.3
CRUISE,340000,27000,40,-15,0.8432,9916.7
CRUISE,340000,27000,40,-10,0.8432,9967
CRUISE,340000,27000,40,-5,0.8432,10017.4
CRUISE,340000,27000,40,0,0.8432,10067.7
CRUISE,340000,27000,40,5,0.8432,10118
CRUISE,340000,27000,40,10,0.8432,10168.4
CRUISE,340000,27000,40,15,0.8432,10218.7
CRUISE,340000,27000,40,20,0.8432,10269
CRUISE,340000,27000,50,-20,0.8442,9903.2
CRUISE,340000,27000,50,-15,0.8442,9953.8
CRUISE,340000,27000,50,-10,0.8442,10004.3
CRUISE,340000,27000,50,-5,0.8442,10054.8
CRUISE,340000,27000,50,0,0.8442,10105.4
CRUISE,340000,27000,50,5,0.8442,10155.9
CRUISE,340000,27000,50,10,0.8442,10206.4
CRUISE,340000,27000,50,15,0.8442,10256.9
CRUISE,340000,27000,50,20,0.8442,10307.5
CRUISE,340000,27000,60,-20,0.8453,9940.2
CRUISE,340000,27000,60,-15,0.8453,9991
CRUISE,340000,27000,60,-10,0.8453,10041.7
CRUISE,340000,27000,60,-5,0.8453,10092.4
CRUISE,340000,27000,60,0,0.8453,10143.1
CRUISE,340000,27000,60,5,0.8453,10193.8
CRUISE,340000,27000,60,10,0.8453,10244.5
CRUISE,340000,27000,60,15,0.8453,10295.2
CRUISE,340000,27000,60,20,0.8453,10346
CRUISE,340000,27000,70,-20,0.8463,9977.3
CRUISE,340000,27000,70,-15,0.8463,10028.2
CRUISE,340000,27000,70,-10,0.8463,10079.1
CRUISE,340000,27000,70,-5,0.8463,10130
CRUISE,340000,27000,70,0,0.8463,10180.9
CRUISE,340000,27000,70,5,0.8463,10231.9
CRUISE,340000,27000,70,10,0.8463,10282.8
CRUISE,340000,27000,70,15,0.8463,10333.7
CRUISE,340000,27000,70,20,0.8463,10384.6
CRUISE,340000,27000,80,-20,0.8474,10014.5
CRUISE,340000,27000,80,-15,0.8474,10065.6
CRUISE,340000,27000,80,-10,0.8474,10116.7
CRUISE,340000,27000,80,-5,0.8474,10167.8
CRUISE,340000,27000,80,0,0.8474,10218.9
CRUISE,340000,27000,80,5,0.8474,10270
CRUISE,340000,27000,80,10,0.8474,10321.1
CRUISE,340000,27000,80,15,0.8474,10372.2
CRUISE,340000,27000,80,20,0.8474,10423.3
CRUISE,340000,27000,90,-20,0.8484,10051.8
CRUISE,340000,27000,90,-15,0.8484,10103.1
CRUISE,340000,27000,90,-10,0.8484,10154.4
CRUISE,340000,27000,90,-5,0.8484,10205.6
CRUISE,340000,27000,90,0,0.8484,10256.9
CRUISE,340000,27000,90,5,0.8484,10308.2
CRUISE,340000,27000,90,10,0.8484,10359.5
CRUISE,340000,27000,90,15,0.8484,10410.8
CRUISE,340000,27000,90,20,0.8484,10462.1
CRUISE,340000,27000,100,-20,0.8495,10089.1
CRUISE,340000,27000,100,-15,0.8495,10140.6
CRUISE,340000,27000,100,-10,0.8495,10192.1
CRUISE,340000,27000,100,-5,0.8495,10243.6
CRUISE,340000,27000,100,0,0.8495,10295
CRUISE,340000,27000,100,5,0.8495,10346.5
CRUISE,340000,27000,100,10,0.8495,10398
CRUISE,340000,27000,100,15,0.8495,10449.5
CRUISE,340000,27000,100,20,0.8495,10500.9
CRUISE,340000,27000,110,-20,0.8506,10126.6
CRUISE,340000,27000,110,-15,0.8506,10178.3
CRUISE,340000,27000,110,-10,0.8506,10229.9
CRUISE,340000,27000,110,-5,0.8506,10281.6
CRUISE,340000,27000,110,0,0.8506,10333.3
CRUISE,340000,27000,110,5,0.8506,10384.9
CRUISE,340000,27000,110,10,0.8506,10436.6
CRUISE,340000,27000,110,15,0.8506,10488.3
CRUISE,340000,27000,110,20,0.8506,10539.9
CRUISE,340000,27000,120,-20,0.8516,10164.2
CRUISE,340000,27000,120,-15,0.8516,10216
CRUISE,340000,27000,120,-10,0.8516,10267.9
CRUISE,340000,27000,120,-5,0.8516,10319.7
CRUISE,340000,27000,120,0,0.8516,10371.6
CRUISE,340000,27000,120,5,0.8516,10423.4
CRUISE,340000,27000,120,10,0.8516,10475.3
CRUISE,340000,27000,120,15,0.8516,10527.2
CRUISE,340000,27000,120,20,0.8516,10579
CRUISE,340000,27000,130,-20,0.8527,10201.8
CRUISE,340000,27000,130,-15,0.8527,10253.8
CRUISE,340000,27000,130,-10,0.8527,10305.9
CRUISE,340000,27000,130,-5,0.8527,10357.9
CRUISE,340000,27000,130,0,0.8527,10410
CRUISE,340000,27000,130,5,0.8527,10462
CRUISE,340000,27000,130,10,0.8527,10514.1
CRUISE,340000,27000,130,15,0.8527,10566.1
CRUISE,340000,27000,130,20,0.8527,10618.2
CRUISE,340000,27000,140,-20,0.8537,10239.5
CRUISE,340000,27000,140,-15,0.8537,10291.8
CRUISE,340000,27000,140,-10,0.8537,10344
CRUISE,340000,27000,140,-5,0.8537,10396.3
CRUISE,340000,27000,140,0,0.8537,10448.5
CRUISE,340000,27000,140,5,0.8537,10500.7
CRUISE,340000,27000,140,10,0.8537,10553
CRUISE,340000,27000,140,15,0.8537,10605.2
CRUISE,340000,27000,140,20,0.8537,10657.5
CRUISE,340000,27000,150,-20,0.8548,10277.4
CRUISE,340000,27000,150,-15,0.8548,10329.8
CRUISE,340000,27000,150,-10,0.8548,10382.2
CRUISE,340000,27000,150,-5,0.8548,10434.7
CRUISE,340000,27000,150,0,0.8548,10487.1
CRUISE,340000,27000,150,5,0.8548,10539.5
CRUISE,340000,27000,150,10,0.8548,10592
CRUISE,340000,27000,150,15,0.8548,10644.4
CRUISE,340000,27000,150,20,0.8548,10696.8
CRUISE,340000,27000,160,-20,0.8558,10315.3
CRUISE,340000,27000,160,-15,0.8558,10367.9
CRUISE,340000,27000,160,-10,0.8558,10420.5
CRUISE,340000,27000,160,-5,0.8558,10473.2
CRUISE,340000,27000,160,0,0.8558,10525.8
CRUISE,340000,27000,160,5,0.8558,10578.4
CRUISE,340000,27000,160,10,0.8558,10631.1
CRUISE,340000,27000,160,15,0.8558,10683.7
CRUISE,340000,27000,160,20,0.8558,10736.3
CRUISE,340000,27000,170,-20,0.8569,10353.3
CRUISE,340000,27000,170,-15,0.8569,10406.1
CRUISE,340000,27000,170,-10,0.8569,10458.9
CRUISE,340000,27000,170,-5,0.8569,10511.8
CRUISE,340000,27000,170,0,0.8569,10564.6
CRUISE,340000,27000,170,5,0.8569,10617.4
CRUISE,340000,27000,170,10,0.8569,10670.2
CRUISE,340000,27000,170,15,0.8569,10723.1
CRUISE,340000,27000,170,20,0.8569,10775.9
CRUISE,340000,27000,180,-20,0.8579,10391.4
CRUISE,340000,27000,180,-15,0.8579,10444.4
CRUISE,340000,27000,180,-10,0.8579,10497.4
CRUISE,340000,27000,180,-5,0.8579,10550.5
CRUISE,340000,27000,180,0,0.8579,10603.5
CRUISE,340000,27000,180,5,0.8579,10656.5
CRUISE,340000,27000,180,10,0.8579,10709.5
CRUISE,340000,27000,180,15,0.8579,10762.5
CRUISE,340000,27000,180,20,0.8579,10815.5
CRUISE,340000,27000,190,-20,0.8589,10429.6
CRUISE,340000,27000,190,-15,0.8589,10482.8
CRUISE,340000,27000,190,-10,0.8589,10536
CRUISE,340000,27000,190,-5,0.8589,10589.2
CRUISE,340000,27000,190,0,0.8589,10642.5
CRUISE,340000,27000,190,5,0.8589,10695.7
CRUISE,340000,27000,190,10,0.8589,10748.9
CRUISE,340000,27000,190,15,0.8589,10802.1
CRUISE,340000,27000,190,20,0.8589,10855.3
CRUISE,340000,27000,200,-20,0.86,10467.9
CRUISE,340000,27000,200,-15,0.86,10521.3
CRUISE,340000,27000,200,-10,0.86,10574.7
CRUISE,340000,27000,200,-5,0.86,10628.1
CRUISE,340000,27000,200,0,0.86,10681.5
CRUISE,340000,27000,200,5,0.86,10734.9
CRUISE,340000,27000,200,10,0.86,10788.3
CRUISE,340000,27000,200,15,0.86,10841.8
CRUISE,340000,27000,200,20,0.86,10895.2
CRUISE,340000,29000,0,-20,0.84,9555
CRUISE,340000,29000,0,-15,0.84,9603.8
CRUISE,340000,29000,0,-10,0.84,9652.5
CRUISE,340000,29000,0,-5,0.84,9701.2
CRUISE,340000,29000,0,0,0.84,9750
CRUISE,340000,29000,0,5,0.84,9798.7
CRUISE,340000,29000,0,10,0.84,9847.5
CRUISE,340000,29000,0,15,0.84,9896.2
CRUISE,340000,29000,0,20,0.84,9945
CRUISE,340000,29000,10,-20,0.841,9589.2
CRUISE,340000,29000,10,-15,0.841,9638.1
CRUISE,340000,29000,10,-10,0.841,9687
CRUISE,340000,29000,10,-5,0.841,9735.9
CRUISE,340000,29000,10,0,0.841,9784.9
CRUISE,340000,29000,10,5,0.841,9833.8
CRUISE,340000,29000,10,10,0.841,9882.7
CRUISE,340000,29000,10,15,0.841,9931.6
CRUISE,340000,29000,10,20,0.841,9980.6
CRUISE,340000,29000,20,-20,0.842,9623.4
CRUISE,340000,29000,20,-15,0.842,9672.5
CRUISE,340000,29000,20,-10,0.842,9721.6
CRUISE,340000,29000,20,-5,0.842,9770.7
CRUISE,340000,29000,20,0,0.842,9819.8
CRUISE,340000,29000,20,5,0.842,9868.9
CRUISE,340000,29000,20,10,0.842,9918
CRUISE,340000,29000,20,15,0.842,9967.1
CRUISE,340000,29000,20,20,0.842,10016.2
CRUISE,340000,29000,30,-20,0.843,9657.7
CRUISE,340000,29000,30,-15,0.843,9707
CRUISE,340000,29000,30,-10,0.843,9756.3
CRUISE,340000,29000,30,-5,0.843,9805.6
CRUISE,340000,29000,30,0,0.843,9854.8
CRUISE,340000,29000,30,5,0.843,9904.1
CRUISE,340000,29000,30,10,0.843,9953.4
CRUISE,340000,29000,30,15,0.843,10002.7
CRUISE,340000,29000,30,20,0.843,10051.9
CRUISE,340000,29000,40,-20,0.844,9692.2
CRUISE,340000,29000,40,-15,0.844,9741.6
CRUISE,340000,29000,40,-10,0.844,9791.1
CRUISE,340000,29000,40,-5,0.844,9840.5
CRUISE,340000,29000,40,0,0.844,9890
CRUISE,340000,29000,40,5,0.844,9939.4
CRUISE,340000,29000,40,10,0.844,9988.8
CRUISE,340000,29000,40,15,0.844,10038.3
CRUISE,340000,29000,40,20,0.844,10087.7
CRUISE,340000,29000,50,-20,0.845,9726.6
CRUISE,340000,29000,50,-15,0.845,9776.3
CRUISE,340000,29000,50,-10,0.845,9825.9
CRUISE,340000,29000,50,-5,0.845,9875.5
CRUISE,340000,29000,50,0,0.845,9925.1
CRUISE,340000,29000,50,5,0.845,9974.8
CRUISE,340000,29000,50,10,0.845,10024.4
CRUISE,340000,29000,50,15,0.845,10074
CRUISE,340000,29000,50,20,0.845,10123.6
CRUISE,340000,29000,60,-20,0.846,9761.2
CRUISE,340000,29000,60,-15,0.846,9811
CRUISE,340000,29000,60,-10,0.846,9860.8
CRUISE,340000,29000,60,-5,0.846,9910.6
CRUISE,340000,29000,60,0,0.846,9960.4
CRUISE,340000,29000,60,5,0.846,10010.2
CRUISE,340000,29000,60,10,0.846,10060
CRUISE,340000,29000,60,15,0.846,10109.8
CRUISE,340000,29000,60,20,0.846,10159.6
CRUISE,340000,29000,70,-20,0.847,9795.9
CRUISE,340000,29000,70,-15,0.847,9845.9
CRUISE,340000,29000,70,-10,0.847,9895.8
CRUISE,340000,29000,70,-5,0.847,9945.8
CRUISE,340000,29000,70,0,0.847,9995.8
CRUISE,340000,29000,70,5,0.847,10045.8
CRUISE,340000,29000,70,10,0.847,10095.7
CRUISE,340000,29000,70,15,0.847,10145.7
CRUISE,340000,29000,70,20,0.847,10195.7
CRUISE,340000,29000,80,-20,0.848,9830.6
CRUISE,340000,29000,80,-15,0.848,9880.8
CRUISE,340000,29000,80,-10,0.848,9930.9
CRUISE,340000,29000,80,-5,0.848,9981.1
CRUISE,340000,29000,80,0,0.848,10031.2
CRUISE,340000,29000,80,5,0.848,10081.4
CRUISE,340000,29000,80,10,0.848,10131.5
CRUISE,340000,29000,80,15,0.848,10181.7
CRUISE,340000,29000,80,20,0.848,10231.9
CRUISE,340000,29000,90,-20,0.849,9865.4
CRUISE,340000,29000,90,-15,0.849,9915.8
CRUISE,340000,29000,90,-10,0.849,9966.1
CRUISE,340000,29000,90,-5,0.849,10016.4
CRUISE,340000,29000,90,0,0.849,10066.8
CRUISE,340000,29000,90,5,0.849,10117.1
CRUISE,340000,29000,90,10,0.849,10167.4
CRUISE,340000,29000,90,15,0.849,10217.8
CRUISE,340000,29000,90,20,0.849,10268.1
CRUISE,340000,29000,100,-20,0.85,9900.3
CRUISE,340000,29000,100,-15,0.85,9950.8
CRUISE,340000,29000,100,-10,0.85,10001.4
CRUISE,340000,29000,100,-5,0.85,10051.9
CRUISE,340000,29000,100,0,0.85,10102.4
CRUISE,340000,29000,100,5,0.85,10152.9
CRUISE,340000,29000,100,10,0.85,10203.4
CRUISE,340000,29000,100,15,0.85,10253.9
CRUISE,340000,29000,100,20,0.85,10304.4
CRUISE,340000,29000,110,-20,0.851,9935.3
CRUISE,340000,29000,110,-15,0.851,9986
CRUISE,340000,29000,110,-10,0.851,10036.7
CRUISE,340000,29000,110,-5,0.851,10087.4
CRUISE,340000,29000,110,0,0.851,10138.1
CRUISE,340000,29000,110,5,0.851,10188.8
CRUISE,340000,29000,110,10,0.851,10239.5
CRUISE,340000,29000,110,15,0.851,10290.1
CRUISE,340000,29000,110,20,0.851,10340.8
CRUISE,340000,29000,120,-20,0.852,9970.4
CRUISE,340000,29000,120,-15,0.852,10021.2
CRUISE,340000,29000,120,-10,0.852,10072.1
CRUISE,340000,29000,120,-5,0.852,10123
CRUISE,340000,29000,120,0,0.852,10173.9
CRUISE,340000,29000,120,5,0.852,10224.7
CRUISE,340000,29000,120,10,0.852,10275.6
CRUISE,340000,29000,120,15,0.852,10326.5
CRUISE,340000,29000,120,20,0.852,10377.3
CRUISE,340000,29000,130,-20,0.853,10005.5
CRUISE,340000,29000,130,-15,0.853,10056.6
CRUISE,340000,29000,130,-10,0.853,10107.6
CRUISE,340000,29000,130,-5,0.853,10158.7
CRUISE,340000,29000,130,0,0.853,10209.7
CRUISE,340000,29000,130,5,0.853,10260.8
CRUISE,340000,29000,130,10,0.853,10311.8
CRUISE,340000,29000,130,15,0.853,10362.9
CRUISE,340000,29000,130,20,0.853,10413.9
CRUISE,340000,29000,140,-20,0.854,10040.8
CRUISE,340000,29000,140,-15,0.854,10092
CRUISE,340000,29000,140,-10,0.854,10143.2
CRUISE,340000,29000,140,-5,0.854,10194.4
CRUISE,340000,29000,140,0,0.854,10245.7
CRUISE,340000,29000,140,5,0.854,10296.9
CRUISE,340000,29000,140,10,0.854,10348.1
CRUISE,340000,29000,140,15,0.854,10399.4
CRUISE,340000,29000,140,20,0.854,10450.6
CRUISE,340000,29000,150,-20,0.855,10076.1
CRUISE,340000,29000,150,-15,0.855,10127.5
CRUISE,340000,29000,150,-10,0.855,10178.9
CRUISE,340000,29000,150,-5,0.855,10230.3
CRUISE,340000,29000,150,0,0.855,10281.7
CRUISE,340000,29000,150,5,0.855,10333.1
CRUISE,340000,29000,150,10,0.855,10384.5
CRUISE,340000,29000,150,15,0.855,10435.9
CRUISE,340000,29000,150,20,0.855,10487.3
CRUISE,340000,29000,160,-20,0.856,10111.5
CRUISE,340000,29000,160,-15,0.856,10163.1
CRUISE,340000,29000,160,-10,0.856,10214.6
CRUISE,340000,29000,160,-5,0.856,10266.2
CRUISE,340000,29000,160,0,0.856,10317.8
CRUISE,340000,29000,160,5,0.856,10369.4
CRUISE,340000,29000,160,10,0.856,10421
CRUISE,340000,29000,160,15,0.856,10472.6
CRUISE,340000,29000,160,20,0.856,10524.2
CRUISE,340000,29000,170,-20,0.857,10146.9
CRUISE,340000,29000,170,-15,0.857,10198.7
CRUISE,340000,29000,170,-10,0.857,10250.5
CRUISE,340000,29000,170,-5,0.857,10302.3
CRUISE,340000,29000,170,0,0.857,10354
CRUISE,340000,29000,170,5,0.857,10405.8
CRUISE,340000,29000,170,10,0.857,10457.6
CRUISE,340000,29000,170,15,0.857,10509.3
CRUISE,340000,29000,170,20,0.857,10561.1
CRUISE,340000,29000,180,-20,0.858,10182.5
CRUISE,340000,29000,180,-15,0.858,10234.5
CRUISE,340000,29000,180,-10,0.858,10286.4
CRUISE,340000,29000,180,-5,0.858,10338.4
CRUISE,340000,29000,180,0,0.858,10390.3
CRUISE,340000,29000,180,5,0.858,10442.3
CRUISE,340000,29000,180,10,0.858,10494.2
CRUISE,340000,29000,180,15,0.858,10546.2
CRUISE,340000,29000,180,20,0.858,10598.1
CRUISE,340000,29000,190,-20,0.859,10218.2
CRUISE,340000,29000,190,-15,0.859,10270.3
CRUISE,340000,29000,190,-10,0.859,10322.4
CRUISE,340000,29000,190,-5,0.859,10374.6
CRUISE,340000,29000,190,0,0.859,10426.7
CRUISE,340000,29000,190,5,0.859,10478.8
CRUISE,340000,29000,190,10,0.859,10531
CRUISE,340000,29000,190,15,0.859,10583.1
CRUISE,340000,29000,190,20,0.859,10635.2
CRUISE,340000,29000,200,-20,0.86,10253.9
CRUISE,340000,29000,200,-15,0.86,10306.2
CRUISE,340000,29000,200,-10,0.86,10358.5
CRUISE,340000,29000,200,-5,0.86,10410.8
CRUISE,340000,29000,200,0,0.86,10463.1
CRUISE,340000,29000,200,5,0.86,10515.5
CRUISE,340000,29000,200,10,0.86,10567.8
CRUISE,340000,29000,200,15,0.86,10620.1
CRUISE,340000,29000,200,20,0.86,10672.4
CRUISE,340000,31000,0,-20,0.835,9623.6
CRUISE,340000,31000,0,-15,0.835,9672.7
CRUISE,340000,31000,0,-10,0.835,9721.8
CRUISE,340000,31000,0,-5,0.835,9770.9
CRUISE,340000,31000,0,0,0.835,9820
CRUISE,340000,31000,0,5,0.835,9869.1
CRUISE,340000,31000,0,10,0.835,9918.2
CRUISE,340000,31000,0,15,0.835,9967.3
CRUISE,340000,31000,0,20,0.835,10016.4
CRUISE,340000,31000,10,-20,0.8362,9666.9
CRUISE,340000,31000,10,-15,0.8362,9716.2
CRUISE,340000,31000,10,-10,0.8362,9765.5
CRUISE,340000,31000,10,-5,0.8362,9814.8
CRUISE,340000,31000,10,0,0.8362,9864.2
CRUISE,340000,31000,10,5,0.8362,9913.5
CRUISE,340000,31000,10,10,0.8362,9962.8
CRUISE,340000,31000,10,15,0.8362,10012.1
CRUISE,340000,31000,10,20,0.8362,10061.5
CRUISE,340000,31000,20,-20,0.8375,9710.3
CRUISE,340000,31000,20,-15,0.8375,9759.8
CRUISE,340000,31000,20,-10,0.8375,9809.4
CRUISE,340000,31000,20,-5,0.8375,9858.9
CRUISE,340000,31000,20,0,0.8375,9908.5
CRUISE,340000,31000,20,5,0.8375,9958
CRUISE,340000,31000,20,10,0.8375,10007.6
CRUISE,340000,31000,20,15,0.8375,10057.1
CRUISE,340000,31000,20,20,0.8375,10106.6
CRUISE,340000,31000,30,-20,0.8387,9753.8
CRUISE,340000,31000,30,-15,0.8387,9803.6
CRUISE,340000,31000,30,-10,0.8387,9853.4
CRUISE,340000,31000,30,-5,0.8387,9903.1
CRUISE,340000,31000,30,0,0.8387,9952.9
CRUISE,340000,31000,30,5,0.8387,10002.7
CRUISE,340000,31000,30,10,0.8387,10052.4
CRUISE,340000,31000,30,15,0.8387,10102.2
CRUISE,340000,31000,30,20,0.8387,10152
CRUISE,340000,31000,40,-20,0.84,9797.5
CRUISE,340000,31000,40,-15,0.84,9847.5
CRUISE,340000,31000,40,-10,0.84,9897.5
CRUISE,340000,31000,40,-5,0.84,9947.5
CRUISE,340000,31000,40,0,0.84,9997.5
CRUISE,340000,31000,40,5,0.84,10047.5
CRUISE,340000,31000,40,10,0.84,10097.4
CRUISE,340000,31000,40,15,0.84,10147.4
CRUISE,340000,31000,40,20,0.84,10197.4
CRUISE,340000,31000,50,-20,0.8412,9841.3
CRUISE,340000,31000,50,-15,0.8412,9891.5
CRUISE,340000,31000,50,-10,0.8412,9941.7
CRUISE,340000,31000,50,-5,0.8412,9992
CRUISE,340000,31000,50,0,0.8412,10042.2
CRUISE,340000,31000,50,5,0.8412,10092.4
CRUISE,340000,31000,50,10,0.8412,10142.6
CRUISE,340000,31000,50,15,0.8412,10192.8
CRUISE,340000,31000,50,20,0.8412,10243
CRUISE,340000,31000,60,-20,0.8425,9885.3
CRUISE,340000,31000,60,-15,0.8425,9935.7
CRUISE,340000,31000,60,-10,0.8425,9986.1
CRUISE,340000,31000,60,-5,0.8425,10036.6
CRUISE,340000,31000,60,0,0.8425,10087
CRUISE,340000,31000,60,5,0.8425,10137.4
CRUISE,340000,31000,60,10,0.8425,10187.9
CRUISE,340000,31000,60,15,0.8425,10238.3
CRUISE,340000,31000,60,20,0.8425,10288.7
CRUISE,340000,31000,70,-20,0.8438,9929.3
CRUISE,340000,31000,70,-15,0.8438,9980
CRUISE,340000,31000,70,-10,0.8438,10030.6
CRUISE,340000,31000,70,-5,0.8438,10081.3
CRUISE,340000,31000,70,0,0.8438,10132
CRUISE,340000,31000,70,5,0.8438,10182.6
CRUISE,340000,31000,70,10,0.8438,10233.3
CRUISE,340000,31000,70,15,0.8438,10283.9
CRUISE,340000,31000,70,20,0.8438,10334.6
CRUISE,340000,31000,80,-20,0.845,9973.5
CRUISE,340000,31000,80,-15,0.845,10024.4
CRUISE,340000,31000,80,-10,0.845,10075.3
CRUISE,340000,31000,80,-5,0.845,10126.2
CRUISE,340000,31000,80,0,0.845,10177.1
CRUISE,340000,31000,80,5,0.845,10227.9
CRUISE,340000,31000,80,10,0.845,10278.8
CRUISE,340000,31000,80,15,0.845,10329.7
CRUISE,340000,31000,80,20,0.845,10380.6
CRUISE,340000,31000,90,-20,0.8462,10017.8
CRUISE,340000,31000,90,-15,0.8462,10069
CRUISE,340000,31000,90,-10,0.8462,10120.1
CRUISE,340000,31000,90,-5,0.8462,10171.2
CRUISE,340000,31000,90,0,0.8462,10222.3
CRUISE,340000,31000,90,5,0.8462,10273.4
CRUISE,340000,31000,90,10,0.8462,10324.5
CRUISE,340000,31000,90,15,0.8462,10375.6
CRUISE,340000,31000,90,20,0.8462,10426.7
CRUISE,340000,31000,100,-20,0.8475,10062.3
CRUISE,340000,31000,100,-15,0.8475,10113.6
CRUISE,340000,31000,100,-10,0.8475,10165
CRUISE,340000,31000,100,-5,0.8475,10216.3
CRUISE,340000,31000,100,0,0.8475,10267.7
CRUISE,340000,31000,100,5,0.8475,10319
CRUISE,340000,31000,100,10,0.8475,10370.3
CRUISE,340000,31000,100,15,0.8475,10421.7
CRUISE,340000,31000,100,20,0.8475,10473
CRUISE,340000,31000,110,-20,0.8488,10106.9
CRUISE,340000,31000,110,-15,0.8488,10158.5
CRUISE,340000,31000,110,-10,0.8488,10210
CRUISE,340000,31000,110,-5,0.8488,10261.6
CRUISE,340000,31000,110,0,0.8488,10313.2
CRUISE,340000,31000,110,5,0.8488,10364.7
CRUISE,340000,31000,110,10,0.8488,10416.3
CRUISE,340000,31000,110,15,0.8488,10467.8
CRUISE,340000,31000,110,20,0.8488,10519.4
CRUISE,340000,31000,120,-20,0.85,10151.6
CRUISE,340000,31000,120,-15,0.85,10203.4
CRUISE,340000,31000,120,-10,0.85,10255.2
CRUISE,340000,31000,120,-5,0.85,10307
CRUISE,340000,31000,120,0,0.85,10358.8
CRUISE,340000,31000,120,5,0.85,10410.6
CRUISE,340000,31000,120,10,0.85,10462.4
CRUISE,340000,31000,120,15,0.85,10514.2
CRUISE,340000,31000,120,20,0.85,10566
CRUISE,340000,31000,130,-20,0.8512,10196.5
CRUISE,340000,31000,130,-15,0.8512,10248.5
CRUISE,340000,31000,130,-10,0.8512,10300.5
CRUISE,340000,31000,130,-5,0.8512,10352.5
CRUISE,340000,31000,130,0,0.8512,10404.6
CRUISE,340000,31000,130,5,0.8512,10456.6
CRUISE,340000,31000,130,10,0.8512,10508.6
CRUISE,340000,31000,130,15,0.8512,10560.6
CRUISE,340000,31000,130,20,0.8512,10612.6
CRUISE,340000,31000,140,-20,0.8525,10241.4
CRUISE,340000,31000,140,-15,0.8525,10293.7
CRUISE,340000,31000,140,-10,0.8525,10346
CRUISE,340000,31000,140,-5,0.8525,10398.2
CRUISE,340000,31000,140,0,0.8525,10450.5
CRUISE,340000,31000,140,5,0.8525,10502.7
CRUISE,340000,31000,140,10,0.8525,10555
CRUISE,340000,31000,140,15,0.8525,10607.2
CRUISE,340000,31000,140,20,0.8525,10659.5
CRUISE,340000,31000,150,-20,0.8538,10286.6
CRUISE,340000,31000,150,-15,0.8538,10339
CRUISE,340000,31000,150,-10,0.8538,10391.5
CRUISE,340000,31000,150,-5,0.8538,10444
CRUISE,340000,31000,150,0,0.8538,10496.5
CRUISE,340000,31000,150,5,0.8538,10549
CRUISE,340000,31000,150,10,0.8538,10601.5
CRUISE,340000,31000,150,15,0.8538,10653.9
CRUISE,340000,31000,150,20,0.8538,10706.4
CRUISE,340000,31000,160,-20,0.855,10331.8
CRUISE,340000,31000,160,-15,0.855,10384.5
CRUISE,340000,31000,160,-10,0.855,10437.2
CRUISE,340000,31000,160,-5,0.855,10490
CRUISE,340000,31000,160,0,0.855,10542.7
CRUISE,340000,31000,160,5,0.855,10595.4
CRUISE,340000,31000,160,10,0.855,10648.1
CRUISE,340000,31000,160,15,0.855,10700.8
CRUISE,340000,31000,160,20,0.855,10753.5
CRUISE,340000,31000,170,-20,0.8562,10377.2
CRUISE,340000,31000,170,-15,0.8562,10430.1
CRUISE,340000,31000,170,-10,0.8562,10483.1
CRUISE,340000,31000,170,-5,0.8562,10536
CRUISE,340000,31000,170,0,0.8562,10589
CRUISE,340000,31000,170,5,0.8562,10641.9
CRUISE,340000,31000,170,10,0.8562,10694.9
CRUISE,340000,31000,170,15,0.8562,10747.8
CRUISE,340000,31000,170,20,0.8562,10800.8
CRUISE,340000,31000,180,-20,0.8575,10422.7
CRUISE,340000,31000,180,-15,0.8575,10475.9
CRUISE,340000,31000,180,-10,0.8575,10529.1
CRUISE,340000,31000,180,-5,0.8575,10582.2
CRUISE,340000,31000,180,0,0.8575,10635.4
CRUISE,340000,31000,180,5,0.8575,10688.6
CRUISE,340000,31000,180,10,0.8575,10741.8
CRUISE,340000,31000,180,15,0.8575,10794.9
CRUISE,340000,31000,180,20,0.8575,10848.1
CRUISE,340000,31000,190,-20,0.8588,10468.4
CRUISE,340000,31000,190,-15,0.8588,10521.8
CRUISE,340000,31000,190,-10,0.8588,10575.2
CRUISE,340000,31000,190,-5,0.8588,10628.6
CRUISE,340000,31000,190,0,0.8588,10682
CRUISE,340000,31000,190,5,0.8588,10735.4
CRUISE,340000,31000,190,10,0.8588,10788.8
CRUISE,340000,31000,190,15,0.8588,10842.2
CRUISE,340000,31000,190,20,0.8588,10895.6
CRUISE,340000,31000,200,-20,0.86,10514.1
CRUISE,340000,31000,200,-15,0.86,10567.8
CRUISE,340000,31000,200,-10,0.86,10621.4
CRUISE,340000,31000,200,-5,0.86,10675.1
CRUISE,340000,31000,200,0,0.86,10728.7
CRUISE,340000,31000,200,5,0.86,10782.4
CRUISE,340000,31000,200,10,0.86,10836
CRUISE,340000,31000,200,15,0.86,10889.6
CRUISE,340000,31000,200,20,0.86,10943.3
CRUISE,360000,25000,0,-20,0.819,10072.4
CRUISE,360000,25000,0,-15,0.819,10123.8
CRUISE,360000,25000,0,-10,0.819,10175.2
CRUISE,360000,25000,0,-5,0.819,10226.6
CRUISE,360000,25000,0,0,0.819,10278
CRUISE,360000,25000,0,5,0.819,10329.4
CRUISE,360000,25000,0,10,0.819,10380.8
CRUISE,360000,25000,0,15,0.819,10432.2
CRUISE,360000,25000,0,20,0.819,10483.6
CRUISE,360000,25000,10,-20,0.821,10148.3
CRUISE,360000,25000,10,-15,0.821,10200
CRUISE,360000,25000,10,-10,0.821,10251.8
CRUISE,360000,25000,10,-5,0.821,10303.6
CRUISE,360000,25000,10,0,0.821,10355.4
CRUISE,360000,25000,10,5,0.821,10407.1
CRUISE,360000,25000,10,10,0.821,10458.9
CRUISE,360000,25000,10,15,0.821,10510.7
CRUISE,360000,25000,10,20,0.821,10562.5
CRUISE,360000,25000,20,-20,0.8231,10224.5
CRUISE,360000,25000,20,-15,0.8231,10276.6
CRUISE,360000,25000,20,-10,0.8231,10328.8
CRUISE,360000,25000,20,-5,0.8231,10381
CRUISE,360000,25000,20,0,0.8231,10433.1
CRUISE,360000,25000,20,5,0.8231,10485.3
CRUISE,360000,25000,20,10,0.8231,10537.5
CRUISE,360000,25000,20,15,0.8231,10589.6
CRUISE,360000,25000,20,20,0.8231,10641.8
CRUISE,360000,25000,30,-20,0.8251,10301.1
CRUISE,360000,25000,30,-15,0.8251,10353.6
CRUISE,360000,25000,30,-10,0.8251,10406.2
CRUISE,360000,25000,30,-5,0.8251,10458.7
CRUISE,360000,25000,30,0,0.8251,10511.3
CRUISE,360000,25000,30,5,0.8251,10563.8
CRUISE,360000,25000,30,10,0.8251,10616.4
CRUISE,360000,25000,30,15,0.8251,10668.9
CRUISE,360000,25000,30,20,0.8251,10721.5
CRUISE,360000,25000,40,-20,0.8272,10378
CRUISE,360000,25000,40,-15,0.8272,10431
CRUISE,360000,25000,40,-10,0.8272,10483.9
CRUISE,360000,25000,40,-5,0.8272,10536.9
CRUISE,360000,25000,40,0,0.8272,10589.8
CRUISE,360000,25000,40,5,0.8272,10642.8
CRUISE,360000,25000,40,10,0.8272,10695.7
CRUISE,360000,25000,40,15,0.8272,10748.7
CRUISE,360000,25000,40,20,0.8272,10801.6
CRUISE,360000,25000,50,-20,0.8292,10455.4
CRUISE,360000,25000,50,-15,0.8292,10508.7
CRUISE,360000,25000,50,-10,0.8292,10562.1
CRUISE,360000,25000,50,-5,0.8292,10615.4
CRUISE,360000,25000,50,0,0.8292,10668.7
CRUISE,360000,25000,50,5,0.8292,10722.1
CRUISE,360000,25000,50,10,0.8292,10775.4
CRUISE,360000,25000,50,15,0.8292,10828.8
CRUISE,360000,25000,50,20,0.8292,10882.1
CRUISE,360000,25000,60,-20,0.8313,10533.1
CRUISE,360000,25000,60,-15,0.8313,10586.8
CRUISE,360000,25000,60,-10,0.8313,10640.6
CRUISE,360000,25000,60,-5,0.8313,10694.3
CRUISE,360000,25000,60,0,0.8313,10748.1
CRUISE,360000,25000,60,5,0.8313,10801.8
CRUISE,360000,25000,60,10,0.8313,10855.5
CRUISE,360000,25000,60,15,0.8313,10909.3
CRUISE,360000,25000,60,20,0.8313,10963
CRUISE,360000,25000,70,-20,0.8333,10611.2
CRUISE,360000,25000,70,-15,0.8333,10665.4
CRUISE,360000,25000,70,-10,0.8333,10719.5
CRUISE,360000,25000,70,-5,0.8333,10773.6
CRUISE,360000,25000,70,0,0.8333,10827.8
CRUISE,360000,25000,70,5,0.8333,10881.9
CRUISE,360000,25000,70,10,0.8333,10936.1
CRUISE,360000,25000,70,15,0.8333,10990.2
CRUISE,360000,25000,70,20,0.8333,11044.3
CRUISE,360000,25000,80,-20,0.8354,10689.7
CRUISE,360000,25000,80,-15,0.8354,10744.3
CRUISE,360000,25000,80,-10,0.8354,10798.8
CRUISE,360000,25000,80,-5,0.8354,10853.3
CRUISE,360000,25000,80,0,0.8354,10907.9
CRUISE,360000,25000,80,5,0.8354,10962.4
CRUISE,360000,25000,80,10,0.8354,11017
CRUISE,360000,25000,80,15,0.8354,11071.5
CRUISE,360000,25000,80,20,0.8354,11126
CRUISE,360000,25000,90,-20,0.8374,10768.6
CRUISE,360000,25000,90,-15,0.8374,10823.6
CRUISE,360000,25000,90,-10,0.8374,10878.5
CRUISE,360000,25000,90,-5,0.8374,10933.4
CRUISE,360000,25000,90,0,0.8374,10988.4
CRUISE,360000,25000,90,5,0.8374,11043.3
CRUISE,360000,25000,90,10,0.8374,11098.3
CRUISE,360000,25000,90,15,0.8374,11153.2
CRUISE,360000,25000,90,20,0.8374,11208.1
CRUISE,360000,25000,100,-20,0.8395,10847.9
CRUISE,360000,25000,100,-15,0.8395,10903.2
CRUISE,360000,25000,100,-10,0.8395,10958.6
CRUISE,360000,25000,100,-5,0.8395,11013.9
CRUISE,360000,25000,100,0,0.8395,11069.3
CRUISE,360000,25000,100,5,0.8395,11124.6
CRUISE,360000,25000,100,10,0.8395,11180
CRUISE,360000,25000,100,15,0.8395,11235.3
CRUISE,360000,25000,100,20,0.8395,11290.7
CRUISE,360000,25000,110,-20,0.8416,10927.5
CRUISE,360000,25000,110,-15,0.8416,10983.3
CRUISE,360000,25000,110,-10,0.8416,11039.1
CRUISE,360000,25000,110,-5,0.8416,11094.8
CRUISE,360000,25000,110,0,0.8416,11150.6
CRUISE,360000,25000,110,5,0.8416,11206.3
CRUISE,360000,25000,110,10,0.8416,11262.1
CRUISE,360000,25000,110,15,0.8416,11317.8
CRUISE,360000,25000,110,20,0.8416,11373.6
CRUISE,360000,25000,120,-20,0.8436,11007.6
CRUISE,360000,25000,120,-15,0.8436,11063.8
CRUISE,360000,25000,120,-10,0.8436,11119.9
CRUISE,360000,25000,120,-5,0.8436,11176.1
CRUISE,360000,25000,120,0,0.8436,11232.2
CRUISE,360000,25000,120,5,0.8436,11288.4
CRUISE,360000,25000,120,10,0.8436,11344.6
CRUISE,360000,25000,120,15,0.8436,11400.7
CRUISE,360000,25000,120,20,0.8436,11456.9
CRUISE,360000,25000,130,-20,0.8457,11088
CRUISE,360000,25000,130,-15,0.8457,11144.6
CRUISE,360000,25000,130,-10,0.8457,11201.2
CRUISE,360000,25000,130,-5,0.8457,11257.8
CRUISE,360000,25000,130,0,0.8457,11314.3
CRUISE,360000,25000,130,5,0.8457,11370.9
CRUISE,360000,25000,130,10,0.8457,11427.5
CRUISE,360000,25000,130,15,0.8457,11484
CRUISE,360000,25000,130,20,0.8457,11540.6
CRUISE,360000,25000,140,-20,0.8477,11168.9
CRUISE,360000,25000,140,-15,0.8477,11225.9
CRUISE,360000,25000,140,-10,0.8477,11282.8
CRUISE,360000,25000,140,-5,0.8477,11339.8
CRUISE,360000,25000,140,0,0.8477,11396.8
CRUISE,360000,25000,140,5,0.8477,11453.8
CRUISE,360000,25000,140,10,0.8477,11510.8
CRUISE,360000,25000,140,15,0.8477,11567.8
CRUISE,360000,25000,140,20,0.8477,11624.8
CRUISE,360000,25000,150,-20,0.8498,11250.1
CRUISE,360000,25000,150,-15,0.8498,11307.5
CRUISE,360000,25000,150,-10,0.8498,11364.9
CRUISE,360000,25000,150,-5,0.8498,11422.3
CRUISE,360000,25000,150,0,0.8498,11479.7
CRUISE,360000,25000,150,5,0.8498,11537.1
CRUISE,360000,25000,150,10,0.8498,11594.5
CRUISE,360000,25000,150,15,0.8498,11651.9
CRUISE,360000,25000,150,20,0.8498,11709.3
CRUISE,360000,25000,160,-20,0.8518,11331.7
CRUISE,360000,25000,160,-15,0.8518,11389.5
CRUISE,360000,25000,160,-10,0.8518,11447.4
CRUISE,360000,25000,160,-5,0.8518,11505.2
CRUISE,360000,25000,160,0,0.8518,11563
CRUISE,360000,25000,160,5,0.8518,11620.8
CRUISE,360000,25000,160,10,0.8518,11678.6
CRUISE,360000,25000,160,15,0.8518,11736.4
CRUISE,360000,25000,160,20,0.8518,11794.2
CRUISE,360000,25000,170,-20,0.8538,11413.7
CRUISE,360000,25000,170,-15,0.8538,11472
CRUISE,360000,25000,170,-10,0.8538,11530.2
CRUISE,360000,25000,170,-5,0.8538,11588.4
CRUISE,360000,25000,170,0,0.8538,11646.7
CRUISE,360000,25000,170,5,0.8538,11704.9
CRUISE,360000,25000,170,10,0.8538,11763.1
CRUISE,360000,25000,170,15,0.8538,11821.4
CRUISE,360000,25000,170,20,0.8538,11879.6
CRUISE,360000,25000,180,-20,0.8559,11496.1
CRUISE,360000,25000,180,-15,0.8559,11554.8
CRUISE,360000,25000,180,-10,0.8559,11613.4
CRUISE,360000,25000,180,-5,0.8559,11672.1
CRUISE,360000,25000,180,0,0.8559,11730.8
CRUISE,360000,25000,180,5,0.8559,11789.4
CRUISE,360000,25000,180,10,0.8559,11848.1
CRUISE,360000,25000,180,15,0.8559,11906.7
CRUISE,360000,25000,180,20,0.8559,11965.4
CRUISE,360000,25000,190,-20,0.8579,11578.9
CRUISE,360000,25000,190,-15,0.8579,11638
CRUISE,360000,25000,190,-10,0.8579,11697.1
CRUISE,360000,25000,190,-5,0.8579,11756.2
CRUISE,360000,25000,190,0,0.8579,11815.2
CRUISE,360000,25000,190,5,0.8579,11874.3
CRUISE,360000,25000,190,10,0.8579,11933.4
CRUISE,360000,25000,190,15,0.8579,11992.5
CRUISE,360000,25000,190,20,0.8579,12051.6
CRUISE,360000,25000,200,-20,0.86,11662.1
CRUISE,360000,25000,200,-15,0.86,11721.6
CRUISE,360000,25000,200,-10,0.86,11781.1
CRUISE,360000,25000,200,-5,0.86,11840.6
CRUISE,360000,25000,200,0,0.86,11900.1
CRUISE,360000,25000,200,5,0.86,11959.6
CRUISE,360000,25000,200,10,0.86,12019.1
CRUISE,360000,25000,200,15,0.86,12078.6
CRUISE,360000,25000,200,20,0.86,12138.1
CRUISE,360000,27000,0,-20,0.84,10213.6
CRUISE,360000,27000,0,-15,0.84,10265.7
CRUISE,360000,27000,0,-10,0.84,10317.8
CRUISE,360000,27000,0,-5,0.84,10369.9
CRUISE,360000,27000,0,0,0.84,10422
CRUISE,360000,27000,0,5,0.84,10474.1
CRUISE,360000,27000,0,10,0.84,10526.2
CRUISE,360000,27000,0,15,0.84,10578.3
CRUISE,360000,27000,0,20,0.84,10630.4
CRUISE,360000,27000,10,-20,0.841,10250.1
CRUISE,360000,27000,10,-15,0.841,10302.4
CRUISE,360000,27000,10,-10,0.841,10354.7
CRUISE,360000,27000,10,-5,0.841,10407
CRUISE,360000,27000,10,0,0.841,10459.3
CRUISE,360000,27000,10,5,0.841,10511.6
CRUISE,360000,27000,10,10,0.841,10563.9
CRUISE,360000,27000,10,15,0.841,10616.2
CRUISE,360000,27000,10,20,0.841,10668.5
CRUISE,360000,27000,20,-20,0.842,10286.7
CRUISE,360000,27000,20,-15,0.842,10339.2
CRUISE,360000,27000,20,-10,0.842,10391.7
CRUISE,360000,27000,20,-5,0.842,10444.1
CRUISE,360000,27000,20,0,0.842,10496.6
CRUISE,360000,27000,20,5,0.842,10549.1
CRUISE,360000,27000,20,10,0.842,10601.6
CRUISE,360000,27000,20,15,0.842,10654.1
CRUISE,360000,27000,20,20,0.842,10706.6
CRUISE,360000,27000,30,-20,0.843,10323.4
CRUISE,360000,27000,30,-15,0.843,10376.1
CRUISE,360000,27000,30,-10,0.843,10428.7
CRUISE,360000,27000,30,-5,0.843,10481.4
CRUISE,360000,27000,30,0,0.843,10534.1
CRUISE,360000,27000,30,5,0.843,10586.7
CRUISE,360000,27000,30,10,0.843,10639.4
CRUISE,360000,27000,30,15,0.843,10692.1
CRUISE,360000,27000,30,20,0.843,10744.7
CRUISE,360000,27000,40,-20,0.844,10360.2
CRUISE,360000,27000,40,-15,0.844,10413
CRUISE,360000,27000,40,-10,0.844,10465.9
CRUISE,360000,27000,40,-5,0.844,10518.7
CRUISE,360000,27000,40,0,0.844,10571.6
CRUISE,360000,27000,40,5,0.844,10624.5
CRUISE,360000,27000,40,10,0.844,10677.3
CRUISE,360000,27000,40,15,0.844,10730.2
CRUISE,360000,27000,40,20,0.844,10783
CRUISE,360000,27000,50,-20,0.845,10397
CRUISE,360000,27000,50,-15,0.845,10450.1
CRUISE,360000,27000,50,-10,0.845,10503.1
CRUISE,360000,27000,50,-5,0.845,10556.2
CRUISE,360000,27000,50,0,0.845,10609.2
CRUISE,360000,27000,50,5,0.845,10662.3
CRUISE,360000,27000,50,10,0.845,10715.3
CRUISE,360000,27000,50,15,0.845,10768.4
CRUISE,360000,27000,50,20,0.845,10821.4
CRUISE,360000,27000,60,-20,0.846,10434
CRUISE,360000,27000,60,-15,0.846,10487.2
CRUISE,360000,27000,60,-10,0.846,10540.5
CRUISE,360000,27000,60,-5,0.846,10593.7
CRUISE,360000,27000,60,0,0.846,10646.9
CRUISE,360000,27000,60,5,0.846,10700.2
CRUISE,360000,27000,60,10,0.846,10753.4
CRUISE,360000,27000,60,15,0.846,10806.6
CRUISE,360000,27000,60,20,0.846,10859.9
CRUISE,360000,27000,70,-20,0.847,10471
CRUISE,360000,27000,70,-15,0.847,10524.5
CRUISE,360000,27000,70,-10,0.847,10577.9
CRUISE,360000,27000,70,-5,0.847,10631.3
CRUISE,360000,27000,70,0,0.847,10684.7
CRUISE,360000,27000,70,5,0.847,10738.2
CRUISE,360000,27000,70,10,0.847,10791.6
CRUISE,360000,27000,70,15,0.847,10845
CRUISE,360000,27000,70,20,0.847,10898.4
CRUISE,360000,27000,80,-20,0.848,10508.2
CRUISE,360000,27000,80,-15,0.848,10561.8
CRUISE,360000,27000,80,-10,0.848,10615.4
CRUISE,360000,27000,80,-5,0.848,10669
CRUISE,360000,27000,80,0,0.848,10722.6
CRUISE,360000,27000,80,5,0.848,10776.2
CRUISE,360000,27000,80,10,0.848,10829.8
CRUISE,360000,27000,80,15,0.848,10883.5
CRUISE,360000,27000,80,20,0.848,10937.1
CRUISE,360000,27000,90,-20,0.849,10545.4
CRUISE,360000,27000,90,-15,0.849,10599.2
CRUISE,360000,27000,90,-10,0.849,10653
CRUISE,360000,27000,90,-5,0.849,10706.8
CRUISE,360000,27000,90,0,0.849,10760.6
CRUISE,360000,27000,90,5,0.849,10814.4
CRUISE,360000,27000,90,10,0.849,10868.2
CRUISE,360000,27000,90,15,0.849,10922
CRUISE,360000,27000,90,20,0.849,10975.8
CRUISE,360000,27000,100,-20,0.85,10582.7
CRUISE,360000,27000,100,-15,0.85,10636.7
CRUISE,360000,27000,100,-10,0.85,10690.7
CRUISE,360000,27000,100,-5,0.85,10744.7
CRUISE,360000,27000,100,0,0.85,10798.7
CRUISE,360000,27000,100,5,0.85,10852.7
CRUISE,360000,27000,100,10,0.85,10906.6
CRUISE,360000,27000,100,15,0.85,10960.6
CRUISE,360000,27000,100,20,0.85,11014.6
CRUISE,360000,27000,110,-20,0.851,10620.1
CRUISE,360000,27000,110,-15,0.851,10674.3
CRUISE,360000,27000,110,-10,0.851,10728.5
CRUISE,360000,27000,110,-5,0.851,10782.6
CRUISE,360000,27000,110,0,0.851,10836.8
CRUISE,360000,27000,110,5,0.851,10891
CRUISE,360000,27000,110,10,0.851,10945.2
CRUISE,360000,27000,110,15,0.851,10999.4
CRUISE,360000,27000,110,20,0.851,11053.6
CRUISE,360000,27000,120,-20,0.852,10657.6
CRUISE,360000,27000,120,-15,0.852,10711.9
CRUISE,360000,27000,120,-10,0.852,10766.3
CRUISE,360000,27000,120,-5,0.852,10820.7
CRUISE,360000,27000,120,0,0.852,10875.1
CRUISE,360000,27000,120,5,0.852,10929.4
CRUISE,360000,27000,120,10,0.852,10983.8
CRUISE,360000,27000,120,15,0.852,11038.2
CRUISE,360000,27000,120,20,0.852,11092.6
CRUISE,360000,27000,130,-20,0.853,10695.1
CRUISE,360000,27000,130,-15,0.853,10749.7
CRUISE,360000,27000,130,-10,0.853,10804.3
CRUISE,360000,27000,130,-5,0.853,10858.8
CRUISE,360000,27000,130,0,0.853,10913.4
CRUISE,360000,27000,130,5,0.853,10968
CRUISE,360000,27000,130,10,0.853,11022.5
CRUISE,360000,27000,130,15,0.853,11077.1
CRUISE,360000,27000,130,20,0.853,11131.7
CRUISE,360000,27000,140,-20,0.854,10732.8
CRUISE,360000,27000,140,-15,0.854,10787.6
CRUISE,360000,27000,140,-10,0.854,10842.3
CRUISE,360000,27000,140,-5,0.854,10897.1
CRUISE,360000,27000,140,0,0.854,10951.8
CRUISE,360000,27000,140,5,0.854,11006.6
CRUISE,360000,27000,140,10,0.854,11061.4
CRUISE,360000,27000,140,15,0.854,11116.1
CRUISE,360000,27000,140,20,0.854,11170.9
CRUISE,360000,27000,150,-20,0.855,10770.5
CRUISE,360000,27000,150,-15,0.855,10825.5
CRUISE,360000,27000,150,-10,0.855,10880.4
CRUISE,360000,27000,150,-5,0.855,10935.4
CRUISE,360000,27000,150,0,0.855,10990.4
CRUISE,360000,27000,150,5,0.855,11045.3
CRUISE,360000,27000,150,10,0.855,11100.3
CRUISE,360000,27000,150,15,0.855,11155.2
CRUISE,360000,27000,150,20,0.855,11210.2
CRUISE,360000,27000,160,-20,0.856,10808.4
CRUISE,360000,27000,160,-15,0.856,10863.5
CRUISE,360000,27000,160,-10,0.856,10918.7
CRUISE,360000,27000,160,-5,0.856,10973.8
CRUISE,360000,27000,160,0,0.856,11029
CRUISE,360000,27000,160,5,0.856,11084.1
CRUISE,360000,27000,160,10,0.856,11139.2
CRUISE,360000,27000,160,15,0.856,11194.4
CRUISE,360000,27000,160,20,0.856,11249.5
CRUISE,360000,27000,170,-20,0.857,10846.3
CRUISE,360000,27000,170,-15,0.857,10901.6
CRUISE,360000,27000,170,-10,0.857,10957
CRUISE,360000,27000,170,-5,0.857,11012.3
CRUISE,360000,27000,170,0,0.857,11067.7
CRUISE,360000,27000,170,5,0.857,11123
CRUISE,360000,27000,170,10,0.857,11178.3
CRUISE,360000,27000,170,15,0.857,11233.7
CRUISE,360000,27000,170,20,0.857,11289
CRUISE,360000,27000,180,-20,0.858,10884.3
CRUISE,360000,27000,180,-15,0.858,10939.8
CRUISE,360000,27000,180,-10,0.858,10995.4
CRUISE,360000,27000,180,-5,0.858,11050.9
CRUISE,360000,27000,180,0,0.858,11106.4
CRUISE,360000,27000,180,5,0.858,11162
CRUISE,360000,27000,180,10,0.858,11217.5
CRUISE,360000,27000,180,15,0.858,11273
CRUISE,360000,27000,180,20,0.858,11328.6
CRUISE,360000,27000,190,-20,0.859,10922.4
CRUISE,360000,27000,190,-15,0.859,10978.1
CRUISE,360000,27000,190,-10,0.859,11033.9
CRUISE,360000,27000,190,-5,0.859,11089.6
CRUISE,360000,27000,190,0,0.859,11145.3
CRUISE,360000,27000,190,5,0.859,11201.1
CRUISE,360000,27000,190,10,0.859,11256.8
CRUISE,360000,27000,190,15,0.859,11312.5
CRUISE,360000,27000,190,20,0.859,11368.2
CRUISE,360000,27000,200,-20,0.86,10960.6
CRUISE,360000,27000,200,-15,0.86,11016.5
CRUISE,360000,27000,200,-10,0.86,11072.5
CRUISE,360000,27000,200,-5,0.86,11128.4
CRUISE,360000,27000,200,0,0.86,11184.3
CRUISE,360000,27000,200,5,0.86,11240.2
CRUISE,360000,27000,200,10,0.86,11296.1
CRUISE,360000,27000,200,15,0.86,11352.1
CRUISE,360000,27000,200,20,0.86,11408
CRUISE,360000,29000,0,-20,0.837,10117.5
CRUISE,360000,29000,0,-15,0.837,10169.1
CRUISE,360000,29000,0,-10,0.837,10220.8
CRUISE,360000,29000,0,-5,0.837,10272.4
CRUISE,360000,29000,0,0,0.837,10324
CRUISE,360000,29000,0,5,0.837,10375.6
CRUISE,360000,29000,0,10,0.837,10427.2
CRUISE,360000,29000,0,15,0.837,10478.9
CRUISE,360000,29000,0,20,0.837,10530.5
CRUISE,360000,29000,10,-20,0.8381,10159.3
CRUISE,360000,29000,10,-15,0.8381,10211.1
CRUISE,360000,29000,10,-10,0.8381,10262.9
CRUISE,360000,29000,10,-5,0.8381,10314.8
CRUISE,360000,29000,10,0,0.8381,10366.6
CRUISE,360000,29000,10,5,0.8381,10418.4
CRUISE,360000,29000,10,10,0.8381,10470.3
CRUISE,360000,29000,10,15,0.8381,10522.1
CRUISE,360000,29000,10,20,0.8381,10573.9
CRUISE,360000,29000,20,-20,0.8393,10201.2
CRUISE,360000,29000,20,-15,0.8393,10253.2
CRUISE,360000,29000,20,-10,0.8393,10305.2
CRUISE,360000,29000,20,-5,0.8393,10357.3
CRUISE,360000,29000,20,0,0.8393,10409.3
CRUISE,360000,29000,20,5,0.8393,10461.4
CRUISE,360000,29000,20,10,0.8393,10513.4
CRUISE,360000,29000,20,15,0.8393,10565.5
CRUISE,360000,29000,20,20,0.8393,10617.5
CRUISE,360000,29000,30,-20,0.8404,10243.1
CRUISE,360000,29000,30,-15,0.8404,10295.4
CRUISE,360000,29000,30,-10,0.8404,10347.7
CRUISE,360000,29000,30,-5,0.8404,10399.9
CRUISE,360000,29000,30,0,0.8404,10452.2
CRUISE,360000,29000,30,5,0.8404,10504.5
CRUISE,360000,29000,30,10,0.8404,10556.7
CRUISE,360000,29000,30,15,0.8404,10609
CRUISE,360000,29000,30,20,0.8404,10661.2
CRUISE,360000,29000,40,-20,0.8416,10285.3
CRUISE,360000,29000,40,-15,0.8416,10337.7
CRUISE,360000,29000,40,-10,0.8416,10390.2
CRUISE,360000,29000,40,-5,0.8416,10442.7
CRUISE,360000,29000,40,0,0.8416,10495.2
CRUISE,360000,29000,40,5,0.8416,10547.6
CRUISE,360000,29000,40,10,0.8416,10600.1
CRUISE,360000,29000,40,15,0.8416,10652.6
CRUISE,360000,29000,40,20,0.8416,10705.1
CRUISE,360000,29000,50,-20,0.8427,10327.5
CRUISE,360000,29000,50,-15,0.8427,10380.2
CRUISE,360000,29000,50,-10,0.8427,10432.9
CRUISE,360000,29000,50,-5,0.8427,10485.5
CRUISE,360000,29000,50,0,0.8427,10538.2
CRUISE,360000,29000,50,5,0.8427,10590.9
CRUISE,360000,29000,50,10,0.8427,10643.6
CRUISE,360000,29000,50,15,0.8427,10696.3
CRUISE,360000,29000,50,20,0.8427,10749
CRUISE,360000,29000,60,-20,0.8439,10369.8
CRUISE,360000,29000,60,-15,0.8439,10422.7
CRUISE,360000,29000,60,-10,0.8439,10475.6
CRUISE,360000,29000,60,-5,0.8439,10528.5
CRUISE,360000,29000,60,0,0.8439,10581.4
CRUISE,360000,29000,60,5,0.8439,10634.3
CRUISE,360000,29000,60,10,0.8439,10687.2
CRUISE,360000,29000,60,15,0.8439,10740.2
CRUISE,360000,29000,60,20,0.8439,10793.1
CRUISE,360000,29000,70,-20,0.845,10412.3
CRUISE,360000,29000,70,-15,0.845,10465.4
CRUISE,360000,29000,70,-10,0.845,10518.5
CRUISE,360000,29000,70,-5,0.845,10571.6
CRUISE,360000,29000,70,0,0.845,10624.8
CRUISE,360000,29000,70,5,0.845,10677.9
CRUISE,360000,29000,70,10,0.845,10731
CRUISE,360000,29000,70,15,0.845,10784.1
CRUISE,360000,29000,70,20,0.845,10837.2
CRUISE,360000,29000,80,-20,0.8462,10454.8
CRUISE,360000,29000,80,-15,0.8462,10508.2
CRUISE,360000,29000,80,-10,0.8462,10561.5
CRUISE,360000,29000,80,-5,0.8462,10614.8
CRUISE,360000,29000,80,0,0.8462,10668.2
CRUISE,360000,29000,80,5,0.8462,10721.5
CRUISE,360000,29000,80,10,0.8462,10774.9
CRUISE,360000,29000,80,15,0.8462,10828.2
CRUISE,360000,29000,80,20,0.8462,10881.6
CRUISE,360000,29000,90,-20,0.8473,10497.5
CRUISE,360000,29000,90,-15,0.8473,10551.1
CRUISE,360000,29000,90,-10,0.8473,10604.6
CRUISE,360000,29000,90,-5,0.8473,10658.2
CRUISE,360000,29000,90,0,0.8473,10711.7
CRUISE,360000,29000,90,5,0.8473,10765.3
CRUISE,360000,29000,90,10,0.8473,10818.9
CRUISE,360000,29000,90,15,0.8473,10872.4
CRUISE,360000,29000,90,20,0.8473,10926
CRUISE,360000,29000,100,-20,0.8485,10540.3
CRUISE,360000,29000,100,-15,0.8485,10594.1
CRUISE,360000,29000,100,-10,0.8485,10647.9
CRUISE,360000,29000,100,-5,0.8485,10701.6
CRUISE,360000,29000,100,0,0.8485,10755.4
CRUISE,360000,29000,100,5,0.8485,10809.2
CRUISE,360000,29000,100,10,0.8485,10863
CRUISE,360000,29000,100,15,0.8485,10916.7
CRUISE,360000,29000,100,20,0.8485,10970.5
CRUISE,360000,29000,110,-20,0.8497,10583.2
CRUISE,360000,29000,110,-15,0.8497,10637.2
CRUISE,360000,29000,110,-10,0.8497,10691.2
CRUISE,360000,29000,110,-5,0.8497,10745.2
CRUISE,360000,29000,110,0,0.8497,10799.2
CRUISE,360000,29000,110,5,0.8497,10853.2
CRUISE,360000,29000,110,10,0.8497,10907.2
CRUISE,360000,29000,110,15,0.8497,10961.2
CRUISE,360000,29000,110,20,0.8497,11015.2
CRUISE,360000,29000,120,-20,0.8508,10626.3
CRUISE,360000,29000,120,-15,0.8508,10680.5
CRUISE,360000,29000,120,-10,0.8508,10734.7
CRUISE,360000,29000,120,-5,0.8508,10788.9
CRUISE,360000,29000,120,0,0.8508,10843.1
CRUISE,360000,29000,120,5,0.8508,10897.3
CRUISE,360000,29000,120,10,0.8508,10951.5
CRUISE,360000,29000,120,15,0.8508,11005.8
CRUISE,360000,29000,120,20,0.8508,11060
CRUISE,360000,29000,130,-20,0.8519,10669.4
CRUISE,360000,29000,130,-15,0.8519,10723.8
CRUISE,360000,29000,130,-10,0.8519,10778.3
CRUISE,360000,29000,130,-5,0.8519,10832.7
CRUISE,360000,29000,130,0,0.8519,10887.1
CRUISE,360000,29000,130,5,0.8519,10941.6
CRUISE,360000,29000,130,10,0.8519,10996
CRUISE,360000,29000,130,15,0.8519,11050.5
CRUISE,360000,29000,130,20,0.8519,11104.9
CRUISE,360000,29000,140,-20,0.8531,10712.7
CRUISE,360000,29000,140,-15,0.8531,10767.3
CRUISE,360000,29000,140,-10,0.8531,10822
CRUISE,360000,29000,140,-5,0.8531,10876.6
CRUISE,360000,29000,140,0,0.8531,10931.3
CRUISE,360000,29000,140,5,0.8531,10985.9
CRUISE,360000,29000,140,10,0.8531,11040.6
CRUISE,360000,29000,140,15,0.8531,11095.3
CRUISE,360000,29000,140,20,0.8531,11149.9
CRUISE,360000,29000,150,-20,0.8542,10756
CRUISE,360000,29000,150,-15,0.8542,10810.9
CRUISE,360000,29000,150,-10,0.8542,10865.8
CRUISE,360000,29000,150,-5,0.8542,10920.7
CRUISE,360000,29000,150,0,0.8542,10975.6
CRUISE,360000,29000,150,5,0.8542,11030.4
CRUISE,360000,29000,150,10,0.8542,11085.3
CRUISE,360000,29000,150,15,0.8542,11140.2
CRUISE,360000,29000,150,20,0.8542,11195.1
CRUISE,360000,29000,160,-20,0.8554,10799.5
CRUISE,360000,29000,160,-15,0.8554,10854.6
CRUISE,360000,29000,160,-10,0.8554,10909.7
CRUISE,360000,29000,160,-5,0.8554,10964.8
CRUISE,360000,29000,160,0,0.8554,11019.9
CRUISE,360000,29000,160,5,0.8554,11075
CRUISE,360000,29000,160,10,0.8554,11130.1
CRUISE,360000,29000,160,15,0.8554,11185.2
CRUISE,360000,29000,160,20,0.8554,11240.3
CRUISE,360000,29000,170,-20,0.8566,10843.2
CRUISE,360000,29000,170,-15,0.8566,10898.5
CRUISE,360000,29000,170,-10,0.8566,10953.8
CRUISE,360000,29000,170,-5,0.8566,11009.1
CRUISE,360000,29000,170,0,0.8566,11064.4
CRUISE,360000,29000,170,5,0.8566,11119.8
CRUISE,360000,29000,170,10,0.8566,11175.1
CRUISE,360000,29000,170,15,0.8566,11230.4
CRUISE,360000,29000,170,20,0.8566,11285.7
CRUISE,360000,29000,180,-20,0.8577,10886.9
CRUISE,360000,29000,180,-15,0.8577,10942.4
CRUISE,360000,29000,180,-10,0.8577,10998
CRUISE,360000,29000,180,-5,0.8577,11053.5
CRUISE,360000,29000,180,0,0.8577,11109.1
CRUISE,360000,29000,180,5,0.8577,11164.6
CRUISE,360000,29000,180,10,0.8577,11220.2
CRUISE,360000,29000,180,15,0.8577,11275.7
CRUISE,360000,29000,180,20,0.8577,11331.3
CRUISE,360000,29000,190,-20,0.8589,10930.7
CRUISE,360000,29000,190,-15,0.8589,10986.5
CRUISE,360000,29000,190,-10,0.8589,11042.3
CRUISE,360000,29000,190,-5,0.8589,11098
CRUISE,360000,29000,190,0,0.8589,11153.8
CRUISE,360000,29000,190,5,0.8589,11209.6
CRUISE,360000,29000,190,10,0.8589,11265.4
CRUISE,360000,29000,190,15,0.8589,11321.1
CRUISE,360000,29000,190,20,0.8589,11376.9
CRUISE,360000,29000,200,-20,0.86,10974.7
CRUISE,360000,29000,200,-15,0.86,11030.7
CRUISE,360000,29000,200,-10,0.86,11086.7
CRUISE,360000,29000,200,-5,0.86,11142.7
CRUISE,360000,29000,200,0,0.86,11198.7
CRUISE,360000,29000,200,5,0.86,11254.7
CRUISE,360000,29000,200,10,0.86,11310.7
CRUISE,360000,29000,200,15,0.86,11366.7
CRUISE,360000,29000,200,20,0.86,11422.7
CRUISE,360000,31000,0,-20,0.83,10393.9
CRUISE,360000,31000,0,-15,0.83,10446.9
CRUISE,360000,31000,0,-10,0.83,10499.9
CRUISE,360000,31000,0,-5,0.83,10553
CRUISE,360000,31000,0,0,0.83,10606
CRUISE,360000,31000,0,5,0.83,10659
CRUISE,360000,31000,0,10,0.83,10712.1
CRUISE,360000,31000,0,15,0.83,10765.1
CRUISE,360000,31000,0,20,0.83,10818.1
CRUISE,360000,31000,10,-20,0.8315,10450.3
CRUISE,360000,31000,10,-15,0.8315,10503.7
CRUISE,360000,31000,10,-10,0.8315,10557
CRUISE,360000,31000,10,-5,0.8315,10610.3
CRUISE,360000,31000,10,0,0.8315,10663.6
CRUISE,360000,31000,10,5,0.8315,10716.9
CRUISE,360000,31000,10,10,0.8315,10770.2
CRUISE,360000,31000,10,15,0.8315,10823.6
CRUISE,360000,31000,10,20,0.8315,10876.9
CRUISE,360000,31000,20,-20,0.833,10507
CRUISE,360000,31000,20,-15,0.833,10560.6
CRUISE,360000,31000,20,-10,0.833,10614.2
CRUISE,360000,31000,20,-5,0.833,10667.8
CRUISE,360000,31000,20,0,0.833,10721.4
CRUISE,360000,31000,20,5,0.833,10775
CRUISE,360000,31000,20,10,0.833,10828.6
CRUISE,360000,31000,20,15,0.833,10882.2
CRUISE,360000,31000,20,20,0.833,10935.8
CRUISE,360000,31000,30,-20,0.8345,10563.9
CRUISE,360000,31000,30,-15,0.8345,10617.8
CRUISE,360000,31000,30,-10,0.8345,10671.6
CRUISE,360000,31000,30,-5,0.8345,10725.5
CRUISE,360000,31000,30,0,0.8345,10779.4
CRUISE,360000,31000,30,5,0.8345,10833.3
CRUISE,360000,31000,30,10,0.8345,10887.2
CRUISE,360000,31000,30,15,0.8345,10941.1
CRUISE,360000,31000,30,20,0.8345,10995
CRUISE,360000,31000,40,-20,0.836,10620.9
CRUISE,360000,31000,40,-15,0.836,10675.1
CRUISE,360000,31000,40,-10,0.836,10729.3
CRUISE,360000,31000,40,-5,0.836,10783.5
CRUISE,360000,31000,40,0,0.836,10837.7
CRUISE,360000,31000,40,5,0.836,10891.9
CRUISE,360000,31000,40,10,0.836,10946.1
CRUISE,360000,31000,40,15,0.836,11000.2
CRUISE,360000,31000,40,20,0.836,11054.4
CRUISE,360000,31000,50,-20,0.8375,10678.2
CRUISE,360000,31000,50,-15,0.8375,10732.7
CRUISE,360000,31000,50,-10,0.8375,10787.2
CRUISE,360000,31000,50,-5,0.8375,10841.6
CRUISE,360000,31000,50,0,0.8375,10896.1
CRUISE,360000,31000,50,5,0.8375,10950.6
CRUISE,360000,31000,50,10,0.8375,11005.1
CRUISE,360000,31000,50,15,0.8375,11059.6
CRUISE,360000,31000,50,20,0.8375,11114
CRUISE,360000,31000,60,-20,0.839,10735.7
CRUISE,360000,31000,60,-15,0.839,10790.4
CRUISE,360000,31000,60,-10,0.839,10845.2
CRUISE,360000,31000,60,-5,0.839,10900
CRUISE,360000,31000,60,0,0.839,10954.8
CRUISE,360000,31000,60,5,0.839,11009.5
CRUISE,360000,31000,60,10,0.839,11064.3
CRUISE,360000,31000,60,15,0.839,11119.1
CRUISE,360000,31000,60,20,0.839,11173.9
CRUISE,360000,31000,70,-20,0.8405,10793.4
CRUISE,360000,31000,70,-15,0.8405,10848.4
CRUISE,360000,31000,70,-10,0.8405,10903.5
CRUISE,360000,31000,70,-5,0.8405,10958.6
CRUISE,360000,31000,70,0,0.8405,11013.6
CRUISE,360000,31000,70,5,0.8405,11068.7
CRUISE,360000,31000,70,10,0.8405,11123.8
CRUISE,360000,31000,70,15,0.8405,11178.8
CRUISE,360000,31000,70,20,0.8405,11233.9
CRUISE,360000,31000,80,-20,0.842,10851.2
CRUISE,360000,31000,80,-15,0.842,10906.6
CRUISE,360000,31000,80,-10,0.842,10962
CRUISE,360000,31000,80,-5,0.842,11017.3
CRUISE,360000,31000,80,0,0.842,11072.7
CRUISE,360000,31000,80,5,0.842,11128.1
CRUISE,360000,31000,80,10,0.842,11183.4
CRUISE,360000,31000,80,15,0.842,11238.8
CRUISE,360000,31000,80,20,0.842,11294.2
CRUISE,360000,31000,90,-20,0.8435,10909.3
CRUISE,360000,31000,90,-15,0.8435,10965
CRUISE,360000,31000,90,-10,0.8435,11020.7
CRUISE,360000,31000,90,-5,0.8435,11076.3
CRUISE,360000,31000,90,0,0.8435,11132
CRUISE,360000,31000,90,5,0.8435,11187.6
CRUISE,360000,31000,90,10,0.8435,11243.3
CRUISE,360000,31000,90,15,0.8435,11299
CRUISE,360000,31000,90,20,0.8435,11354.6
CRUISE,360000,31000,100,-20,0.845,10967.6
CRUISE,360000,31000,100,-15,0.845,11023.6
CRUISE,360000,31000,100,-10,0.845,11079.6
CRUISE,360000,31000,100,-5,0.845,11135.5
CRUISE,360000,31000,100,0,0.845,11191.5
CRUISE,360000,31000,100,5,0.845,11247.4
CRUISE,360000,31000,100,10,0.845,11303.4
CRUISE,360000,31000,100,15,0.845,11359.4
CRUISE,360000,31000,100,20,0.845,11415.3
CRUISE,360000,31000,110,-20,0.8465,11026.2
CRUISE,360000,31000,110,-15,0.8465,11082.4
CRUISE,360000,31000,110,-10,0.8465,11138.7
CRUISE,360000,31000,110,-5,0.8465,11194.9
CRUISE,360000,31000,110,0,0.8465,11251.2
CRUISE,360000,31000,110,5,0.8465,11307.4
CRUISE,360000,31000,110,10,0.8465,11363.7
CRUISE,360000,31000,110,15,0.8465,11420
CRUISE,360000,31000,110,20,0.8465,11476.2
CRUISE,360000,31000,120,-20,0.848,11084.9
CRUISE,360000,31000,120,-15,0.848,11141.4
CRUISE,360000,31000,120,-10,0.848,11198
CRUISE,360000,31000,120,-5,0.848,11254.5
CRUISE,360000,31000,120,0,0.848,11311.1
CRUISE,360000,31000,120,5,0.848,11367.7
CRUISE,360000,31000,120,10,0.848,11424.2
CRUISE,360000,31000,120,15,0.848,11480.8
CRUISE,360000,31000,120,20,0.848,11537.3
CRUISE,360000,31000,130,-20,0.8495,11143.8
CRUISE,360000,31000,130,-15,0.8495,11200.7
CRUISE,360000,31000,130,-10,0.8495,11257.5
CRUISE,360000,31000,130,-5,0.8495,11314.4
CRUISE,360000,31000,130,0,0.8495,11371.2
CRUISE,360000,31000,130,5,0.8495,11428.1
CRUISE,360000,31000,130,10,0.8495,11484.9
CRUISE,360000,31000,130,15,0.8495,11541.8
CRUISE,360000,31000,130,20,0.8495,11598.7
CRUISE,360000,31000,140,-20,0.851,11202.9
CRUISE,360000,31000,140,-15,0.851,11260.1
CRUISE,360000,31000,140,-10,0.851,11317.3
CRUISE,360000,31000,140,-5,0.851,11374.4
CRUISE,360000,31000,140,0,0.851,11431.6
CRUISE,360000,31000,140,5,0.851,11488.7
CRUISE,360000,31000,140,10,0.851,11545.9
CRUISE,360000,31000,140,15,0.851,11603
CRUISE,360000,31000,140,20,0.851,11660.2
CRUISE,360000,31000,150,-20,0.8525,11262.3
CRUISE,360000,31000,150,-15,0.8525,11319.7
CRUISE,360000,31000,150,-10,0.8525,11377.2
CRUISE,360000,31000,150,-5,0.8525,11434.7
CRUISE,360000,31000,150,0,0.8525,11492.1
CRUISE,360000,31000,150,5,0.8525,11549.6
CRUISE,360000,31000,150,10,0.8525,11607.1
CRUISE,360000,31000,150,15,0.8525,11664.5
CRUISE,360000,31000,150,20,0.8525,11722
CRUISE,360000,31000,160,-20,0.854,11321.8
CRUISE,360000,31000,160,-15,0.854,11379.6
CRUISE,360000,31000,160,-10,0.854,11437.4
CRUISE,360000,31000,160,-5,0.854,11495.1
CRUISE,360000,31000,160,0,0.854,11552.9
CRUISE,360000,31000,160,5,0.854,11610.7
CRUISE,360000,31000,160,10,0.854,11668.4
CRUISE,360000,31000,160,15,0.854,11726.2
CRUISE,360000,31000,160,20,0.854,11784
CRUISE,360000,31000,170,-20,0.8555,11381.6
CRUISE,360000,31000,170,-15,0.8555,11439.7
CRUISE,360000,31000,170,-10,0.8555,11497.7
CRUISE,360000,31000,170,-5,0.8555,11555.8
CRUISE,360000,31000,170,0,0.8555,11613.9
CRUISE,360000,31000,170,5,0.8555,11672
CRUISE,360000,31000,170,10,0.8555,11730
CRUISE,360000,31000,170,15,0.8555,11788.1
CRUISE,360000,31000,170,20,0.8555,11846.2
CRUISE,360000,31000,180,-20,0.857,11441.6
CRUISE,360000,31000,180,-15,0.857,11500
CRUISE,360000,31000,180,-10,0.857,11558.3
CRUISE,360000,31000,180,-5,0.857,11616.7
CRUISE,360000,31000,180,0,0.857,11675.1
CRUISE,360000,31000,180,5,0.857,11733.5
CRUISE,360000,31000,180,10,0.857,11791.8
CRUISE,360000,31000,180,15,0.857,11850.2
CRUISE,360000,31000,180,20,0.857,11908.6
CRUISE,360000,31000,190,-20,0.8585,11501.8
CRUISE,360000,31000,190,-15,0.8585,11560.4
CRUISE,360000,31000,190,-10,0.8585,11619.1
CRUISE,360000,31000,190,-5,0.8585,11677.8
CRUISE,360000,31000,190,0,0.8585,11736.5
CRUISE,360000,31000,190,5,0.8585,11795.2
CRUISE,360000,31000,190,10,0.8585,11853.9
CRUISE,360000,31000,190,15,0.8585,11912.5
CRUISE,360000,31000,190,20,0.8585,11971.2
CRUISE,360000,31000,200,-20,0.86,11562.2
CRUISE,360000,31000,200,-15,0.86,11621.1
CRUISE,360000,31000,200,-10,0.86,11680.1
CRUISE,360000,31000,200,-5,0.86,11739.1
CRUISE,360000,31000,200,0,0.86,11798.1
CRUISE,360000,31000,200,5,0.86,11857.1
CRUISE,360000,31000,200,10,0.86,11916.1
CRUISE,360000,31000,200,15,0.86,11975.1
CRUISE,360000,31000,200,20,0.86,12034.1
